nypd_pct_cd,call_type,.model,sigma2,log_lik,AIC,AICc,BIC,MSE,AMSE,MAE,lb_stat,lb_pvalue,ar_roots_str,ma_roots_str
60,CIP,arima_weather,22.486759967085394,-3772.2867700185,7572.573540037,7572.908201391582,7644.6283505493375,NA,NA,NA,3.7014674479755634,0.8830040474124107,0.66003385393973+0.827656274355079i|-0.953776553182638+0.459314580026488i|-0.23556335514006-1.03207049300957i|0.66003385393973-0.827656274355079i|-0.23556335514006+1.03207049300957i|-0.953776553182638-0.459314580026488i|1.05861210876594-7.91421793195707e-17i|11.3526149458934-3.82243213341637e-17i,0.67140099337773+0.841910216363013i|-0.97020254558895+0.467224921058092i|-0.239620240235237-1.04984486796604i|0.671400993377736-0.841910216363011i|-0.239620240235239+1.04984486796603i|-0.970202545588948-0.467224921058095i|1.07684358489291+3.72828069084199e-15i
60,Non CIP,arima_weather,854.3668949076102,-6077.547753954401,12185.095507908802,12185.478588515345,12262.285274924518,NA,NA,NA,24.425477673269818,0.0019438912696461141,2.06748174925348+0i|-7.00062705177461+0i,0.983495291609917+0.723399650069724i|-0.924110801346215+0.797865445532724i|-0.572227294420561-1.07848317829255i|1.03777676322305+8.00403021178299e-15i|0.486414219684863+1.1198085770471i|-1.19996998451773+0.225037949236103i|0.0476226636639973-1.21995988632636i|1.17877590532572-0.317895277353079i|0.0476226636639959+1.21995988632636i|-1.19996998451773-0.225037949236106i|0.486414219684858-1.11980857704709i|1.17877590532572+0.317895277353061i|-0.572227294420564+1.07848317829255i|-0.924110801346212-0.797865445532721i|0.9834952916099-0.72339965006973i
60,<aggregated>,arima_weather,883.8671324379363,-6099.325109170386,12228.650218340772,12229.033298947315,12305.839985356488,NA,NA,NA,27.105096638971514,6.780406775580561e-4,0.649880248389548+0.814924055710852i|-0.939104168052333+0.45224873175037i|-0.231939575274986-1.01619367605016i|0.649880248389531-0.814924055710851i|-0.231939575274979+1.01619367605016i|-0.939104168052335-0.452248731750362i|1.04232698987554-2.29600720148802e-14i|1.47744428389661+6.46114389298602e-15i,0.669075274673518+0.838993857351371i|-0.966841784688376+0.465606463908495i|-0.238790200839824-1.0462082277614i|1.01576226876848+8.2867970205099e-15i|-0.238790200839824+1.0462082277614i|-0.966841784688376-0.465606463908496i|0.669075274673519-0.838993857351372i|1.07311342170937-6.58742105442946e-15i|2.87020980842369-1.75674485109316e-16i
60,CIP,base_arima,24.233745624843205,-3823.6881712669488,7661.3763425338975,7661.465090552915,7697.403747790066,NA,NA,NA,3.135749581656516,0.9255517321595679,0.640221125041708+0.802811898136097i|-0.925146330407395+0.445526991407125i|-0.228492274064687-1.00109006259742i|1.02683495886071+2.93020649750309e-15i|-0.228492274064687+1.00109006259742i|-0.925146330407394-0.445526991407135i|0.640221125041725-0.80281189813608i|1.01733412178708-1.04329404288237e-14i|12.7996411465936-4.42733383729799e-16i,0.647200789001435+0.811564119911807i|-0.93523223705316+0.450384108055388i|-0.23098328729119-1.01200390463894i|1.03802947068584+2.97768436779592e-15i|-0.23098328729119+1.01200390463894i|-0.93523223705316-0.450384108055388i|0.647200789001435-0.811564119911807i|1.06763606288678-2.92452172573342e-15i
60,Non CIP,base_arima,958.3539260576373,-6154.666884665101,12323.333769330202,12323.422587728299,12359.355660604202,NA,NA,NA,45.20112043996618,3.370665848656529e-7,-1.15648171718491+0i|2.55526089305125+0i,0.933879377990634+0.679962288750831i|-0.87072192592724+0.759159228666161i|-0.546371665643494-1.01781992991953i|1.11388019257976-0.306186745856072i|0.455106503141204+1.06177091576198i|-1.13642082624778-0.207429777104819i|0.0506483441069207-1.15408585122541i|1.02986405597345-6.04834866239424e-15i|0.0506483441069253+1.15408585122541i|-1.13642082624779+0.207429777104841i|0.4551065031412-1.06177091576198i|1.11388019257975+0.306186745856083i|-0.546371665643495+1.01781992991954i|-1.19950408420916-1.89908985155172e-14i|0.933879377990634-0.679962288750841i|-0.870721925927239-0.759159228666166i
60,<aggregated>,base_arima,1014.8112131257236,-6190.966935734601,12395.933871469202,12396.022689867299,12431.955762743202,NA,NA,NA,49.90714254693983,4.258152708214169e-8,,0.927160538014164+0.680303799347464i|-0.869559791593536+0.752532850778698i|-0.54017002410166-1.01521242492363i|1.10995806811015-0.300720816862576i|0.456934533900835+1.05529652438835i|-1.13051553649518+0.210652662931967i|0.0461922121652268-1.14904577898036i|1.03470263840717-1.15820354273998e-16i|0.0461922121652271+1.14904577898036i|-1.13051553649518-0.210652662931967i|0.456934533900833-1.05529652438838i|1.10995806811015+0.300720816862585i|-0.540170024101665+1.01521242492364i|-0.869559791593547-0.752532850778698i|0.927160538014184-0.680303799347449i|0.120309593823379+2.49322306667131i|-2.60028143713328+5.84282532922628e-16i|0.120309593823378-2.4932230666713i
60,CIP,base_ets,24.625907037411338,-6571.611923668535,13149.22384733707,13149.242804683043,13164.664163875428,24.58712608144691,24.799738458020958,3.9386156587798538,16.77918728485103,0.03249230002786352,,
60,Non CIP,base_ets,942.2775879821872,-8882.354756539216,17784.709513078433,17784.88425493705,17836.177234872957,935.6000302720774,1030.852518354469,24.04360002099718,97.48400778102176,0,,
60,<aggregated>,base_ets,988.39476239976,-8912.696494482389,17845.392988964777,17845.567730823394,17896.860710759305,981.3903900677932,1076.0274937474421,24.70658040725065,89.1276613508175,6.661338147750939e-16,,
60,CIP,mint_arima,24.233745624843205,-3823.6881712669488,7661.3763425338975,7661.465090552915,7697.403747790066,NA,NA,NA,3.135749581656516,0.9255517321595679,0.640221125041708+0.802811898136097i|-0.925146330407395+0.445526991407125i|-0.228492274064687-1.00109006259742i|1.02683495886071+2.93020649750309e-15i|-0.228492274064687+1.00109006259742i|-0.925146330407394-0.445526991407135i|0.640221125041725-0.80281189813608i|1.01733412178708-1.04329404288237e-14i|12.7996411465936-4.42733383729799e-16i,0.647200789001435+0.811564119911807i|-0.93523223705316+0.450384108055388i|-0.23098328729119-1.01200390463894i|1.03802947068584+2.97768436779592e-15i|-0.23098328729119+1.01200390463894i|-0.93523223705316-0.450384108055388i|0.647200789001435-0.811564119911807i|1.06763606288678-2.92452172573342e-15i
60,Non CIP,mint_arima,958.3539260576373,-6154.666884665101,12323.333769330202,12323.422587728299,12359.355660604202,NA,NA,NA,45.20112043996618,3.370665848656529e-7,-1.15648171718491+0i|2.55526089305125+0i,0.933879377990634+0.679962288750831i|-0.87072192592724+0.759159228666161i|-0.546371665643494-1.01781992991953i|1.11388019257976-0.306186745856072i|0.455106503141204+1.06177091576198i|-1.13642082624778-0.207429777104819i|0.0506483441069207-1.15408585122541i|1.02986405597345-6.04834866239424e-15i|0.0506483441069253+1.15408585122541i|-1.13642082624779+0.207429777104841i|0.4551065031412-1.06177091576198i|1.11388019257975+0.306186745856083i|-0.546371665643495+1.01781992991954i|-1.19950408420916-1.89908985155172e-14i|0.933879377990634-0.679962288750841i|-0.870721925927239-0.759159228666166i
60,<aggregated>,mint_arima,1014.8112131257236,-6190.966935734601,12395.933871469202,12396.022689867299,12431.955762743202,NA,NA,NA,49.90714254693983,4.258152708214169e-8,,0.927160538014164+0.680303799347464i|-0.869559791593536+0.752532850778698i|-0.54017002410166-1.01521242492363i|1.10995806811015-0.300720816862576i|0.456934533900835+1.05529652438835i|-1.13051553649518+0.210652662931967i|0.0461922121652268-1.14904577898036i|1.03470263840717-1.15820354273998e-16i|0.0461922121652271+1.14904577898036i|-1.13051553649518-0.210652662931967i|0.456934533900833-1.05529652438838i|1.10995806811015+0.300720816862585i|-0.540170024101665+1.01521242492364i|-0.869559791593547-0.752532850778698i|0.927160538014184-0.680303799347449i|0.120309593823379+2.49322306667131i|-2.60028143713328+5.84282532922628e-16i|0.120309593823378-2.4932230666713i
60,CIP,mint_ets,24.625907037411338,-6571.611923668535,13149.22384733707,13149.242804683043,13164.664163875428,24.58712608144691,24.799738458020958,3.9386156587798538,16.77918728485103,0.03249230002786352,,
60,Non CIP,mint_ets,942.2775879821872,-8882.354756539216,17784.709513078433,17784.88425493705,17836.177234872957,935.6000302720774,1030.852518354469,24.04360002099718,97.48400778102176,0,,
60,<aggregated>,mint_ets,988.39476239976,-8912.696494482389,17845.392988964777,17845.567730823394,17896.860710759305,981.3903900677932,1076.0274937474421,24.70658040725065,89.1276613508175,6.661338147750939e-16,,
60,CIP,mint_weather,22.486759967085394,-3772.2867700185,7572.573540037,7572.908201391582,7644.6283505493375,NA,NA,NA,3.7014674479755634,0.8830040474124107,0.66003385393973+0.827656274355079i|-0.953776553182638+0.459314580026488i|-0.23556335514006-1.03207049300957i|0.66003385393973-0.827656274355079i|-0.23556335514006+1.03207049300957i|-0.953776553182638-0.459314580026488i|1.05861210876594-7.91421793195707e-17i|11.3526149458934-3.82243213341637e-17i,0.67140099337773+0.841910216363013i|-0.97020254558895+0.467224921058092i|-0.239620240235237-1.04984486796604i|0.671400993377736-0.841910216363011i|-0.239620240235239+1.04984486796603i|-0.970202545588948-0.467224921058095i|1.07684358489291+3.72828069084199e-15i
60,Non CIP,mint_weather,854.3668949076102,-6077.547753954401,12185.095507908802,12185.478588515345,12262.285274924518,NA,NA,NA,24.425477673269818,0.0019438912696461141,2.06748174925348+0i|-7.00062705177461+0i,0.983495291609917+0.723399650069724i|-0.924110801346215+0.797865445532724i|-0.572227294420561-1.07848317829255i|1.03777676322305+8.00403021178299e-15i|0.486414219684863+1.1198085770471i|-1.19996998451773+0.225037949236103i|0.0476226636639973-1.21995988632636i|1.17877590532572-0.317895277353079i|0.0476226636639959+1.21995988632636i|-1.19996998451773-0.225037949236106i|0.486414219684858-1.11980857704709i|1.17877590532572+0.317895277353061i|-0.572227294420564+1.07848317829255i|-0.924110801346212-0.797865445532721i|0.9834952916099-0.72339965006973i
60,<aggregated>,mint_weather,883.8671324379363,-6099.325109170386,12228.650218340772,12229.033298947315,12305.839985356488,NA,NA,NA,27.105096638971514,6.780406775580561e-4,0.649880248389548+0.814924055710852i|-0.939104168052333+0.45224873175037i|-0.231939575274986-1.01619367605016i|0.649880248389531-0.814924055710851i|-0.231939575274979+1.01619367605016i|-0.939104168052335-0.452248731750362i|1.04232698987554-2.29600720148802e-14i|1.47744428389661+6.46114389298602e-15i,0.669075274673518+0.838993857351371i|-0.966841784688376+0.465606463908495i|-0.238790200839824-1.0462082277614i|1.01576226876848+8.2867970205099e-15i|-0.238790200839824+1.0462082277614i|-0.966841784688376-0.465606463908496i|0.669075274673519-0.838993857351372i|1.07311342170937-6.58742105442946e-15i|2.87020980842369-1.75674485109316e-16i
61,CIP,arima_weather,16.52847555752969,-3573.012537014552,7180.025074029104,7180.513891920477,7267.520201079798,NA,NA,NA,13.180651016512531,0.10578329017538157,0.747396339338892+0.937205366045266i|-0.665751895612717+0.834826471822107i|-0.665751895612717-0.834826471822107i|0.962039362802573-0.463293739419487i|0.237604100585584+1.04101158300558i|-1.0677831355509-3.00179045192103e-14i|0.23760410058565-1.04101158300557i|1.08115453358607+1.38582292207883e-13i|-0.266742665187818+1.16867597595301i|-1.08001900226934+0.520109739322747i|-0.26674266518781-1.16867597595303i|0.962039362802591+0.463293739419467i|1.19873065623665-1.05884244994291e-13i|-1.08001900226932-0.520109739322749i|0.747396339338883-0.937205366045232i,0.710731540317785+0.891229162284424i|-0.659967250369312+0.827572756119429i|-0.659967250369312-0.827572756119429i|0.95368030823483-0.459268230902431i|0.235539584600991+1.03196634747318i|-1.05850528493302-4.63450252207038e-16i|0.235539584600993-1.03196634747318i|1.17410317861706+2.75631626981232e-14i|-0.253657149920083+1.11134458760688i|-1.02703683260523+0.494594871163156i|-0.253657149920083-1.11134458760688i|0.953680308234834+0.459268230902436i|1.13992488441505-3.38469421432687e-14i|-1.02703683260523-0.494594871163156i|0.710731540317786-0.891229162284422i
61,Non CIP,arima_weather,719.740976563422,-5967.879343279295,11967.75868655859,11968.193191350923,12050.09443804202,NA,NA,NA,23.840062518912283,0.002437624934764293,0.826527803178699+1.03643308316157i|-1.19436728058706+0.575176967864918i|-0.294984357652527-1.2924109153205i|0.826527803178694-1.03643308316161i|-0.294984357652492+1.29241091532049i|-1.19436728058708-0.575176967864885i|-0.978587038601545-1.22710933335712i|1.32564767012158-2.67113253474425e-13i|0.349253670449788+1.53018031022771i|-1.56953174804816+1.93645083541706e-14i|0.349253670449769-1.53018031022767i|1.41409924217601+0.680994303506899i|-0.978587038601528+1.22710933335715i|1.41409924217586-0.680994303506714i|2.36071360751508-1.61735345672341i|2.36071360751508+1.61735345672341i|-4.29158638340526+0i,1.12489003468712+0i
61,<aggregated>,arima_weather,727.6262434414284,-5976.309924664809,11978.619849329618,11978.909889170256,12045.517647409904,NA,NA,NA,25.71217165014469,0.0011762465637185082,2.89000977797881+0i,1.24477505581939+0.599452073007342i|-0.861411065976568-1.08017531115837i|1.1195853896382-2.49019963934566e-16i|0.307434050003661+1.34695658145365i|-1.38159607969296-3.99437126881723e-16i|0.307434050003662-1.34695658145365i|1.24477505581939-0.599452073007342i|-0.861411065976569+1.08017531115837i
61,CIP,base_arima,17.2532099548656,-3607.7701720234486,7229.540344046897,7229.629092065915,7265.567749303065,NA,NA,NA,6.3097585077578024,0.6125774924583183,1.00321890589725+0.769205821538915i|-0.973157433533927+0.80690171557427i|-0.570123103904255-1.12831086825999i|1.01937493822622+6.87981534106971e-17i|0.52668301772815+1.14923051120122i|-1.23761489990485+0.257750128171741i|0.024107429082004-1.26394010969749i|1.22688608463562-0.304756139177721i|0.0241074290820046+1.26394010969749i|-1.23761489990485-0.25775012817174i|0.52668301772815-1.14923051120122i|1.22688608463562+0.304756139177724i|-0.570123103904256+1.12831086825999i|-0.973157433533927-0.806901715574271i|1.00321890589726-0.769205821538916i,1.08801927271828+0i|-12.4752825325526+0i
61,Non CIP,base_arima,795.115618071894,-6036.2635301865175,12084.527060373035,12084.593621387297,12115.402967179321,NA,NA,NA,43.28864933929696,7.750397130745768e-7,,0.967224820271311+0.700768825358208i|-0.898426858181087+0.787038741131371i|-0.567387253123526-1.05103401683092i|0.967224820271311-0.700768825358208i|0.467971317476084+1.09891020814373i|-1.1754916495304+0.211707773657666i|0.0551716819466222-1.19312903118396i|1.09518741381718-2.03307021499755e-15i|0.0551716819466237+1.19312903118396i|-1.1754916495304-0.211707773657665i|0.467971317476084-1.09891020814373i|1.150937941141+0.319284599041224i|-0.567387253123524+1.05103401683092i|-0.898426858181087-0.78703874113137i|1.150937941141-0.319284599041224i|-1.40939308127899+2.34391641492646i|-1.40939308127899-2.34391641492646i
61,<aggregated>,base_arima,811.1847876922845,-6048.974620716248,12109.949241432496,12110.015802446758,12140.825148238782,NA,NA,NA,42.63188890967242,1.0303471393857677e-6,,0.960785162226346+0.695837370738253i|-0.892186086701911+0.781857890646224i|-0.563724999674869-1.04379686683368i|0.960785162226346-0.695837370738253i|0.464596463441958+1.09153465388299i|-1.16755004014216+0.210058749482803i|0.0550121873043714-1.18501959212421i|1.09446065023036-1.5145975330262e-15i|0.0550121873043724+1.18501959212421i|-1.16755004014216-0.210058749482802i|0.464596463441958-1.09153465388299i|1.14306731354626+0.317324583309214i|-0.563724999674868+1.04379686683368i|-0.892186086701911-0.781857890646223i|1.14306731354626-0.317324583309213i|-1.35344739286059+2.3364534933521i|-1.35344739286059-2.3364534933521i
61,CIP,base_ets,17.32101200569013,-6344.653723724057,12709.307447448115,12709.482189306733,12760.775169242641,17.198264676515976,17.440340084902047,3.3089564785383256,28.724035170219143,3.544631952777655e-4,,
61,Non CIP,base_ets,0.015813658283127342,-8729.154549105957,17478.309098211914,17478.48384007053,17529.77682000644,781.0522651712937,893.291643757243,0.09704046445576893,111.53384715354102,0,,
61,<aggregated>,base_ets,0.014050945387691362,-8739.896650211193,17499.793300422385,17499.968042281,17551.26102221691,790.3834375689772,904.8818718994477,0.0917389759721352,106.082737981107,0,,
61,CIP,mint_arima,17.2532099548656,-3607.7701720234486,7229.540344046897,7229.629092065915,7265.567749303065,NA,NA,NA,6.3097585077578024,0.6125774924583183,1.00321890589725+0.769205821538915i|-0.973157433533927+0.80690171557427i|-0.570123103904255-1.12831086825999i|1.01937493822622+6.87981534106971e-17i|0.52668301772815+1.14923051120122i|-1.23761489990485+0.257750128171741i|0.024107429082004-1.26394010969749i|1.22688608463562-0.304756139177721i|0.0241074290820046+1.26394010969749i|-1.23761489990485-0.25775012817174i|0.52668301772815-1.14923051120122i|1.22688608463562+0.304756139177724i|-0.570123103904256+1.12831086825999i|-0.973157433533927-0.806901715574271i|1.00321890589726-0.769205821538916i,1.08801927271828+0i|-12.4752825325526+0i
61,Non CIP,mint_arima,795.115618071894,-6036.2635301865175,12084.527060373035,12084.593621387297,12115.402967179321,NA,NA,NA,43.28864933929696,7.750397130745768e-7,,0.967224820271311+0.700768825358208i|-0.898426858181087+0.787038741131371i|-0.567387253123526-1.05103401683092i|0.967224820271311-0.700768825358208i|0.467971317476084+1.09891020814373i|-1.1754916495304+0.211707773657666i|0.0551716819466222-1.19312903118396i|1.09518741381718-2.03307021499755e-15i|0.0551716819466237+1.19312903118396i|-1.1754916495304-0.211707773657665i|0.467971317476084-1.09891020814373i|1.150937941141+0.319284599041224i|-0.567387253123524+1.05103401683092i|-0.898426858181087-0.78703874113137i|1.150937941141-0.319284599041224i|-1.40939308127899+2.34391641492646i|-1.40939308127899-2.34391641492646i
61,<aggregated>,mint_arima,811.1847876922845,-6048.974620716248,12109.949241432496,12110.015802446758,12140.825148238782,NA,NA,NA,42.63188890967242,1.0303471393857677e-6,,0.960785162226346+0.695837370738253i|-0.892186086701911+0.781857890646224i|-0.563724999674869-1.04379686683368i|0.960785162226346-0.695837370738253i|0.464596463441958+1.09153465388299i|-1.16755004014216+0.210058749482803i|0.0550121873043714-1.18501959212421i|1.09446065023036-1.5145975330262e-15i|0.0550121873043724+1.18501959212421i|-1.16755004014216-0.210058749482802i|0.464596463441958-1.09153465388299i|1.14306731354626+0.317324583309214i|-0.563724999674868+1.04379686683368i|-0.892186086701911-0.781857890646223i|1.14306731354626-0.317324583309213i|-1.35344739286059+2.3364534933521i|-1.35344739286059-2.3364534933521i
61,CIP,mint_ets,17.32101200569013,-6344.653723724057,12709.307447448115,12709.482189306733,12760.775169242641,17.198264676515976,17.440340084902047,3.3089564785383256,28.724035170219143,3.544631952777655e-4,,
61,Non CIP,mint_ets,0.015813658283127342,-8729.154549105957,17478.309098211914,17478.48384007053,17529.77682000644,781.0522651712937,893.291643757243,0.09704046445576893,111.53384715354102,0,,
61,<aggregated>,mint_ets,0.014050945387691362,-8739.896650211193,17499.793300422385,17499.968042281,17551.26102221691,790.3834375689772,904.8818718994477,0.0917389759721352,106.082737981107,0,,
61,CIP,mint_weather,16.52847555752969,-3573.012537014552,7180.025074029104,7180.513891920477,7267.520201079798,NA,NA,NA,13.180651016512531,0.10578329017538157,0.747396339338892+0.937205366045266i|-0.665751895612717+0.834826471822107i|-0.665751895612717-0.834826471822107i|0.962039362802573-0.463293739419487i|0.237604100585584+1.04101158300558i|-1.0677831355509-3.00179045192103e-14i|0.23760410058565-1.04101158300557i|1.08115453358607+1.38582292207883e-13i|-0.266742665187818+1.16867597595301i|-1.08001900226934+0.520109739322747i|-0.26674266518781-1.16867597595303i|0.962039362802591+0.463293739419467i|1.19873065623665-1.05884244994291e-13i|-1.08001900226932-0.520109739322749i|0.747396339338883-0.937205366045232i,0.710731540317785+0.891229162284424i|-0.659967250369312+0.827572756119429i|-0.659967250369312-0.827572756119429i|0.95368030823483-0.459268230902431i|0.235539584600991+1.03196634747318i|-1.05850528493302-4.63450252207038e-16i|0.235539584600993-1.03196634747318i|1.17410317861706+2.75631626981232e-14i|-0.253657149920083+1.11134458760688i|-1.02703683260523+0.494594871163156i|-0.253657149920083-1.11134458760688i|0.953680308234834+0.459268230902436i|1.13992488441505-3.38469421432687e-14i|-1.02703683260523-0.494594871163156i|0.710731540317786-0.891229162284422i
61,Non CIP,mint_weather,719.740976563422,-5967.879343279295,11967.75868655859,11968.193191350923,12050.09443804202,NA,NA,NA,23.840062518912283,0.002437624934764293,0.826527803178699+1.03643308316157i|-1.19436728058706+0.575176967864918i|-0.294984357652527-1.2924109153205i|0.826527803178694-1.03643308316161i|-0.294984357652492+1.29241091532049i|-1.19436728058708-0.575176967864885i|-0.978587038601545-1.22710933335712i|1.32564767012158-2.67113253474425e-13i|0.349253670449788+1.53018031022771i|-1.56953174804816+1.93645083541706e-14i|0.349253670449769-1.53018031022767i|1.41409924217601+0.680994303506899i|-0.978587038601528+1.22710933335715i|1.41409924217586-0.680994303506714i|2.36071360751508-1.61735345672341i|2.36071360751508+1.61735345672341i|-4.29158638340526+0i,1.12489003468712+0i
61,<aggregated>,mint_weather,727.6262434414284,-5976.309924664809,11978.619849329618,11978.909889170256,12045.517647409904,NA,NA,NA,25.71217165014469,0.0011762465637185082,2.89000977797881+0i,1.24477505581939+0.599452073007342i|-0.861411065976568-1.08017531115837i|1.1195853896382-2.49019963934566e-16i|0.307434050003661+1.34695658145365i|-1.38159607969296-3.99437126881723e-16i|0.307434050003662-1.34695658145365i|1.24477505581939-0.599452073007342i|-0.861411065976569+1.08017531115837i
62,CIP,arima_weather,16.421200390972576,-3573.1451267831776,7172.290253566355,7172.580062483553,7239.19829189924,NA,NA,NA,5.034474833948293,0.7538851395667364,1.05591572721865+0i,1.09129377150737+0i
62,Non CIP,arima_weather,592.6583304258683,-5845.354525547322,11720.709051094644,11721.092131701187,11797.89881811036,NA,NA,NA,13.385027170123683,0.09927084902107153,0.652053290193038+0.817648963944539i|-0.942244304439123+0.453760941733835i|-0.232715124915415-1.01959158103956i|0.652053290193038-0.817648963944538i|-0.232715124915415+1.01959158103956i|-0.942244304439123-0.453760941733835i|1.04581227832299+7.83586791373164e-16i|4.96149322220851-9.72011909102045e-16i,0.666487410843593+0.835748778749373i|-0.963102213105677+0.463805581149054i|-0.237866602932256-1.04216168093225i|0.666487410843593-0.835748778749373i|-0.237866602932256+1.04216168093225i|-0.963102213105677-0.463805581149054i|1.10593640011026+2.79718269486374e-15i|1.06896281038869-2.21690672208021e-15i|-0.340025900905762+1.48975081024457i|-1.37673676606403+0.663001483315595i|-0.340025900905761-1.48975081024457i|1.52806252814181+5.02835563718689e-16i|0.95273140289889+1.19468739168095i|-1.37673676606403-0.663001483315597i|0.952731402898891-1.19468739168095i
62,<aggregated>,arima_weather,600.0166218287038,-5853.16878226721,11736.33756453442,11736.720645140964,11813.527331550136,NA,NA,NA,13.15207146194899,0.10672332370474924,0.656395657036416+0.823094119737717i|-0.94851920633364+0.456782775221742i|-0.234264897698689-1.02638157925272i|0.6563956570364-0.823094119737717i|-0.234264897698684+1.02638157925272i|-0.948519206333642-0.456782775221736i|1.05277689399183-1.0200248577643e-14i|5.19624303505451-3.42753262224624e-16i,0.673197534803535+0.84416300805594i|-0.972798623166677+0.468475126127981i|-0.240261418446603-1.05265405325854i|1.07972501361949+4.71606000323827e-15i|-0.240261418446603+1.05265405325854i|-0.972798623166676-0.468475126127981i|0.673197534803535-0.84416300805594i|1.11043347378358-4.56908673904127e-15i|-0.336626240617138+1.47485592530774i|-1.36297182257294+0.656372635900963i|-0.336626240617136-1.47485592530774i|1.51278459348559+9.04299441919845e-16i|0.943205766447275+1.18274262137964i|-1.36297182257293-0.656372635900964i|0.943205766447277-1.18274262137964i
62,CIP,base_arima,17.396908408812514,-3614.495118663565,7236.99023732713,7237.02185788049,7257.5773260449405,NA,NA,NA,10.992286795894248,0.20213662269864718,1.01750286529744+0i,1.06608028542923+0i
62,Non CIP,base_arima,632.6928585399857,-5890.915519481261,11795.831038962522,11795.919857360619,11831.852930236522,NA,NA,NA,30.91370200398853,1.4555960258755274e-4,5.00826418583216+0i,0.939740029662484+0.708662054923391i|-0.900006246725573+0.758486642791576i|-0.539199568486701-1.04622036721813i|0.939740029662483-0.708662054923391i|0.481782588572312+1.07387092743348i|-1.15415345280849+0.230744531481326i|0.0318640199233871-1.17656190473456i|1.07535333142634+2.23136710880648e-15i|0.0318640199233873+1.17656190473456i|-1.15415345280849-0.230744531481326i|0.481782588572312-1.07387092743348i|1.13997262986258+0.292874776316581i|-0.5391995684867+1.04622036721813i|-0.900006246725572-0.758486642791576i|1.13997262986257-0.292874776316572i|-0.559198036819389+5.34994347563671i|-0.559198036819385-5.34994347563672i
62,<aggregated>,base_arima,638.6543926161045,-5897.875530082822,11805.751060165643,11805.798566103886,11831.480982504216,NA,NA,NA,27.434329348911028,5.946685534110596e-4,4.31631216867918+0i,0.9373791605412+0.707314423960667i|-0.898167060882876+0.756484841688682i|-0.537657214068289-1.04398185095339i|1.13744703172853-0.291869208673498i|0.480994088333248+1.07126937412968i|-1.15144166806796+0.2305547006604i|0.0314456624161495-1.17387586876762i|1.07986765112322-2.35939697682133e-15i|0.0314456624161499+1.17387586876762i|-1.15144166806796-0.230554700660401i|0.480994088333249-1.07126937412968i|1.13744703172853+0.291869208673502i|-0.537657214068288+1.04398185095339i|-0.898167060882876-0.756484841688682i|0.937379160541202-0.707314423960667i
62,CIP,base_ets,16.89294372939754,-6328.763275835744,12677.526551671488,12677.701293530106,12728.994273466014,16.773229954937204,16.819552911121523,3.2352433319873826,5.140910415172513,0.742414763102754,,
62,Non CIP,base_ets,615.8489980843899,-8612.29045665753,17244.58091331506,17244.755655173678,17296.04863510959,611.4847138459954,646.2643681852278,19.6591209277391,74.45387605964487,6.34492458573277e-13,,
62,<aggregated>,base_ets,622.4785808970049,-8619.089667751532,17258.179335503064,17258.35407736168,17309.64705729759,618.0673153630892,652.7910395500485,19.740092369550506,68.69656629807818,8.927858452523196e-12,,
62,CIP,mint_arima,17.396908408812514,-3614.495118663565,7236.99023732713,7237.02185788049,7257.5773260449405,NA,NA,NA,10.992286795894248,0.20213662269864718,1.01750286529744+0i,1.06608028542923+0i
62,Non CIP,mint_arima,632.6928585399857,-5890.915519481261,11795.831038962522,11795.919857360619,11831.852930236522,NA,NA,NA,30.91370200398853,1.4555960258755274e-4,5.00826418583216+0i,0.939740029662484+0.708662054923391i|-0.900006246725573+0.758486642791576i|-0.539199568486701-1.04622036721813i|0.939740029662483-0.708662054923391i|0.481782588572312+1.07387092743348i|-1.15415345280849+0.230744531481326i|0.0318640199233871-1.17656190473456i|1.07535333142634+2.23136710880648e-15i|0.0318640199233873+1.17656190473456i|-1.15415345280849-0.230744531481326i|0.481782588572312-1.07387092743348i|1.13997262986258+0.292874776316581i|-0.5391995684867+1.04622036721813i|-0.900006246725572-0.758486642791576i|1.13997262986257-0.292874776316572i|-0.559198036819389+5.34994347563671i|-0.559198036819385-5.34994347563672i
62,<aggregated>,mint_arima,638.6543926161045,-5897.875530082822,11805.751060165643,11805.798566103886,11831.480982504216,NA,NA,NA,27.434329348911028,5.946685534110596e-4,4.31631216867918+0i,0.9373791605412+0.707314423960667i|-0.898167060882876+0.756484841688682i|-0.537657214068289-1.04398185095339i|1.13744703172853-0.291869208673498i|0.480994088333248+1.07126937412968i|-1.15144166806796+0.2305547006604i|0.0314456624161495-1.17387586876762i|1.07986765112322-2.35939697682133e-15i|0.0314456624161499+1.17387586876762i|-1.15144166806796-0.230554700660401i|0.480994088333249-1.07126937412968i|1.13744703172853+0.291869208673502i|-0.537657214068288+1.04398185095339i|-0.898167060882876-0.756484841688682i|0.937379160541202-0.707314423960667i
62,CIP,mint_ets,16.89294372939754,-6328.763275835744,12677.526551671488,12677.701293530106,12728.994273466014,16.773229954937204,16.819552911121523,3.2352433319873826,5.140910415172513,0.742414763102754,,
62,Non CIP,mint_ets,615.8489980843899,-8612.29045665753,17244.58091331506,17244.755655173678,17296.04863510959,611.4847138459954,646.2643681852278,19.6591209277391,74.45387605964487,6.34492458573277e-13,,
62,<aggregated>,mint_ets,622.4785808970049,-8619.089667751532,17258.179335503064,17258.35407736168,17309.64705729759,618.0673153630892,652.7910395500485,19.740092369550506,68.69656629807818,8.927858452523196e-12,,
62,CIP,mint_weather,16.421200390972576,-3573.1451267831776,7172.290253566355,7172.580062483553,7239.19829189924,NA,NA,NA,5.034474833948293,0.7538851395667364,1.05591572721865+0i,1.09129377150737+0i
62,Non CIP,mint_weather,592.6583304258683,-5845.354525547322,11720.709051094644,11721.092131701187,11797.89881811036,NA,NA,NA,13.385027170123683,0.09927084902107153,0.652053290193038+0.817648963944539i|-0.942244304439123+0.453760941733835i|-0.232715124915415-1.01959158103956i|0.652053290193038-0.817648963944538i|-0.232715124915415+1.01959158103956i|-0.942244304439123-0.453760941733835i|1.04581227832299+7.83586791373164e-16i|4.96149322220851-9.72011909102045e-16i,0.666487410843593+0.835748778749373i|-0.963102213105677+0.463805581149054i|-0.237866602932256-1.04216168093225i|0.666487410843593-0.835748778749373i|-0.237866602932256+1.04216168093225i|-0.963102213105677-0.463805581149054i|1.10593640011026+2.79718269486374e-15i|1.06896281038869-2.21690672208021e-15i|-0.340025900905762+1.48975081024457i|-1.37673676606403+0.663001483315595i|-0.340025900905761-1.48975081024457i|1.52806252814181+5.02835563718689e-16i|0.95273140289889+1.19468739168095i|-1.37673676606403-0.663001483315597i|0.952731402898891-1.19468739168095i
62,<aggregated>,mint_weather,600.0166218287038,-5853.16878226721,11736.33756453442,11736.720645140964,11813.527331550136,NA,NA,NA,13.15207146194899,0.10672332370474924,0.656395657036416+0.823094119737717i|-0.94851920633364+0.456782775221742i|-0.234264897698689-1.02638157925272i|0.6563956570364-0.823094119737717i|-0.234264897698684+1.02638157925272i|-0.948519206333642-0.456782775221736i|1.05277689399183-1.0200248577643e-14i|5.19624303505451-3.42753262224624e-16i,0.673197534803535+0.84416300805594i|-0.972798623166677+0.468475126127981i|-0.240261418446603-1.05265405325854i|1.07972501361949+4.71606000323827e-15i|-0.240261418446603+1.05265405325854i|-0.972798623166676-0.468475126127981i|0.673197534803535-0.84416300805594i|1.11043347378358-4.56908673904127e-15i|-0.336626240617138+1.47485592530774i|-1.36297182257294+0.656372635900963i|-0.336626240617136-1.47485592530774i|1.51278459348559+9.04299441919845e-16i|0.943205766447275+1.18274262137964i|-1.36297182257293-0.656372635900964i|0.943205766447277-1.18274262137964i
63,CIP,arima_weather,13.908113674914132,-3465.4393695221893,6956.878739044379,6957.168547961576,7023.786777377263,NA,NA,NA,15.440301159895771,0.05112871497037852,1.14009180493294+0i,1.22052328648072+0i
63,Non CIP,arima_weather,400.1871484691874,-5595.7878704014565,11223.575740802913,11224.010245595246,11305.911492286343,NA,NA,NA,9.533673294585377,0.2992917778141678,1.22250264057438-3.57342024622908e-22i|10.5130161912614+3.57342024622908e-22i,1.0243385933729+5.16987882845642e-24i|-0.934202376883747+0.765155093577487i|-0.538091472468407-1.08104299889486i|0.953850643285167-0.740516946806275i|0.509698904886453+1.09471613880511i|-1.18068799598886+0.253322431558349i|0.0157566862704453-1.20745522693i|1.17367561089894-0.284045698055448i|0.0157566862704452+1.20745522693i|-1.18068799598886-0.253322431558349i|0.509698904886455-1.09471613880511i|1.17367561089896+0.284045698055461i|-0.538091472468409+1.08104299889486i|-0.934202376883745-0.76515509357749i|0.953850643285156+0.740516946806273i|1.64907495681669-3.61500588256457e-15i
63,<aggregated>,arima_weather,409.71992618708606,-5610.758496081391,11253.516992162782,11253.951496955115,11335.852743646212,NA,NA,NA,13.657444405191322,0.09114263199057082,0.679496755242315+0.852061980644365i|-1.36468863300358-1.99753895302674e-15i|-0.242509584192135-1.06250391096663i|0.679496755242319-0.852061980644349i|-0.24250958419215+1.06250391096663i|-0.981901260435925+0.472858725201055i|-0.981901260435918-0.472858725201068i|1.08982817877147-2.07027191858457e-14i|0.303671789175521+1.33047303975245i|-0.850869445390268+1.06695653704846i|0.303671789175532-1.33047303975244i|1.28974503732283-1.29221169038926e-14i|1.22954197271654+0.592116206818828i|-0.850869445390264-1.06695653704846i|1.22954197271652-0.592116206818799i,0.719556719547936+0.902295587011797i|-1.03978958608463+0.500736273558745i|-0.256806819920733-1.12514419352799i|1.02366862825145+4.56286863867164e-14i|-0.256806819920732+1.12514419352799i|-1.03978958608463-0.500736273558745i|0.719556719547938-0.902295587011804i|1.15407937291488-3.77525675996801e-14i|2.01096738220729+9.84025181921118e-16i
63,CIP,base_arima,14.296358242453108,-3489.2878448926117,6988.575689785223,6988.623158139654,7014.309550682487,NA,NA,NA,12.557615965749257,0.12800436525352277,1.02867007832949+0i,1.08419522851856+0i|-18.5327870821273+0i
63,Non CIP,base_arima,409.9372350833726,-5615.642228247611,11245.284456495221,11245.373274893318,11281.306347769221,NA,NA,NA,16.769871548140063,0.03259661685600779,1.30481188266129+0i,0.493165648487834+1.07450962899588i|-0.910539151553+0.754123168416432i|-0.910539151553-0.754123168416431i|1.02550517336935-9.382980487476e-16i|0.021885359540107+1.18207627955691i|0.0218853595401067-1.18207627955691i|1.14756920862324-0.284373365618392i|-0.53260170370481+1.05551822573749i|-1.15730910991291+0.241700069850823i|0.493165648487835-1.07450962899588i|0.937829748519538+0.719901842229257i|-1.15730910991291-0.241700069850823i|0.937829748519535-0.719901842229256i|1.14756920862324+0.284373365618392i|-0.53260170370481-1.0555182257375i|1.89491324328271-4.7474502627709e-16i|-13.3920590228149-7.01841138105545e-16i
63,<aggregated>,base_arima,420.4067454972543,-5631.640652456623,11277.281304913246,11277.370123311342,11313.303196187246,NA,NA,NA,20.73451380902823,0.007887124461768091,0.715683833168398+0.897439141099582i|-1.03419310311653+0.498041149406719i|-0.255424602775059-1.1190883045289i|1.08305603062821-0.521572295096976i|0.267492749248369+1.17196230894701i|-1.20210150340679+7.48210200596376e-17i|-0.749498028173185-0.939840800485577i|1.14786774544638-1.17157362099479e-17i|-0.255424602775058+1.1190883045289i|-1.03419310311653-0.498041149406719i|0.267492749248368-1.17196230894701i|1.08305603062821+0.521572295096975i|-0.749498028173185+0.939840800485577i|0.715683833168399-0.897439141099579i|1.65169253977566+7.56477316607833e-17i|-2.63431882820202+3.10918487429615i|-2.63431882820202-3.10918487429615i,1.03330674359712+0i
63,CIP,base_ets,14.440351429493928,-6232.666354421555,12471.33270884311,12471.351666189083,12486.773025381468,14.417610718581338,14.525540773908801,3.018006997214383,17.004248418532033,0.030064871646851565,,
63,Non CIP,base_ets,0.016948267802783818,-8344.880684488948,16709.761368977895,16709.936110836512,16761.229090772424,417.13083868189983,461.65442248742625,0.10130498391483486,51.60164595803805,2.009061017549385e-8,,
63,<aggregated>,base_ets,0.015144167924678088,-8363.43297760124,16746.86595520248,16747.040697061097,16798.333676997005,427.06636259627663,468.46442405293647,0.09586017816322637,56.489489644978015,2.2647004271902915e-9,,
63,CIP,mint_arima,14.296358242453108,-3489.2878448926117,6988.575689785223,6988.623158139654,7014.309550682487,NA,NA,NA,12.557615965749257,0.12800436525352277,1.02867007832949+0i,1.08419522851856+0i|-18.5327870821273+0i
63,Non CIP,mint_arima,409.9372350833726,-5615.642228247611,11245.284456495221,11245.373274893318,11281.306347769221,NA,NA,NA,16.769871548140063,0.03259661685600779,1.30481188266129+0i,0.493165648487834+1.07450962899588i|-0.910539151553+0.754123168416432i|-0.910539151553-0.754123168416431i|1.02550517336935-9.382980487476e-16i|0.021885359540107+1.18207627955691i|0.0218853595401067-1.18207627955691i|1.14756920862324-0.284373365618392i|-0.53260170370481+1.05551822573749i|-1.15730910991291+0.241700069850823i|0.493165648487835-1.07450962899588i|0.937829748519538+0.719901842229257i|-1.15730910991291-0.241700069850823i|0.937829748519535-0.719901842229256i|1.14756920862324+0.284373365618392i|-0.53260170370481-1.0555182257375i|1.89491324328271-4.7474502627709e-16i|-13.3920590228149-7.01841138105545e-16i
63,<aggregated>,mint_arima,420.4067454972543,-5631.640652456623,11277.281304913246,11277.370123311342,11313.303196187246,NA,NA,NA,20.73451380902823,0.007887124461768091,0.715683833168398+0.897439141099582i|-1.03419310311653+0.498041149406719i|-0.255424602775059-1.1190883045289i|1.08305603062821-0.521572295096976i|0.267492749248369+1.17196230894701i|-1.20210150340679+7.48210200596376e-17i|-0.749498028173185-0.939840800485577i|1.14786774544638-1.17157362099479e-17i|-0.255424602775058+1.1190883045289i|-1.03419310311653-0.498041149406719i|0.267492749248368-1.17196230894701i|1.08305603062821+0.521572295096975i|-0.749498028173185+0.939840800485577i|0.715683833168399-0.897439141099579i|1.65169253977566+7.56477316607833e-17i|-2.63431882820202+3.10918487429615i|-2.63431882820202-3.10918487429615i,1.03330674359712+0i
63,CIP,mint_ets,14.440351429493928,-6232.666354421555,12471.33270884311,12471.351666189083,12486.773025381468,14.417610718581338,14.525540773908801,3.018006997214383,17.004248418532033,0.030064871646851565,,
63,Non CIP,mint_ets,0.016948267802783818,-8344.880684488948,16709.761368977895,16709.936110836512,16761.229090772424,417.13083868189983,461.65442248742625,0.10130498391483486,51.60164595803805,2.009061017549385e-8,,
63,<aggregated>,mint_ets,0.015144167924678088,-8363.43297760124,16746.86595520248,16747.040697061097,16798.333676997005,427.06636259627663,468.46442405293647,0.09586017816322637,56.489489644978015,2.2647004271902915e-9,,
63,CIP,mint_weather,13.908113674914132,-3465.4393695221893,6956.878739044379,6957.168547961576,7023.786777377263,NA,NA,NA,15.440301159895771,0.05112871497037852,1.14009180493294+0i,1.22052328648072+0i
63,Non CIP,mint_weather,400.1871484691874,-5595.7878704014565,11223.575740802913,11224.010245595246,11305.911492286343,NA,NA,NA,9.533673294585377,0.2992917778141678,1.22250264057438-3.57342024622908e-22i|10.5130161912614+3.57342024622908e-22i,1.0243385933729+5.16987882845642e-24i|-0.934202376883747+0.765155093577487i|-0.538091472468407-1.08104299889486i|0.953850643285167-0.740516946806275i|0.509698904886453+1.09471613880511i|-1.18068799598886+0.253322431558349i|0.0157566862704453-1.20745522693i|1.17367561089894-0.284045698055448i|0.0157566862704452+1.20745522693i|-1.18068799598886-0.253322431558349i|0.509698904886455-1.09471613880511i|1.17367561089896+0.284045698055461i|-0.538091472468409+1.08104299889486i|-0.934202376883745-0.76515509357749i|0.953850643285156+0.740516946806273i|1.64907495681669-3.61500588256457e-15i
63,<aggregated>,mint_weather,409.71992618708606,-5610.758496081391,11253.516992162782,11253.951496955115,11335.852743646212,NA,NA,NA,13.657444405191322,0.09114263199057082,0.679496755242315+0.852061980644365i|-1.36468863300358-1.99753895302674e-15i|-0.242509584192135-1.06250391096663i|0.679496755242319-0.852061980644349i|-0.24250958419215+1.06250391096663i|-0.981901260435925+0.472858725201055i|-0.981901260435918-0.472858725201068i|1.08982817877147-2.07027191858457e-14i|0.303671789175521+1.33047303975245i|-0.850869445390268+1.06695653704846i|0.303671789175532-1.33047303975244i|1.28974503732283-1.29221169038926e-14i|1.22954197271654+0.592116206818828i|-0.850869445390264-1.06695653704846i|1.22954197271652-0.592116206818799i,0.719556719547936+0.902295587011797i|-1.03978958608463+0.500736273558745i|-0.256806819920733-1.12514419352799i|1.02366862825145+4.56286863867164e-14i|-0.256806819920732+1.12514419352799i|-1.03978958608463-0.500736273558745i|0.719556719547938-0.902295587011804i|1.15407937291488-3.77525675996801e-14i|2.01096738220729+9.84025181921118e-16i
66,CIP,arima_weather,12.88552591225636,-3420.158606726431,6862.317213452862,6862.527070368602,6918.931707426841,NA,NA,NA,22.32437632093627,0.004349107124717033,,
66,Non CIP,arima_weather,494.77660891224446,-5730.517073026291,11491.034146052581,11491.417226659125,11568.223913068297,NA,NA,NA,20.75742190197736,0.007820506666114446,0.795525995369327+0.99755804577278i|-1.14956837032154+0.553602949730793i|-0.852834445304507-1.06942056900442i|1.23238147986305-0.59348364139051i|0.304373089525323+1.33354563734444i|-1.36784024816774+2.5273920655639e-15i|-0.283919940548153-1.24393453660291i|1.27592463100074+9.99802115555191e-16i|-0.283919940548148+1.24393453660291i|-1.14956837032155-0.553602949730787i|0.304373089525321-1.33354563734444i|1.23238147986305+0.593483641390508i|-0.852834445304503+1.06942056900442i|0.795525995369326-0.997558045772785i|2.45179024271494+4.26632674752874e-16i|-5.63091450871468+1.63090257483134e-17i,1.16084665282743+0i
66,<aggregated>,arima_weather,494.17063987470397,-5729.745705916479,11489.491411832958,11489.874492439501,11566.681178848674,NA,NA,NA,20.760022324363064,0.007812978740990295,0.783089947798065+0.981963735361131i|-1.13159776090972+0.54494876035355i|-0.840435043513964-1.05387221094834i|1.21446382513865-0.584854953646681i|-1.34795315177326-2.15908084156234e-15i|-0.279481566557057-1.22448874958555i|1.25597875933743+7.13419159808276e-15i|-0.279481566557066+1.22448874958554i|-1.13159776090971-0.544948760353553i|0.783089947798068-0.981963735361123i|1.21446382513864+0.584854953646681i|0.29994779426194+1.31415715197721i|-0.840435043513962+1.05387221094833i|0.29994779426195-1.31415715197721i|2.32025696146407+1.02701899845442e-15i|-4.82182071468963+1.33542906950778e-16i,1.15545875447863+0i
66,CIP,base_arima,13.367164831288395,-3446.514771887191,6899.029543774382,6899.048516106397,6914.467497177525,NA,NA,NA,19.69430731567863,0.011556575812504133,,1.01448251214204+0i|-0.978475197832699+1.22696908946887i|-0.978475197832699-1.22696908946887i|1.41393762758234-0.680916474020587i|0.349213754941501+1.53000542895948i|-1.56935236938229-1.06839834595826e-15i|0.349213754941504-1.53000542895948i|1.41393762758234+0.680916474020588i
66,Non CIP,base_arima,541.2947968588898,-5792.2220892784135,11596.444178556827,11596.51073957109,11627.320085363113,NA,NA,NA,44.68486549778419,4.2222542739889235e-7,0.78414139381564+0.983282206964363i|-1.13311714442696+0.545680456891691i|-0.27985682329604-1.22613285678286i|0.78414139381564-0.983282206964363i|-0.27985682329604+1.22613285678286i|-1.17487496125652+7.10082939806551e-17i|-1.13311714442696-0.545680456891691i|1.25766514781473+8.85813178151197e-17i|2.9665392238213-2.08942701668493e-16i,1.1121383080555+0i|-1.25016110147193+0i
66,<aggregated>,base_arima,546.6908458954368,-5798.538277528283,11609.076555056567,11609.143116070829,11639.952461862853,NA,NA,NA,46.26307768339371,2.1183476162089931e-7,0.77468117531634+0.971419468180618i|-1.11944673261587+0.539097133534823i|-0.276480510404282-1.2113402634753i|0.77468117531634-0.971419468180618i|-0.276480510404282+1.2113402634753i|-1.18686727569994+7.20764038506317e-16i|-1.11944673261588-0.539097133534823i|1.24249213540763+7.8375903385441e-17i|3.0818951111173-1.94404702119642e-16i,1.11471472883282+0i|-1.26794115401449+0i
66,CIP,base_ets,0.11233475484190084,-6166.110576985902,12352.221153971805,12352.395895830423,12403.688875766331,13.04737974594194,13.047467018793178,0.26446288239603216,19.90187377634475,0.010713738359715896,,
66,Non CIP,base_ets,0.017829724892859666,-8459.32809332577,16938.65618665154,16938.830928510157,16990.12390844607,503.387469386546,559.5980994985925,0.10253205285509141,46.75381547697475,1.7083200609668836e-7,,
66,<aggregated>,base_ets,0.015790143654138437,-8464.565241515777,16949.130483031553,16949.30522489017,17000.598204826078,504.5910119847255,561.6635819313717,0.09715875099285627,60.38898031375953,3.9097347581673603e-10,,
66,CIP,mint_arima,13.367164831288395,-3446.514771887191,6899.029543774382,6899.048516106397,6914.467497177525,NA,NA,NA,19.69430731567863,0.011556575812504133,,1.01448251214204+0i|-0.978475197832699+1.22696908946887i|-0.978475197832699-1.22696908946887i|1.41393762758234-0.680916474020587i|0.349213754941501+1.53000542895948i|-1.56935236938229-1.06839834595826e-15i|0.349213754941504-1.53000542895948i|1.41393762758234+0.680916474020588i
66,Non CIP,mint_arima,541.2947968588898,-5792.2220892784135,11596.444178556827,11596.51073957109,11627.320085363113,NA,NA,NA,44.68486549778419,4.2222542739889235e-7,0.78414139381564+0.983282206964363i|-1.13311714442696+0.545680456891691i|-0.27985682329604-1.22613285678286i|0.78414139381564-0.983282206964363i|-0.27985682329604+1.22613285678286i|-1.17487496125652+7.10082939806551e-17i|-1.13311714442696-0.545680456891691i|1.25766514781473+8.85813178151197e-17i|2.9665392238213-2.08942701668493e-16i,1.1121383080555+0i|-1.25016110147193+0i
66,<aggregated>,mint_arima,546.6908458954368,-5798.538277528283,11609.076555056567,11609.143116070829,11639.952461862853,NA,NA,NA,46.26307768339371,2.1183476162089931e-7,0.77468117531634+0.971419468180618i|-1.11944673261587+0.539097133534823i|-0.276480510404282-1.2113402634753i|0.77468117531634-0.971419468180618i|-0.276480510404282+1.2113402634753i|-1.18686727569994+7.20764038506317e-16i|-1.11944673261588-0.539097133534823i|1.24249213540763+7.8375903385441e-17i|3.0818951111173-1.94404702119642e-16i,1.11471472883282+0i|-1.26794115401449+0i
66,CIP,mint_ets,0.11233475484190084,-6166.110576985902,12352.221153971805,12352.395895830423,12403.688875766331,13.04737974594194,13.047467018793178,0.26446288239603216,19.90187377634475,0.010713738359715896,,
66,Non CIP,mint_ets,0.017829724892859666,-8459.32809332577,16938.65618665154,16938.830928510157,16990.12390844607,503.387469386546,559.5980994985925,0.10253205285509141,46.75381547697475,1.7083200609668836e-7,,
66,<aggregated>,mint_ets,0.015790143654138437,-8464.565241515777,16949.130483031553,16949.30522489017,17000.598204826078,504.5910119847255,561.6635819313717,0.09715875099285627,60.38898031375953,3.9097347581673603e-10,,
66,CIP,mint_weather,12.88552591225636,-3420.158606726431,6862.317213452862,6862.527070368602,6918.931707426841,NA,NA,NA,22.32437632093627,0.004349107124717033,,
66,Non CIP,mint_weather,494.77660891224446,-5730.517073026291,11491.034146052581,11491.417226659125,11568.223913068297,NA,NA,NA,20.75742190197736,0.007820506666114446,0.795525995369327+0.99755804577278i|-1.14956837032154+0.553602949730793i|-0.852834445304507-1.06942056900442i|1.23238147986305-0.59348364139051i|0.304373089525323+1.33354563734444i|-1.36784024816774+2.5273920655639e-15i|-0.283919940548153-1.24393453660291i|1.27592463100074+9.99802115555191e-16i|-0.283919940548148+1.24393453660291i|-1.14956837032155-0.553602949730787i|0.304373089525321-1.33354563734444i|1.23238147986305+0.593483641390508i|-0.852834445304503+1.06942056900442i|0.795525995369326-0.997558045772785i|2.45179024271494+4.26632674752874e-16i|-5.63091450871468+1.63090257483134e-17i,1.16084665282743+0i
66,<aggregated>,mint_weather,494.17063987470397,-5729.745705916479,11489.491411832958,11489.874492439501,11566.681178848674,NA,NA,NA,20.760022324363064,0.007812978740990295,0.783089947798065+0.981963735361131i|-1.13159776090972+0.54494876035355i|-0.840435043513964-1.05387221094834i|1.21446382513865-0.584854953646681i|-1.34795315177326-2.15908084156234e-15i|-0.279481566557057-1.22448874958555i|1.25597875933743+7.13419159808276e-15i|-0.279481566557066+1.22448874958554i|-1.13159776090971-0.544948760353553i|0.783089947798068-0.981963735361123i|1.21446382513864+0.584854953646681i|0.29994779426194+1.31415715197721i|-0.840435043513962+1.05387221094833i|0.29994779426195-1.31415715197721i|2.32025696146407+1.02701899845442e-15i|-4.82182071468963+1.33542906950778e-16i,1.15545875447863+0i
67,CIP,arima_weather,34.09270447538882,-4036.2475990561493,8096.495198112299,8096.743605755611,8158.247011724871,NA,NA,NA,24.570028651092116,0.0018378289655104352,1.02508868584879+1.28542055464114i|-1.48129606937501+0.713354589950383i|-0.365849916202503-1.6028932138367i|1.02508868584877-1.28542055464116i|-0.365849916202468+1.60289321383671i|-1.48129606937502-0.713354589950352i|1.64411459945744-1.47589733269869e-14i,1.01005057519247+0i
67,Non CIP,arima_weather,811.0870916740098,-6044.438995917497,12120.877991834994,12121.312496627326,12203.213743318423,NA,NA,NA,17.72626395837699,0.02337501168959566,0.629756362373657+0.789689500807307i|-0.910024310214291+0.438244610297032i|-0.224757443509963-0.984726700776524i|0.629756362373636-0.78968950080726i|-0.224757443509981+0.984726700776537i|-0.910024310214283-0.438244610297041i|1.01005078270127-2.58952615825339e-13i|1.11020336235012+2.08718492049348e-13i,0.638028537846846+0.800062480756872i|-0.92197795011177+0.444001179874022i|-0.227709748754847-0.997661595203419i|1.01333652058556+8.95651816804738e-14i|-0.227709748754847+0.997661595203418i|-0.92197795011177-0.444001179874023i|0.638028537846847-0.800062480756872i|1.02331832203982-9.2296143369946e-14i|1.35461427714384+2.82285874007377e-15i|-9.39261724747896+8.7255207014487e-18i
67,<aggregated>,arima_weather,824.0695219247532,-6054.489632029912,12140.979264059824,12141.413768852157,12223.315015543254,NA,NA,NA,16.397733072527263,0.037028482127115736,0.629909382409987+0.789881381863732i|-0.910245430573418+0.438351096249688i|-0.224812055728629-0.984965972540235i|0.629909382409983-0.789881381863679i|-0.224812055728652+0.984965972540237i|-0.910245430573412-0.4383510962497i|1.01029620778411-2.79726873177213e-13i|1.10633667066169+2.35784568502376e-13i,0.638052876950803+0.800093001027889i|-0.922013121136016+0.444018117346616i|-0.227718435280478-0.997699653358876i|1.01287427241909-6.30962034037088e-13i|-0.227718435280478+0.997699653358876i|-0.922013121136015-0.444018117346616i|0.638052876950805-0.800093001027886i|1.02335735893146+6.39399719229749e-13i|1.35323702076937-1.14207269163969e-14i|-10.1491375273102+1.31567429785333e-16i
67,CIP,base_arima,35.067559485892424,-4055.9542499823906,8125.908499964781,8125.997318362878,8161.930391238782,NA,NA,NA,13.917103136187608,0.08395184416180956,1.01352784995764+0.488089287994167i|-0.701383034265775+0.879506506478805i|-0.701383034265777-0.879506506478805i|1.01352784995764-0.488089287994166i|0.250320706739155+1.09672667491587i|-1.12493104486205+1.5651674223107e-15i|0.250320706739156-1.09672667491587i|4.85736851883364-1.03971510563872e-16i|-6.11101345761727-1.30805658139373e-16i,1.05601601141939+0.592740272933046i|-0.812864705890563+0.8976423661171i|-0.694257184349603-0.992228708267313i|1.03713812424012+5.12072683001624e-16i|0.194992207413777+1.19519407904271i|-1.20861791624111+0.075852357062003i|0.194992207413776-1.19519407904271i|1.12183822002527-0.456059048393279i|0.342893367622834+1.16143660437026i|-1.20861791624111-0.0758523570620028i|0.342893367622837-1.16143660437027i|1.12183822002526+0.456059048393298i|-0.694257184349615+0.992228708267307i|-0.812864705890562-0.897642366117112i|1.05601601141941-0.592740272933048i
67,Non CIP,base_arima,877.6847218454072,-6099.626269219007,12209.252538438013,12209.300044376256,12234.982460776586,NA,NA,NA,47.875682030234124,1.0435151509557983e-7,0.788110408503711+0.98825919396278i|-1.13885253682556+0.548442476299775i|-0.281273348237827-1.23233905805786i|0.788110408503694-0.988259193962797i|-0.281273348237799+1.23233905805786i|-1.13885253682557-0.54844247629975i|1.26403095311936-1.11621743964755e-14i,1.06927439386716+2.01948391736579e-28i|-1.45136549926808+3.07436660154864i|-1.45136549926808-3.07436660154864i
67,<aggregated>,base_arima,895.4564612625717,-6112.338624932996,12234.677249865992,12234.724755804235,12260.407172204565,NA,NA,NA,44.83547219965948,3.953857450333942e-7,0.786773968090528+0.986583350690999i|-1.13692132447454+0.547512453447996i|-0.280796378176677-1.23024931567892i|0.786773968090511-0.986583350691016i|-0.28079637817665+1.23024931567893i|-1.13692132447455-0.547512453447972i|1.26188746912139-1.11010558911184e-14i,1.07010886444096+1.61558713389263e-27i|-1.33268119642901+2.97254060538763i|-1.33268119642901-2.97254060538763i
67,CIP,base_ets,0.05124342663064198,-6796.8701777821825,13599.740355564365,13599.759312910337,13615.180672102722,35.09452930122349,35.14359903195829,0.1785479152757837,17.902312428545237,0.021970907690174513,,
67,Non CIP,base_ets,0.011781886855049844,-8803.451482850945,17632.90296570189,17633.19277461909,17699.811004034775,834.9963078245355,884.2637507710363,0.08536890669641455,44.88217375851128,3.874123832847687e-7,,
67,<aggregated>,base_ets,0.009970148882268057,-8818.08994679087,17662.17989358174,17662.469702498936,17729.087931914622,852.771361558468,905.7728974036388,0.0787767527447459,42.33867878357863,1.169773645282035e-6,,
67,CIP,mint_arima,35.067559485892424,-4055.9542499823906,8125.908499964781,8125.997318362878,8161.930391238782,NA,NA,NA,13.917103136187608,0.08395184416180956,1.01352784995764+0.488089287994167i|-0.701383034265775+0.879506506478805i|-0.701383034265777-0.879506506478805i|1.01352784995764-0.488089287994166i|0.250320706739155+1.09672667491587i|-1.12493104486205+1.5651674223107e-15i|0.250320706739156-1.09672667491587i|4.85736851883364-1.03971510563872e-16i|-6.11101345761727-1.30805658139373e-16i,1.05601601141939+0.592740272933046i|-0.812864705890563+0.8976423661171i|-0.694257184349603-0.992228708267313i|1.03713812424012+5.12072683001624e-16i|0.194992207413777+1.19519407904271i|-1.20861791624111+0.075852357062003i|0.194992207413776-1.19519407904271i|1.12183822002527-0.456059048393279i|0.342893367622834+1.16143660437026i|-1.20861791624111-0.0758523570620028i|0.342893367622837-1.16143660437027i|1.12183822002526+0.456059048393298i|-0.694257184349615+0.992228708267307i|-0.812864705890562-0.897642366117112i|1.05601601141941-0.592740272933048i
67,Non CIP,mint_arima,877.6847218454072,-6099.626269219007,12209.252538438013,12209.300044376256,12234.982460776586,NA,NA,NA,47.875682030234124,1.0435151509557983e-7,0.788110408503711+0.98825919396278i|-1.13885253682556+0.548442476299775i|-0.281273348237827-1.23233905805786i|0.788110408503694-0.988259193962797i|-0.281273348237799+1.23233905805786i|-1.13885253682557-0.54844247629975i|1.26403095311936-1.11621743964755e-14i,1.06927439386716+2.01948391736579e-28i|-1.45136549926808+3.07436660154864i|-1.45136549926808-3.07436660154864i
67,<aggregated>,mint_arima,895.4564612625717,-6112.338624932996,12234.677249865992,12234.724755804235,12260.407172204565,NA,NA,NA,44.83547219965948,3.953857450333942e-7,0.786773968090528+0.986583350690999i|-1.13692132447454+0.547512453447996i|-0.280796378176677-1.23024931567892i|0.786773968090511-0.986583350691016i|-0.28079637817665+1.23024931567893i|-1.13692132447455-0.547512453447972i|1.26188746912139-1.11010558911184e-14i,1.07010886444096+1.61558713389263e-27i|-1.33268119642901+2.97254060538763i|-1.33268119642901-2.97254060538763i
67,CIP,mint_ets,0.05124342663064198,-6796.8701777821825,13599.740355564365,13599.759312910337,13615.180672102722,35.09452930122349,35.14359903195829,0.1785479152757837,17.902312428545237,0.021970907690174513,,
67,Non CIP,mint_ets,0.011781886855049844,-8803.451482850945,17632.90296570189,17633.19277461909,17699.811004034775,834.9963078245355,884.2637507710363,0.08536890669641455,44.88217375851128,3.874123832847687e-7,,
67,<aggregated>,mint_ets,0.009970148882268057,-8818.08994679087,17662.17989358174,17662.469702498936,17729.087931914622,852.771361558468,905.7728974036388,0.0787767527447459,42.33867878357863,1.169773645282035e-6,,
67,CIP,mint_weather,34.09270447538882,-4036.2475990561493,8096.495198112299,8096.743605755611,8158.247011724871,NA,NA,NA,24.570028651092116,0.0018378289655104352,1.02508868584879+1.28542055464114i|-1.48129606937501+0.713354589950383i|-0.365849916202503-1.6028932138367i|1.02508868584877-1.28542055464116i|-0.365849916202468+1.60289321383671i|-1.48129606937502-0.713354589950352i|1.64411459945744-1.47589733269869e-14i,1.01005057519247+0i
67,Non CIP,mint_weather,811.0870916740098,-6044.438995917497,12120.877991834994,12121.312496627326,12203.213743318423,NA,NA,NA,17.72626395837699,0.02337501168959566,0.629756362373657+0.789689500807307i|-0.910024310214291+0.438244610297032i|-0.224757443509963-0.984726700776524i|0.629756362373636-0.78968950080726i|-0.224757443509981+0.984726700776537i|-0.910024310214283-0.438244610297041i|1.01005078270127-2.58952615825339e-13i|1.11020336235012+2.08718492049348e-13i,0.638028537846846+0.800062480756872i|-0.92197795011177+0.444001179874022i|-0.227709748754847-0.997661595203419i|1.01333652058556+8.95651816804738e-14i|-0.227709748754847+0.997661595203418i|-0.92197795011177-0.444001179874023i|0.638028537846847-0.800062480756872i|1.02331832203982-9.2296143369946e-14i|1.35461427714384+2.82285874007377e-15i|-9.39261724747896+8.7255207014487e-18i
67,<aggregated>,mint_weather,824.0695219247532,-6054.489632029912,12140.979264059824,12141.413768852157,12223.315015543254,NA,NA,NA,16.397733072527263,0.037028482127115736,0.629909382409987+0.789881381863732i|-0.910245430573418+0.438351096249688i|-0.224812055728629-0.984965972540235i|0.629909382409983-0.789881381863679i|-0.224812055728652+0.984965972540237i|-0.910245430573412-0.4383510962497i|1.01029620778411-2.79726873177213e-13i|1.10633667066169+2.35784568502376e-13i,0.638052876950803+0.800093001027889i|-0.922013121136016+0.444018117346616i|-0.227718435280478-0.997699653358876i|1.01287427241909-6.30962034037088e-13i|-0.227718435280478+0.997699653358876i|-0.922013121136015-0.444018117346616i|0.638052876950805-0.800093001027886i|1.02335735893146+6.39399719229749e-13i|1.35323702076937-1.14207269163969e-14i|-10.1491375273102+1.31567429785333e-16i
68,CIP,arima_weather,19.42674407624588,-3678.112322391639,7378.224644783278,7378.4346686496265,7434.830473928136,NA,NA,NA,194.98320367943168,0,-1.91460677925537+0i,
68,Non CIP,arima_weather,394.921062794776,-5588.773428314869,11203.546856629739,11203.836896470377,11270.444654710025,NA,NA,NA,5.384860758626536,0.7157603241831667,1.2222475931021+1.5326500045537i|-1.76619894498794+0.850556583670853i|-0.436215115519356-1.91118329531596i|1.22224759310208-1.53265000455373i|-0.436215115519314+1.91118329531597i|-1.76619894498796-0.850556583670815i|1.96033293481039-1.73692721525795e-14i,1.1168236937959+3.52789222531416e-19i|-6.82759797170147-3.52789222531416e-19i
68,<aggregated>,arima_weather,401.5579110068593,-5599.355756794575,11224.71151358915,11225.001553429789,11291.609311669437,NA,NA,NA,3.3484695124914685,0.910626560710059,1.20636524423742+1.51273416900846i|-1.74324828591767+0.839504128777707i|-0.430546770837126-1.88634865460006i|1.20636524423739-1.51273416900849i|-0.430546770837085+1.88634865460006i|-1.74324828591769-0.83950412877767i|1.93485962503477-1.69062670387156e-14i,1.11330104599723+9.01031297641762e-19i|-6.52573172043569-9.01031297641762e-19i
68,CIP,base_arima,13.621890514594204,-3458.7375176354035,6921.475035270807,6921.484513943793,6931.7670042062355,NA,NA,NA,15.927471019968937,0.043430067598062005,,1.02613537078758+0i
68,Non CIP,base_arima,413.19607439733693,-5622.051411430692,11252.102822861383,11252.134468431004,11272.68676073224,NA,NA,NA,10.621301137911235,0.22409347967810334,0.925660338272468+1.16074135034109i|-1.33761794426985+0.644162851621886i|-0.330364349801162-1.44742078906682i|0.925660338272448-1.16074135034111i|-0.330364349801129+1.44742078906682i|-1.33761794426987-0.644162851621857i|1.4846439115971-1.35691133357233e-14i,1.09762335586692+2.59763829099213e-18i|-6.1316408613451-2.59763829099213e-18i
68,<aggregated>,base_arima,420.4889880016797,-5632.659462933505,11275.31892586701,11275.366431805252,11301.048848205583,NA,NA,NA,7.68941476832369,0.46438177596178876,0.933080178049907+1.17004553513384i|-1.34833992340149+0.649326284635035i|-0.333012459958137-1.45902291773258i|0.933080178049899-1.17004553513383i|-0.333012459958141+1.45902291773258i|-1.34833992340148-0.649326284635042i|1.49654441061943-3.91122292951773e-15i|-6.90291221070146-1.4543727892672e-17i,1.10004717103687-4.03896783473158e-28i|-3.27196571383749+4.03896783473158e-28i
68,CIP,base_ets,0.1185928585273942,-6193.992672232458,12393.985344464916,12394.004301810888,12409.425661003273,13.609842588537681,13.626318613838517,0.27437589648841904,15.591916846859009,0.048607702223066096,,
68,Non CIP,base_ets,404.0213469839693,-8344.616312765598,16709.232625531196,16709.407367389813,16760.70034732572,401.1582035801458,414.8087372603207,15.691421980614768,25.3303231716885,0.0013662803227914022,,
68,<aggregated>,base_ets,412.5691075041165,-8357.910678767274,16735.821357534547,16735.996099393164,16787.28907932907,409.6453894194419,423.31095754027393,15.985916359775189,25.575660766748964,0.001241019169540225,,
68,CIP,mint_arima,13.621890514594204,-3458.7375176354035,6921.475035270807,6921.484513943793,6931.7670042062355,NA,NA,NA,15.927471019968937,0.043430067598062005,,1.02613537078758+0i
68,Non CIP,mint_arima,413.19607439733693,-5622.051411430692,11252.102822861383,11252.134468431004,11272.68676073224,NA,NA,NA,10.621301137911235,0.22409347967810334,0.925660338272468+1.16074135034109i|-1.33761794426985+0.644162851621886i|-0.330364349801162-1.44742078906682i|0.925660338272448-1.16074135034111i|-0.330364349801129+1.44742078906682i|-1.33761794426987-0.644162851621857i|1.4846439115971-1.35691133357233e-14i,1.09762335586692+2.59763829099213e-18i|-6.1316408613451-2.59763829099213e-18i
68,<aggregated>,mint_arima,420.4889880016797,-5632.659462933505,11275.31892586701,11275.366431805252,11301.048848205583,NA,NA,NA,7.68941476832369,0.46438177596178876,0.933080178049907+1.17004553513384i|-1.34833992340149+0.649326284635035i|-0.333012459958137-1.45902291773258i|0.933080178049899-1.17004553513383i|-0.333012459958141+1.45902291773258i|-1.34833992340148-0.649326284635042i|1.49654441061943-3.91122292951773e-15i|-6.90291221070146-1.4543727892672e-17i,1.10004717103687-4.03896783473158e-28i|-3.27196571383749+4.03896783473158e-28i
68,CIP,mint_ets,0.1185928585273942,-6193.992672232458,12393.985344464916,12394.004301810888,12409.425661003273,13.609842588537681,13.626318613838517,0.27437589648841904,15.591916846859009,0.048607702223066096,,
68,Non CIP,mint_ets,404.0213469839693,-8344.616312765598,16709.232625531196,16709.407367389813,16760.70034732572,401.1582035801458,414.8087372603207,15.691421980614768,25.3303231716885,0.0013662803227914022,,
68,<aggregated>,mint_ets,412.5691075041165,-8357.910678767274,16735.821357534547,16735.996099393164,16787.28907932907,409.6453894194419,423.31095754027393,15.985916359775189,25.575660766748964,0.001241019169540225,,
68,CIP,mint_weather,19.42674407624588,-3678.112322391639,7378.224644783278,7378.4346686496265,7434.830473928136,NA,NA,NA,194.98320367943168,0,-1.91460677925537+0i,
68,Non CIP,mint_weather,394.921062794776,-5588.773428314869,11203.546856629739,11203.836896470377,11270.444654710025,NA,NA,NA,5.384860758626536,0.7157603241831667,1.2222475931021+1.5326500045537i|-1.76619894498794+0.850556583670853i|-0.436215115519356-1.91118329531596i|1.22224759310208-1.53265000455373i|-0.436215115519314+1.91118329531597i|-1.76619894498796-0.850556583670815i|1.96033293481039-1.73692721525795e-14i,1.1168236937959+3.52789222531416e-19i|-6.82759797170147-3.52789222531416e-19i
68,<aggregated>,mint_weather,401.5579110068593,-5599.355756794575,11224.71151358915,11225.001553429789,11291.609311669437,NA,NA,NA,3.3484695124914685,0.910626560710059,1.20636524423742+1.51273416900846i|-1.74324828591767+0.839504128777707i|-0.430546770837126-1.88634865460006i|1.20636524423739-1.51273416900849i|-0.430546770837085+1.88634865460006i|-1.74324828591769-0.83950412877767i|1.93485962503477-1.69062670387156e-14i,1.11330104599723+9.01031297641762e-19i|-6.52573172043569-9.01031297641762e-19i
69,CIP,arima_weather,13.706127920331586,-3458.357902439559,6942.715804879118,6943.005613796316,7009.623843212003,NA,NA,NA,7.750174495059311,0.4582465977704655,3.82760980059916+0i|-4.34349278535135+0i,
69,Non CIP,arima_weather,551.1359641364774,-5799.001639913162,11630.003279826324,11630.437784618656,11712.339031309753,NA,NA,NA,16.748712517134305,0.03283471623952883,0.636814683065524+0.798540355005412i|-0.920223879131194+0.44315646381019i|-0.227276528999173-0.995763535437054i|0.636814683065524-0.798540355005412i|-0.227276528999172+0.995763535437054i|-0.920223879131194-0.44315646381019i|1.02137145012968-7.76005528857883e-17i|2.37073936448677-1.07349228790042e-15i|-5.93111436255602+9.81390585580946e-16i,0.64830153800698+0.812944415506483i|-0.936822865452237+0.451150114320338i|-0.231376140062855-1.0137251050926i|0.64830153800698-0.812944415506483i|-0.231376140062856+1.0137251050926i|-0.936822865452237-0.45115011432034i|-0.85170472772242-1.06800394796373i|1.03979493501787+8.61087542952667e-13i|0.303969897988386+1.33177913980049i|-1.36602832184799-5.8513104817754e-16i|1.07076983607292-8.3449638624733e-13i|-0.851704727722421+1.06800394796372i|0.303969897988386-1.3317791398005i|1.23074899065799-0.592697476023869i|1.23074899065802+0.592697476023852i
69,<aggregated>,arima_weather,560.3330480240775,-5809.507506649628,11651.015013299257,11651.44951809159,11733.350764782686,NA,NA,NA,14.120448153617192,0.07867949840643729,0.639367266520143+0.801741193416079i|-0.92391246909446+0.444932795115687i|-0.228187535486576-0.999754915649951i|0.639367266520144-0.801741193416079i|-0.228187535486576+0.999754915649951i|-0.92391246909446-0.444932795115687i|1.02546547612178+2.31761922405888e-16i|2.41296559411604-1.21314769211192e-15i|-6.02610556094062+1.10170233290735e-15i,0.653564565607772+0.8195440433739i|-0.944428160687361+0.454812631474111i|-0.233254492866181-1.0219547064354i|0.653564565607773-0.819544043373891i|-0.233254492866178+1.0219547064354i|-0.94442816068736-0.45481263147411i|-0.873455803329109-1.09527893407602i|1.0482361758917-5.13028686673184e-13i|0.31173276699463+1.3657904911742i|-1.40091433849468+6.01701368436219e-17i|1.06981802173098+4.92884382449839e-13i|1.26218020558182+0.607833951369475i|-0.87345580332911+1.09527893407602i|0.311732766994627-1.36579049117419i|1.26218020558182-0.607833951369484i
69,CIP,base_arima,14.068596261946432,-3478.043099825768,6970.086199651536,6970.174947670554,7006.113604907704,NA,NA,NA,8.399279485782804,0.3954700801806723,1.01939337570525+1.41878018665095e-20i|6.50884015438049-1.41878018665095e-20i,1.0457051938602+2.98626547752187e-15i|1.33655759079978+4.34489401824444i|1.33655759079978-4.34489401824445i
69,Non CIP,base_arima,555.2969811825557,-5808.510097518629,11631.020195037258,11631.109013435354,11667.042086311258,NA,NA,NA,17.88726152799437,0.022087768164929633,0.638593262279571+0.800770622797218i|-0.92279400056089+0.444394169057985i|-0.227911296571385-0.998544633884264i|0.638593262279571-0.800770622797218i|-0.227911296571385+0.998544633884264i|-0.92279400056089-0.444394169057985i|1.02422406970541+1.90258850820402e-15i|1.20780226709521-1.91169655780593e-15i|6.75466136224255-1.24762334159649e-16i,0.661858653823557+0.829944501033568i|-0.956413465415333+0.460584450029775i|-0.236214618678329-1.03492386500634i|1.06153886054015-4.97870336202981e-13i|-0.236214618678329+1.03492386500633i|-0.956413465415333-0.460584450029777i|0.661858653823559-0.829944501033577i|1.03531766805895+5.00882178392694e-13i|1.43960129213567+1.04876007556182e-14i
69,<aggregated>,base_arima,562.9833425349723,-5817.394977922579,11648.789955845157,11648.878774243254,11684.811847119157,NA,NA,NA,15.070133892225478,0.05779601120282707,0.630429211077813+0.790533226395567i|-0.910996604762568+0.438712842673487i|-0.224997580432217-0.985778809376235i|0.630429211077813-0.790533226395567i|-0.224997580432217+0.985778809376235i|-0.910996604762568-0.438712842673487i|1.01112994823394+4.19896532743271e-17i|2.46477441013895-9.05471444351269e-16i|-6.17138319582587+1.09158361039804e-15i,0.64073293384875+0.803453686080593i|-0.925885915561936+0.445883156845999i|-0.228674936513071-1.00189035907412i|0.64073293384875-0.803453686080593i|-0.228674936513071+1.00189035907412i|-0.925885915561936-0.445883156845999i|-0.846990542298918-1.06209254641827i|1.02765583645341-1.35728452775792e-13i|0.302287424690261+1.32440774264392i|-1.35846735547861+2.5129557431843e-16i|0.302287424690261-1.32440774264392i|1.0748083606608+1.27859434001727e-13i|-0.846990542298918+1.06209254641827i|1.22393679534795-0.589416895664177i|1.22393679534794+0.589416895664182i
69,CIP,base_ets,14.160052289114072,-6220.219281653632,12446.438563307263,12446.457520653235,12461.87887984562,14.137752994170585,14.113390670711834,2.971953033764089,13.88998043721965,0.08467849058570298,,
69,Non CIP,base_ets,0.012928044332545876,-8555.177512278571,17130.355024557142,17130.52976641576,17181.822746351667,576.6972641487566,611.608561048175,0.08955373556542422,82.13722852251217,1.8096635301390052e-14,,
69,<aggregated>,base_ets,0.011747775983632547,-8560.410232465145,17146.82046493029,17147.110273847487,17213.728503263173,579.3708782912631,617.242044301445,0.08511173976549061,76.3626655163724,2.630118345336996e-13,,
69,CIP,mint_arima,14.068596261946432,-3478.043099825768,6970.086199651536,6970.174947670554,7006.113604907704,NA,NA,NA,8.399279485782804,0.3954700801806723,1.01939337570525+1.41878018665095e-20i|6.50884015438049-1.41878018665095e-20i,1.0457051938602+2.98626547752187e-15i|1.33655759079978+4.34489401824444i|1.33655759079978-4.34489401824445i
69,Non CIP,mint_arima,555.2969811825557,-5808.510097518629,11631.020195037258,11631.109013435354,11667.042086311258,NA,NA,NA,17.88726152799437,0.022087768164929633,0.638593262279571+0.800770622797218i|-0.92279400056089+0.444394169057985i|-0.227911296571385-0.998544633884264i|0.638593262279571-0.800770622797218i|-0.227911296571385+0.998544633884264i|-0.92279400056089-0.444394169057985i|1.02422406970541+1.90258850820402e-15i|1.20780226709521-1.91169655780593e-15i|6.75466136224255-1.24762334159649e-16i,0.661858653823557+0.829944501033568i|-0.956413465415333+0.460584450029775i|-0.236214618678329-1.03492386500634i|1.06153886054015-4.97870336202981e-13i|-0.236214618678329+1.03492386500633i|-0.956413465415333-0.460584450029777i|0.661858653823559-0.829944501033577i|1.03531766805895+5.00882178392694e-13i|1.43960129213567+1.04876007556182e-14i
69,<aggregated>,mint_arima,562.9833425349723,-5817.394977922579,11648.789955845157,11648.878774243254,11684.811847119157,NA,NA,NA,15.070133892225478,0.05779601120282707,0.630429211077813+0.790533226395567i|-0.910996604762568+0.438712842673487i|-0.224997580432217-0.985778809376235i|0.630429211077813-0.790533226395567i|-0.224997580432217+0.985778809376235i|-0.910996604762568-0.438712842673487i|1.01112994823394+4.19896532743271e-17i|2.46477441013895-9.05471444351269e-16i|-6.17138319582587+1.09158361039804e-15i,0.64073293384875+0.803453686080593i|-0.925885915561936+0.445883156845999i|-0.228674936513071-1.00189035907412i|0.64073293384875-0.803453686080593i|-0.228674936513071+1.00189035907412i|-0.925885915561936-0.445883156845999i|-0.846990542298918-1.06209254641827i|1.02765583645341-1.35728452775792e-13i|0.302287424690261+1.32440774264392i|-1.35846735547861+2.5129557431843e-16i|0.302287424690261-1.32440774264392i|1.0748083606608+1.27859434001727e-13i|-0.846990542298918+1.06209254641827i|1.22393679534795-0.589416895664177i|1.22393679534794+0.589416895664182i
69,CIP,mint_ets,14.160052289114072,-6220.219281653632,12446.438563307263,12446.457520653235,12461.87887984562,14.137752994170585,14.113390670711834,2.971953033764089,13.88998043721965,0.08467849058570298,,
69,Non CIP,mint_ets,0.012928044332545876,-8555.177512278571,17130.355024557142,17130.52976641576,17181.822746351667,576.6972641487566,611.608561048175,0.08955373556542422,82.13722852251217,1.8096635301390052e-14,,
69,<aggregated>,mint_ets,0.011747775983632547,-8560.410232465145,17146.82046493029,17147.110273847487,17213.728503263173,579.3708782912631,617.242044301445,0.08511173976549061,76.3626655163724,2.630118345336996e-13,,
69,CIP,mint_weather,13.706127920331586,-3458.357902439559,6942.715804879118,6943.005613796316,7009.623843212003,NA,NA,NA,7.750174495059311,0.4582465977704655,3.82760980059916+0i|-4.34349278535135+0i,
69,Non CIP,mint_weather,551.1359641364774,-5799.001639913162,11630.003279826324,11630.437784618656,11712.339031309753,NA,NA,NA,16.748712517134305,0.03283471623952883,0.636814683065524+0.798540355005412i|-0.920223879131194+0.44315646381019i|-0.227276528999173-0.995763535437054i|0.636814683065524-0.798540355005412i|-0.227276528999172+0.995763535437054i|-0.920223879131194-0.44315646381019i|1.02137145012968-7.76005528857883e-17i|2.37073936448677-1.07349228790042e-15i|-5.93111436255602+9.81390585580946e-16i,0.64830153800698+0.812944415506483i|-0.936822865452237+0.451150114320338i|-0.231376140062855-1.0137251050926i|0.64830153800698-0.812944415506483i|-0.231376140062856+1.0137251050926i|-0.936822865452237-0.45115011432034i|-0.85170472772242-1.06800394796373i|1.03979493501787+8.61087542952667e-13i|0.303969897988386+1.33177913980049i|-1.36602832184799-5.8513104817754e-16i|1.07076983607292-8.3449638624733e-13i|-0.851704727722421+1.06800394796372i|0.303969897988386-1.3317791398005i|1.23074899065799-0.592697476023869i|1.23074899065802+0.592697476023852i
69,<aggregated>,mint_weather,560.3330480240775,-5809.507506649628,11651.015013299257,11651.44951809159,11733.350764782686,NA,NA,NA,14.120448153617192,0.07867949840643729,0.639367266520143+0.801741193416079i|-0.92391246909446+0.444932795115687i|-0.228187535486576-0.999754915649951i|0.639367266520144-0.801741193416079i|-0.228187535486576+0.999754915649951i|-0.92391246909446-0.444932795115687i|1.02546547612178+2.31761922405888e-16i|2.41296559411604-1.21314769211192e-15i|-6.02610556094062+1.10170233290735e-15i,0.653564565607772+0.8195440433739i|-0.944428160687361+0.454812631474111i|-0.233254492866181-1.0219547064354i|0.653564565607773-0.819544043373891i|-0.233254492866178+1.0219547064354i|-0.94442816068736-0.45481263147411i|-0.873455803329109-1.09527893407602i|1.0482361758917-5.13028686673184e-13i|0.31173276699463+1.3657904911742i|-1.40091433849468+6.01701368436219e-17i|1.06981802173098+4.92884382449839e-13i|1.26218020558182+0.607833951369475i|-0.87345580332911+1.09527893407602i|0.311732766994627-1.36579049117419i|1.26218020558182-0.607833951369484i
70,CIP,arima_weather,26.408483129330982,-3873.8751497965377,7771.750299593075,7771.998707236387,7833.502113205648,NA,NA,NA,11.660253427179365,0.16701835435032242,,1.01696333624338+1.32348898008484e-23i|-9.65920174483845-1.32348898008484e-23i
70,Non CIP,arima_weather,856.5954489856292,-6078.423186291851,12188.846372583703,12189.280877376035,12271.182124067132,NA,NA,NA,33.70100351236002,4.6019417425990916e-5,0.648578779399653+0.813292065216853i|-0.937223490872167+0.451343045354225i|-0.231475086370308-1.01415861719067i|0.648578779399652-0.813292065216851i|-0.231475086370309+1.01415861719067i|-1.17912929132762+5.9102618076911e-17i|-0.937223490872166-0.451343045354226i|1.04023959568564-3.17927651052629e-16i|2.61611316517594+1.48652536223808e-16i,0.661226950006234+0.829152369501497i|-0.955500626951179+0.460144850194369i|-0.235989166196193-1.03393609314238i|0.661226950006234-0.829152369501497i|-0.235989166196193+1.03393609314238i|-0.955500626951178-0.460144850194369i|1.10785881212278-3.49960802696138e-15i|1.06052568628228+4.10836487652174e-15i|-1.25909795207464-4.91921971303894e-16i
70,<aggregated>,arima_weather,887.820943579447,-6101.127387835406,12234.254775670812,12234.689280463144,12316.590527154241,NA,NA,NA,29.18468710407341,2.9428025480104925e-4,0.649672465555172+0.814663504277725i|-0.938803913157249+0.452104136613719i|-0.231865418439985-1.01586877372732i|0.649672465555157-0.814663504277732i|-0.231865418439976+1.01586877372732i|-1.20694899119926+1.15700435891594e-14i|-0.93880391315727-0.452104136613717i|1.04199373208414-9.66584350486386e-15i|2.72713506998297+4.02251139946095e-17i,0.662034765222464+0.83016533774281i|-0.95666795376017+0.460707005157431i|-0.236277472108902-1.03519924387851i|0.662034765222455-0.830165337742828i|-0.236277472108884+1.03519924387851i|-0.956667953760177-0.460707005157415i|1.06182132129337+5.30995038260189e-14i|1.11472262238478-5.35913724230016e-14i|-1.30002518474567-3.03873370297022e-16i
70,CIP,base_arima,27.325438226048078,-3899.6385157374707,7805.277031474941,7805.296003806957,7820.714984878085,NA,NA,NA,15.787834610151661,0.04551950072562727,,1.04120084322308+0i|-10.565223755269+0i
70,Non CIP,base_arima,940.8360836166362,-6143.077927886587,12298.155855773173,12298.222416787436,12329.03176257946,NA,NA,NA,76.86570179029681,2.084998840246044e-13,,0.937664938495677+0.694436037026939i|-0.885675153574642+0.759629165281532i|-0.543502413785014-1.03250281966474i|0.937664938495677-0.694436037026939i|0.468374997870345+1.06868227634584i|-1.14611142243147+0.218827680556864i|0.0416925704045554-1.16606975605186i|1.08714180871286+7.007487097844e-14i|0.041692570404545+1.16606975605186i|-1.14611142243147-0.218827680556872i|0.468374997870352-1.06868227634585i|1.12755648302054+0.300122181792847i|-0.543502413785011+1.03250281966473i|-0.885675153574633-0.759629165281533i|1.12755648302058-0.300122181792896i|-1.09536331350286+2.16648272441773i|-1.09536331350286-2.16648272441773i
70,<aggregated>,base_arima,979.0225006188268,-6168.3254263337585,12348.650852667517,12348.71741368178,12379.526759473803,NA,NA,NA,67.70594180394076,1.404432126150823e-11,,0.939607793804463+0.693906126998293i|-0.885590855474623+0.761641225225885i|-0.545482785277694-1.03286836055208i|0.939607793804463-0.693906126998293i|0.46742604781462+1.07045850414122i|-1.1476319552349+0.217507274792325i|0.0433182212193418-1.16725834799939i|1.08787607906291+2.25667983174489e-14i|0.0433182212193371+1.16725834799938i|-1.1476319552349-0.217507274792329i|0.467426047814624-1.07045850414122i|1.1283535331488+0.301971560737912i|-0.545482785277689+1.03286836055208i|-0.885590855474618-0.761641225225882i|1.12835353314881-0.301971560737927i|-1.08994377119232+2.21105621042441i|-1.08994377119232-2.21105621042441i
70,CIP,base_ets,0.06127579506522118,-6625.340452481864,13276.680904963729,13276.970713880926,13343.588943296612,26.938991413444512,27.15094422778351,0.19217840162709207,21.216479570847575,0.006594068561176947,,
70,Non CIP,base_ets,0.012972138658329347,-8841.356516029553,17702.713032059106,17702.887773917722,17754.18075385363,912.1120093808848,1029.8523401804514,0.08774521804181751,127.31343027029108,0,,
70,<aggregated>,base_ets,0.011476622981197249,-8862.643197395806,17745.286394791612,17745.46113665023,17796.75411658614,937.7458628555275,1055.4001543171362,0.08196574652177531,108.30969754848468,0,,
70,CIP,mint_arima,27.325438226048078,-3899.6385157374707,7805.277031474941,7805.296003806957,7820.714984878085,NA,NA,NA,15.787834610151661,0.04551950072562727,,1.04120084322308+0i|-10.565223755269+0i
70,Non CIP,mint_arima,940.8360836166362,-6143.077927886587,12298.155855773173,12298.222416787436,12329.03176257946,NA,NA,NA,76.86570179029681,2.084998840246044e-13,,0.937664938495677+0.694436037026939i|-0.885675153574642+0.759629165281532i|-0.543502413785014-1.03250281966474i|0.937664938495677-0.694436037026939i|0.468374997870345+1.06868227634584i|-1.14611142243147+0.218827680556864i|0.0416925704045554-1.16606975605186i|1.08714180871286+7.007487097844e-14i|0.041692570404545+1.16606975605186i|-1.14611142243147-0.218827680556872i|0.468374997870352-1.06868227634585i|1.12755648302054+0.300122181792847i|-0.543502413785011+1.03250281966473i|-0.885675153574633-0.759629165281533i|1.12755648302058-0.300122181792896i|-1.09536331350286+2.16648272441773i|-1.09536331350286-2.16648272441773i
70,<aggregated>,mint_arima,979.0225006188268,-6168.3254263337585,12348.650852667517,12348.71741368178,12379.526759473803,NA,NA,NA,67.70594180394076,1.404432126150823e-11,,0.939607793804463+0.693906126998293i|-0.885590855474623+0.761641225225885i|-0.545482785277694-1.03286836055208i|0.939607793804463-0.693906126998293i|0.46742604781462+1.07045850414122i|-1.1476319552349+0.217507274792325i|0.0433182212193418-1.16725834799939i|1.08787607906291+2.25667983174489e-14i|0.0433182212193371+1.16725834799938i|-1.1476319552349-0.217507274792329i|0.467426047814624-1.07045850414122i|1.1283535331488+0.301971560737912i|-0.545482785277689+1.03286836055208i|-0.885590855474618-0.761641225225882i|1.12835353314881-0.301971560737927i|-1.08994377119232+2.21105621042441i|-1.08994377119232-2.21105621042441i
70,CIP,mint_ets,0.06127579506522118,-6625.340452481864,13276.680904963729,13276.970713880926,13343.588943296612,26.938991413444512,27.15094422778351,0.19217840162709207,21.216479570847575,0.006594068561176947,,
70,Non CIP,mint_ets,0.012972138658329347,-8841.356516029553,17702.713032059106,17702.887773917722,17754.18075385363,912.1120093808848,1029.8523401804514,0.08774521804181751,127.31343027029108,0,,
70,<aggregated>,mint_ets,0.011476622981197249,-8862.643197395806,17745.286394791612,17745.46113665023,17796.75411658614,937.7458628555275,1055.4001543171362,0.08196574652177531,108.30969754848468,0,,
70,CIP,mint_weather,26.408483129330982,-3873.8751497965377,7771.750299593075,7771.998707236387,7833.502113205648,NA,NA,NA,11.660253427179365,0.16701835435032242,,1.01696333624338+1.32348898008484e-23i|-9.65920174483845-1.32348898008484e-23i
70,Non CIP,mint_weather,856.5954489856292,-6078.423186291851,12188.846372583703,12189.280877376035,12271.182124067132,NA,NA,NA,33.70100351236002,4.6019417425990916e-5,0.648578779399653+0.813292065216853i|-0.937223490872167+0.451343045354225i|-0.231475086370308-1.01415861719067i|0.648578779399652-0.813292065216851i|-0.231475086370309+1.01415861719067i|-1.17912929132762+5.9102618076911e-17i|-0.937223490872166-0.451343045354226i|1.04023959568564-3.17927651052629e-16i|2.61611316517594+1.48652536223808e-16i,0.661226950006234+0.829152369501497i|-0.955500626951179+0.460144850194369i|-0.235989166196193-1.03393609314238i|0.661226950006234-0.829152369501497i|-0.235989166196193+1.03393609314238i|-0.955500626951178-0.460144850194369i|1.10785881212278-3.49960802696138e-15i|1.06052568628228+4.10836487652174e-15i|-1.25909795207464-4.91921971303894e-16i
70,<aggregated>,mint_weather,887.820943579447,-6101.127387835406,12234.254775670812,12234.689280463144,12316.590527154241,NA,NA,NA,29.18468710407341,2.9428025480104925e-4,0.649672465555172+0.814663504277725i|-0.938803913157249+0.452104136613719i|-0.231865418439985-1.01586877372732i|0.649672465555157-0.814663504277732i|-0.231865418439976+1.01586877372732i|-1.20694899119926+1.15700435891594e-14i|-0.93880391315727-0.452104136613717i|1.04199373208414-9.66584350486386e-15i|2.72713506998297+4.02251139946095e-17i,0.662034765222464+0.83016533774281i|-0.95666795376017+0.460707005157431i|-0.236277472108902-1.03519924387851i|0.662034765222455-0.830165337742828i|-0.236277472108884+1.03519924387851i|-0.956667953760177-0.460707005157415i|1.06182132129337+5.30995038260189e-14i|1.11472262238478-5.35913724230016e-14i|-1.30002518474567-3.03873370297022e-16i
71,CIP,arima_weather,22.485821746182804,-3771.911807498402,7565.823614996804,7566.033638863153,7622.429444141662,NA,NA,NA,13.074801868725645,0.10930170079604695,,1.05160142377553+0i
71,Non CIP,arima_weather,657.6002256719494,-5910.821560693317,11853.643121386634,11854.077626178967,11935.978872870064,NA,NA,NA,7.027976743602074,0.5336172185264323,0.637621931832389+0.799552612941688i|-0.921390387397134+0.443718224583696i|-0.227564632748428-0.997025800437291i|0.637621931832389-0.799552612941688i|-0.227564632748428+0.997025800437291i|-0.921390387397134-0.443718224583696i|-0.320451690223765-1.40399058978571i|1.02266617662635-1.3053499226819e-15i|-0.320451690223765+1.40399058978571i|-1.29748240502623+0.624834594609984i|0.89788568334041-1.12591303466405i|1.44009682381923-8.95661204405132e-14i|0.89788568334041+1.12591303466405i|-1.29748240502623-0.624834594609984i|1.44407367920648+8.94427491363147e-14i,0.643096404619873+0.806417384686807i|-0.929301229779797+0.447527885488573i|-0.229518449465169-1.00558603078763i|1.0346414180012+5.55426674281508e-12i|-0.229518449465163+1.00558603078763i|-0.929301229779808-0.447527885488588i|0.643096404619968-0.806417384686827i|1.03144654924263-5.5082037225102e-12i|3.23200105811481-1.028621701374e-14i
71,<aggregated>,arima_weather,690.571214372368,-5941.817887410281,11915.635774820563,11916.070279612895,11997.971526303993,NA,NA,NA,8.35122379642766,0.39993489487944933,0.744034155759318+0.932989321188564i|-1.07516050622925+0.517770010944261i|-0.809841720882169-1.01550939777075i|1.17025519305714-0.563565198504046i|0.289029163829556+1.26631950640353i|-1.29888527200908+7.53679930742522e-16i|-0.265542715761179-1.16341865400832i|1.19333813246228-1.21222051517639e-14i|-0.265542715761178+1.16341865400833i|-1.07516050622925-0.517770010944259i|0.744034155759314-0.932989321188562i|1.17025519305714+0.563565198504046i|-0.809841720882169+1.01550939777075i|0.289029163829552-1.26631950640353i|1.47920712377562+1.32376429610407e-15i,1.03948166195279+0i|3.4409638405681-5.29395592033938e-23i|45.3716030111483+5.29395592033938e-23i
71,CIP,base_arima,23.33487681074279,-3799.8713963157807,7603.742792631561,7603.752271304547,7614.03476156699,NA,NA,NA,12.488480320710703,0.13070347035611318,,1.06102155646021+0i
71,Non CIP,base_arima,691.9920796581495,-5948.737029487227,11907.474058974454,11907.521564912697,11933.203981313027,NA,NA,NA,19.482638988846915,0.012481049793578225,0.788114338715186+0.988264122292113i|-1.13885821614572+0.548445211316196i|-0.281274750914051-1.23234520358401i|0.788114338715186-0.988264122292113i|-0.281274750914051+1.23234520358401i|-1.13885821614572-0.548445211316196i|1.26403725668917-6.650382041276e-16i|1.65863684693338+3.0898743403286e-16i,1.03876281852502+9.17074101662758e-17i|5.06876131200261-9.17074101662758e-17i
71,<aggregated>,base_arima,727.0442883421703,-5979.610482743277,11971.220965486555,11971.287526500817,12002.096872292841,NA,NA,NA,15.581332689420758,0.048779908470003575,1.73451449304609+0i|-5.22284743682347+0i,0.956222818894799+0.700007083654698i|-0.895236039310771+0.776482086374844i|-0.557805299737228-1.04557412177565i|1.03819130951796-8.82465982969763e-15i|0.46967684984915+1.0880145464366i|-1.16524868146698+0.215795057592439i|0.0489075999336452-1.18405238195385i|1.14348275183739-0.311157826178698i|0.0489075999336434+1.18405238195386i|-1.16524868146698-0.215795057592439i|0.46967684984915-1.0880145464366i|1.14348275183739+0.311157826178704i|-0.55780529973723+1.04557412177565i|-0.895236039310772-0.776482086374847i|0.956222818894802-0.700007083654694i
71,CIP,base_ets,0.10059628042631963,-6523.615251386669,13067.230502773338,13067.405244631957,13118.698224567865,22.84214390742116,22.889670477066062,0.24479923577184734,14.438269997043543,0.07103336390911119,,
71,Non CIP,base_ets,0.01641192212233386,-8679.48827745872,17378.97655491744,17379.151296776057,17430.44427671197,709.3218684908979,833.9061510946607,0.10112955391503758,94.63511795243183,0,,
71,<aggregated>,base_ets,0.014903993831674673,-8710.2183961452,17440.4367922904,17440.611534149015,17491.904514084927,741.4466299288061,868.2767880161847,0.09566599652473277,90.1233239836899,4.440892098500626e-16,,
71,CIP,mint_arima,23.33487681074279,-3799.8713963157807,7603.742792631561,7603.752271304547,7614.03476156699,NA,NA,NA,12.488480320710703,0.13070347035611318,,1.06102155646021+0i
71,Non CIP,mint_arima,691.9920796581495,-5948.737029487227,11907.474058974454,11907.521564912697,11933.203981313027,NA,NA,NA,19.482638988846915,0.012481049793578225,0.788114338715186+0.988264122292113i|-1.13885821614572+0.548445211316196i|-0.281274750914051-1.23234520358401i|0.788114338715186-0.988264122292113i|-0.281274750914051+1.23234520358401i|-1.13885821614572-0.548445211316196i|1.26403725668917-6.650382041276e-16i|1.65863684693338+3.0898743403286e-16i,1.03876281852502+9.17074101662758e-17i|5.06876131200261-9.17074101662758e-17i
71,<aggregated>,mint_arima,727.0442883421703,-5979.610482743277,11971.220965486555,11971.287526500817,12002.096872292841,NA,NA,NA,15.581332689420758,0.048779908470003575,1.73451449304609+0i|-5.22284743682347+0i,0.956222818894799+0.700007083654698i|-0.895236039310771+0.776482086374844i|-0.557805299737228-1.04557412177565i|1.03819130951796-8.82465982969763e-15i|0.46967684984915+1.0880145464366i|-1.16524868146698+0.215795057592439i|0.0489075999336452-1.18405238195385i|1.14348275183739-0.311157826178698i|0.0489075999336434+1.18405238195386i|-1.16524868146698-0.215795057592439i|0.46967684984915-1.0880145464366i|1.14348275183739+0.311157826178704i|-0.55780529973723+1.04557412177565i|-0.895236039310772-0.776482086374847i|0.956222818894802-0.700007083654694i
71,CIP,mint_ets,0.10059628042631963,-6523.615251386669,13067.230502773338,13067.405244631957,13118.698224567865,22.84214390742116,22.889670477066062,0.24479923577184734,14.438269997043543,0.07103336390911119,,
71,Non CIP,mint_ets,0.01641192212233386,-8679.48827745872,17378.97655491744,17379.151296776057,17430.44427671197,709.3218684908979,833.9061510946607,0.10112955391503758,94.63511795243183,0,,
71,<aggregated>,mint_ets,0.014903993831674673,-8710.2183961452,17440.4367922904,17440.611534149015,17491.904514084927,741.4466299288061,868.2767880161847,0.09566599652473277,90.1233239836899,4.440892098500626e-16,,
71,CIP,mint_weather,22.485821746182804,-3771.911807498402,7565.823614996804,7566.033638863153,7622.429444141662,NA,NA,NA,13.074801868725645,0.10930170079604695,,1.05160142377553+0i
71,Non CIP,mint_weather,657.6002256719494,-5910.821560693317,11853.643121386634,11854.077626178967,11935.978872870064,NA,NA,NA,7.027976743602074,0.5336172185264323,0.637621931832389+0.799552612941688i|-0.921390387397134+0.443718224583696i|-0.227564632748428-0.997025800437291i|0.637621931832389-0.799552612941688i|-0.227564632748428+0.997025800437291i|-0.921390387397134-0.443718224583696i|-0.320451690223765-1.40399058978571i|1.02266617662635-1.3053499226819e-15i|-0.320451690223765+1.40399058978571i|-1.29748240502623+0.624834594609984i|0.89788568334041-1.12591303466405i|1.44009682381923-8.95661204405132e-14i|0.89788568334041+1.12591303466405i|-1.29748240502623-0.624834594609984i|1.44407367920648+8.94427491363147e-14i,0.643096404619873+0.806417384686807i|-0.929301229779797+0.447527885488573i|-0.229518449465169-1.00558603078763i|1.0346414180012+5.55426674281508e-12i|-0.229518449465163+1.00558603078763i|-0.929301229779808-0.447527885488588i|0.643096404619968-0.806417384686827i|1.03144654924263-5.5082037225102e-12i|3.23200105811481-1.028621701374e-14i
71,<aggregated>,mint_weather,690.571214372368,-5941.817887410281,11915.635774820563,11916.070279612895,11997.971526303993,NA,NA,NA,8.35122379642766,0.39993489487944933,0.744034155759318+0.932989321188564i|-1.07516050622925+0.517770010944261i|-0.809841720882169-1.01550939777075i|1.17025519305714-0.563565198504046i|0.289029163829556+1.26631950640353i|-1.29888527200908+7.53679930742522e-16i|-0.265542715761179-1.16341865400832i|1.19333813246228-1.21222051517639e-14i|-0.265542715761178+1.16341865400833i|-1.07516050622925-0.517770010944259i|0.744034155759314-0.932989321188562i|1.17025519305714+0.563565198504046i|-0.809841720882169+1.01550939777075i|0.289029163829552-1.26631950640353i|1.47920712377562+1.32376429610407e-15i,1.03948166195279+0i|3.4409638405681-5.29395592033938e-23i|45.3716030111483+5.29395592033938e-23i
72,CIP,arima_weather,18.245782147300286,-3639.2926738943893,7302.585347788779,7302.833755432091,7364.337161401351,NA,NA,NA,8.914864900453368,0.3495287310506535,10.1367935363267+0i,1.01593687437281+0i
72,Non CIP,arima_weather,564.6897172305386,-5815.494143973494,11656.988287946988,11657.278327787626,11723.886086027274,NA,NA,NA,26.77554896163872,7.729103287045236e-4,0.88667288395396+1.11185262895927i|-1.28127944045631+0.61703165812367i|-0.316449888455237-1.38645755065186i|0.88667288395396-1.11185262895927i|-0.316449888455237+1.38645755065186i|-1.28127944045631-0.61703165812367i|1.42211288991517-1.56827902417691e-16i|4.32084355200572-1.95187838360645e-17i,1.14111000836509+0i
72,<aggregated>,arima_weather,572.9333323375217,-5824.1983496956855,11676.396699391371,11676.731627621037,11748.440481939373,NA,NA,NA,28.767096733515146,3.483605806681167e-4,2.85958881063548+0i|-9.19649647986166+0i,1.2732643874925+0.613171812047903i|-0.881126295206754+1.10489742666095i|-0.881126295206754-1.10489742666095i|1.1208777096559+2.37595077456086e-16i|0.314470333850464+1.37778455524613i|-1.41321685227243+3.63908089914965e-15i|0.314470333850453-1.37778455524613i|1.27326438749251-0.613171812047905i
72,CIP,base_arima,19.565743155456726,-3687.197667398353,7382.395334796706,7382.4269803663265,7402.979272667564,NA,NA,NA,6.137728547332494,0.6318074302606893,8.69128513168818+0i,1.03559056515169-2.49805898013054e-18i|-0.930994700256864+1.16743042869629i|-0.930994700256865-1.16743042869629i|1.34532632067594-0.647875010051249i|0.33226816155122+1.45576193334341i|-1.49319956394059-8.35532527915559e-16i|0.332268161551222-1.45576193334341i|1.34532632067594+0.64787501005125i
72,Non CIP,base_arima,603.1214281439911,-5860.428973212429,11734.857946424858,11734.946764822955,11770.879837698858,NA,NA,NA,42.741312595824894,9.826516952360365e-7,0.799705149372976+1.00279853913834i|-1.15560742282927+0.556511204140158i|-0.285411463343337-1.25046932494318i|0.799705149372984-1.00279853913834i|-0.28541146334334+1.25046932494318i|-1.15560742282927-0.556511204140161i|1.28262747359926+3.5527136788005e-15i|1835.30856779368+6.94938244407876e-17i,1.08376986183805-3.73223892383926e-20i|-2.48996191635958+3.65282958503417e-19i|0.354326651094597-2.39657506287677i|0.354326651094597+2.39657506287677i
72,<aggregated>,base_arima,613.1019165504362,-5870.851357231115,11755.70271446223,11755.791532860327,11791.72460573623,NA,NA,NA,38.803013421357875,5.3467361691428295e-6,0.801482519760676+1.00502729110985i|-1.15817579745429+0.557748068171154i|-0.286045799490421-1.2532485331934i|0.801482519760667-1.00502729110986i|-0.286045799490419+1.25324853319341i|-1.15817579745429-0.55774806817115i|1.28547815436808-2.25912425681814e-15i|55.7083546640417+2.27181342987121e-16i,1.08014685017222+6.40579254272905e-18i|-2.37558886517778-2.75761440107442e-18i|0.428134632292458-2.27942745385527i|0.428134632292458+2.27942745385527i
72,CIP,base_ets,19.158328839763016,-6408.672655957033,12837.345311914067,12837.520053772685,12888.813033708593,19.02256115507174,19.205032198111198,3.4370398900068317,19.025140297657195,0.01472577379254214,,
72,Non CIP,base_ets,584.0588027967062,-8578.635372187362,17177.270744374724,17177.44548623334,17228.73846616925,579.9198034068082,632.2793873259183,18.965236126800328,66.3310530442345,2.631139750519651e-11,,
72,<aggregated>,base_ets,595.0045605886328,-8590.425673023374,17200.851346046747,17201.026087905364,17252.319067841272,590.7879928364305,644.6625015223449,19.146848168958943,70.11044077761154,4.671818487622659e-12,,
72,CIP,mint_arima,19.565743155456726,-3687.197667398353,7382.395334796706,7382.4269803663265,7402.979272667564,NA,NA,NA,6.137728547332494,0.6318074302606893,8.69128513168818+0i,1.03559056515169-2.49805898013054e-18i|-0.930994700256864+1.16743042869629i|-0.930994700256865-1.16743042869629i|1.34532632067594-0.647875010051249i|0.33226816155122+1.45576193334341i|-1.49319956394059-8.35532527915559e-16i|0.332268161551222-1.45576193334341i|1.34532632067594+0.64787501005125i
72,Non CIP,mint_arima,603.1214281439911,-5860.428973212429,11734.857946424858,11734.946764822955,11770.879837698858,NA,NA,NA,42.741312595824894,9.826516952360365e-7,0.799705149372976+1.00279853913834i|-1.15560742282927+0.556511204140158i|-0.285411463343337-1.25046932494318i|0.799705149372984-1.00279853913834i|-0.28541146334334+1.25046932494318i|-1.15560742282927-0.556511204140161i|1.28262747359926+3.5527136788005e-15i|1835.30856779368+6.94938244407876e-17i,1.08376986183805-3.73223892383926e-20i|-2.48996191635958+3.65282958503417e-19i|0.354326651094597-2.39657506287677i|0.354326651094597+2.39657506287677i
72,<aggregated>,mint_arima,613.1019165504362,-5870.851357231115,11755.70271446223,11755.791532860327,11791.72460573623,NA,NA,NA,38.803013421357875,5.3467361691428295e-6,0.801482519760676+1.00502729110985i|-1.15817579745429+0.557748068171154i|-0.286045799490421-1.2532485331934i|0.801482519760667-1.00502729110986i|-0.286045799490419+1.25324853319341i|-1.15817579745429-0.55774806817115i|1.28547815436808-2.25912425681814e-15i|55.7083546640417+2.27181342987121e-16i,1.08014685017222+6.40579254272905e-18i|-2.37558886517778-2.75761440107442e-18i|0.428134632292458-2.27942745385527i|0.428134632292458+2.27942745385527i
72,CIP,mint_ets,19.158328839763016,-6408.672655957033,12837.345311914067,12837.520053772685,12888.813033708593,19.02256115507174,19.205032198111198,3.4370398900068317,19.025140297657195,0.01472577379254214,,
72,Non CIP,mint_ets,584.0588027967062,-8578.635372187362,17177.270744374724,17177.44548623334,17228.73846616925,579.9198034068082,632.2793873259183,18.965236126800328,66.3310530442345,2.631139750519651e-11,,
72,<aggregated>,mint_ets,595.0045605886328,-8590.425673023374,17200.851346046747,17201.026087905364,17252.319067841272,590.7879928364305,644.6625015223449,19.146848168958943,70.11044077761154,4.671818487622659e-12,,
72,CIP,mint_weather,18.245782147300286,-3639.2926738943893,7302.585347788779,7302.833755432091,7364.337161401351,NA,NA,NA,8.914864900453368,0.3495287310506535,10.1367935363267+0i,1.01593687437281+0i
72,Non CIP,mint_weather,564.6897172305386,-5815.494143973494,11656.988287946988,11657.278327787626,11723.886086027274,NA,NA,NA,26.77554896163872,7.729103287045236e-4,0.88667288395396+1.11185262895927i|-1.28127944045631+0.61703165812367i|-0.316449888455237-1.38645755065186i|0.88667288395396-1.11185262895927i|-0.316449888455237+1.38645755065186i|-1.28127944045631-0.61703165812367i|1.42211288991517-1.56827902417691e-16i|4.32084355200572-1.95187838360645e-17i,1.14111000836509+0i
72,<aggregated>,mint_weather,572.9333323375217,-5824.1983496956855,11676.396699391371,11676.731627621037,11748.440481939373,NA,NA,NA,28.767096733515146,3.483605806681167e-4,2.85958881063548+0i|-9.19649647986166+0i,1.2732643874925+0.613171812047903i|-0.881126295206754+1.10489742666095i|-0.881126295206754-1.10489742666095i|1.1208777096559+2.37595077456086e-16i|0.314470333850464+1.37778455524613i|-1.41321685227243+3.63908089914965e-15i|0.314470333850453-1.37778455524613i|1.27326438749251-0.613171812047905i
73,CIP,arima_weather,48.38685346235771,-4255.8680536485945,8543.736107297189,8544.170612089521,8626.071858780619,NA,NA,NA,5.826233290735589,0.6666891121770362,0.676129930520679+0.847840115979571i|-0.977036057751238+0.470515767072763i|-0.241307978361077-1.05723933183998i|0.676129930520679-0.847840115979571i|-0.241307978361077+1.05723933183998i|-0.97703605775124-0.470515767072768i|-0.844723322246488-1.05924954239577i|1.08442821118328+2.9502740311535e-14i|0.301478263221947+1.32086257461458i|-1.35483101684778+8.21784245055409e-16i|0.301478263221953-1.32086257461459i|1.22066056744842+0.587839147462354i|-0.844723322246491+1.05924954239577i|1.22066056744843-0.587839147462368i|-2.9190721591617+0i,0.69339544130578+0.869490381713575i|-1.00198544370661+0.482530758103701i|-0.247469967817328-1.08423677162534i|1.02892015028957+7.1217478690562e-17i|-0.247469967817328+1.08423677162534i|-1.00198544370661-0.482530758103701i|0.69339544130578-0.869490381713576i|1.11211994043631-2.11640329827317e-15i|-2.56379622437718+2.27045865678116e-15i
73,Non CIP,arima_weather,1467.1109573851043,-6420.843874166025,12871.68774833205,12872.070828938593,12948.877515347765,NA,NA,NA,14.088850653622673,0.07947875070151089,0.632287514976511+0.792863465779857i|-0.913681931699491+0.440006027969509i|-0.22566080141495-0.988684570360224i|0.632287514976511-0.792863465779857i|-0.22566080141495+0.988684570360224i|-0.913681931699491-0.440006027969509i|-0.352828014634767-1.54584053532088i|1.01411043627586-2.13375333133043e-17i|-0.352828014634767+1.54584053532088i|-1.42857146632394+0.687963759334263i|0.988602128454256-1.23966785881057i|1.5855947050089+4.1464383685038e-16i|0.988602128454256+1.23966785881057i|-1.42857146632394-0.687963759334265i|4.22059979064522+1.11920383840932e-15i,0.64508512007837+0.808911154994659i|-0.932175006880691+0.448911823600474i|-0.230228213794733-1.00869571149789i|0.645085120078389-0.808911154994686i|-0.230228213794724+1.00869571149788i|-0.932175006880697-0.448911823600469i|1.03463620119405+1.17885037316892e-13i|1.17907047384076-8.42425024415306e-14i
73,<aggregated>,arima_weather,1522.7978087863103,-6444.080481155905,12920.16096231181,12920.595467104142,13002.496713795239,NA,NA,NA,17.901849414712554,0.021974493983447307,0.631947087274375+0.792436582943537i|-0.913189999416908+0.439769125868045i|-0.636336896347967-0.797941229411712i|0.919533457320392-0.442823974189821i|0.22710600889394+0.995016438041654i|-1.02060513973271+4.21342704542863e-15i|-0.225539304174762-0.988152256170167i|1.01356443263456+1.80768960778473e-14i|-0.225539304174744+0.988152256170162i|-0.913189999416913-0.439769125868036i|0.227106008893936-0.99501643804168i|0.919533457320364+0.442823974189832i|-0.636336896347959+0.797941229411717i|0.631947087274401-0.792436582943554i|4.51306473883326+1.11143388853085e-15i,0.64532902260293+0.809216999086712i|-0.932527456240368+0.44908155426651i|-0.633459356199068-0.794332908194982i|0.915375291328632-0.440821506987417i|0.226079026705107+0.990516935080722i|-1.01598992366934-9.00582014492054e-18i|-0.230315261597904-1.00907709284259i|1.0350273904707-8.27918580479202e-14i|-0.230315261597902+1.00907709284259i|-0.932527456240369-0.449081554266509i|0.226079026705109-0.990516935080717i|0.915375291328631+0.440821506987437i|-0.633459356199071+0.794332908194983i|0.645329022602918-0.80921699908671i|1.18506729808881+5.06068398709282e-14i
73,CIP,base_arima,50.11714880711071,-4282.473764990897,8578.947529981793,8579.03634837989,8614.969421255793,NA,NA,NA,7.204301568584911,0.5147592168831215,0.66145609107426+0.829439703312532i|-0.955831745388135+0.460304308429426i|-0.236070945696537-1.0342943925442i|0.661456091074263-0.829439703312532i|-0.236070945696535+1.03429439254419i|-0.955831745388139-0.460304308429424i|-0.845163584491546-1.05980161378924i|1.06089320002082+6.60503930881829e-16i|0.301635390998+1.32155099638204i|-1.3555371426637-2.65174728505832e-16i|0.301635390998002-1.32155099638204i|1.22129676482539+0.588145523971658i|-0.845163584491546+1.05980161378924i|-2.6748030287078+2.24020024724371e-16i|1.2212967648254-0.588145523971656i,0.676050304948453+0.847740268670136i|-0.976920995465615+0.470460355996425i|-0.241279560323371-1.05711482428163i|1.04832025299502+2.32433204619265e-14i|-0.241279560323371+1.05711482428163i|-0.976920995465615-0.470460355996425i|0.676050304948453-0.847740268670137i|1.08430050168107-2.17012702790254e-14i|-2.31865725089725+3.01905308490368e-16i
73,Non CIP,base_arima,1588.3070729284532,-6475.380164447532,12962.760328895063,12962.826889909325,12993.63623570135,NA,NA,NA,38.585854468922875,5.865790731474085e-6,0.746745841591809+0.936389667670685i|-1.07907900578982+0.519657060876437i|-0.266510505229807-1.16765881671712i|0.746745841591809-0.936389667670685i|-0.266510505229807+1.16765881671712i|-1.07907900578982-0.519657060876438i|1.19768733885563-6.17209747607057e-18i|3.8992532410673-2.78163237598148e-17i|-3.1672368267927-4.17465466698066e-17i,1.1180071554944+6.46234853557053e-27i|-2.88541033421271-6.46234853557053e-27i
73,<aggregated>,base_arima,1635.0230252242911,-6494.394253796887,12998.788507593774,12998.836013532016,13024.518429932346,NA,NA,NA,33.671240059346864,4.659342732937777e-5,0.685845287231151+0.860022787960748i|-0.991075154959576+0.47727663995927i|-0.7514568374298-0.942297069602419i|0.685845287231151-0.860022787960748i|0.268191840178043+1.17502522643695i|-1.20524318952704+1.35662850985656e-17i|-0.244775349026143-1.07243087531929i|1.10001043350913-1.01958054663182e-15i|-0.244775349026143+1.07243087531928i|-0.991075154959576-0.47727663995927i|0.268191840178043-1.17502522643695i|1.08588659201527+0.522935421617964i|-0.7514568374298+0.942297069602419i|1.08588659201528-0.522935421617963i|3.52141720860637+1.75917142919238e-16i,1.11360223113885+0i
73,CIP,base_ets,50.060644352356874,-7018.588638364197,14057.177276728395,14057.352018587013,14108.644998522921,49.705883880568535,49.981605844709925,5.59580310574285,14.15848973590529,0.07772683004732239,,
73,Non CIP,base_ets,1560.4160588675247,-9202.65374670768,18425.30749341536,18425.482235273976,18476.775215209884,1549.3579923086234,1702.241004868098,30.343424359431104,80.53493431274792,3.8191672047105385e-14,,
73,<aggregated>,base_ets,1619.8200769326581,-9226.37899094496,18472.75798188992,18472.932723748538,18524.225703684446,1608.3410370173858,1759.5176134617084,31.068759726654473,79.19327496687193,7.105427357601002e-14,,
73,CIP,mint_arima,50.11714880711071,-4282.473764990897,8578.947529981793,8579.03634837989,8614.969421255793,NA,NA,NA,7.204301568584911,0.5147592168831215,0.66145609107426+0.829439703312532i|-0.955831745388135+0.460304308429426i|-0.236070945696537-1.0342943925442i|0.661456091074263-0.829439703312532i|-0.236070945696535+1.03429439254419i|-0.955831745388139-0.460304308429424i|-0.845163584491546-1.05980161378924i|1.06089320002082+6.60503930881829e-16i|0.301635390998+1.32155099638204i|-1.3555371426637-2.65174728505832e-16i|0.301635390998002-1.32155099638204i|1.22129676482539+0.588145523971658i|-0.845163584491546+1.05980161378924i|-2.6748030287078+2.24020024724371e-16i|1.2212967648254-0.588145523971656i,0.676050304948453+0.847740268670136i|-0.976920995465615+0.470460355996425i|-0.241279560323371-1.05711482428163i|1.04832025299502+2.32433204619265e-14i|-0.241279560323371+1.05711482428163i|-0.976920995465615-0.470460355996425i|0.676050304948453-0.847740268670137i|1.08430050168107-2.17012702790254e-14i|-2.31865725089725+3.01905308490368e-16i
73,Non CIP,mint_arima,1588.3070729284532,-6475.380164447532,12962.760328895063,12962.826889909325,12993.63623570135,NA,NA,NA,38.585854468922875,5.865790731474085e-6,0.746745841591809+0.936389667670685i|-1.07907900578982+0.519657060876437i|-0.266510505229807-1.16765881671712i|0.746745841591809-0.936389667670685i|-0.266510505229807+1.16765881671712i|-1.07907900578982-0.519657060876438i|1.19768733885563-6.17209747607057e-18i|3.8992532410673-2.78163237598148e-17i|-3.1672368267927-4.17465466698066e-17i,1.1180071554944+6.46234853557053e-27i|-2.88541033421271-6.46234853557053e-27i
73,<aggregated>,mint_arima,1635.0230252242911,-6494.394253796887,12998.788507593774,12998.836013532016,13024.518429932346,NA,NA,NA,33.671240059346864,4.659342732937777e-5,0.685845287231151+0.860022787960748i|-0.991075154959576+0.47727663995927i|-0.7514568374298-0.942297069602419i|0.685845287231151-0.860022787960748i|0.268191840178043+1.17502522643695i|-1.20524318952704+1.35662850985656e-17i|-0.244775349026143-1.07243087531929i|1.10001043350913-1.01958054663182e-15i|-0.244775349026143+1.07243087531928i|-0.991075154959576-0.47727663995927i|0.268191840178043-1.17502522643695i|1.08588659201527+0.522935421617964i|-0.7514568374298+0.942297069602419i|1.08588659201528-0.522935421617963i|3.52141720860637+1.75917142919238e-16i,1.11360223113885+0i
73,CIP,mint_ets,50.060644352356874,-7018.588638364197,14057.177276728395,14057.352018587013,14108.644998522921,49.705883880568535,49.981605844709925,5.59580310574285,14.15848973590529,0.07772683004732239,,
73,Non CIP,mint_ets,1560.4160588675247,-9202.65374670768,18425.30749341536,18425.482235273976,18476.775215209884,1549.3579923086234,1702.241004868098,30.343424359431104,80.53493431274792,3.8191672047105385e-14,,
73,<aggregated>,mint_ets,1619.8200769326581,-9226.37899094496,18472.75798188992,18472.932723748538,18524.225703684446,1608.3410370173858,1759.5176134617084,31.068759726654473,79.19327496687193,7.105427357601002e-14,,
73,CIP,mint_weather,48.38685346235771,-4255.8680536485945,8543.736107297189,8544.170612089521,8626.071858780619,NA,NA,NA,5.826233290735589,0.6666891121770362,0.676129930520679+0.847840115979571i|-0.977036057751238+0.470515767072763i|-0.241307978361077-1.05723933183998i|0.676129930520679-0.847840115979571i|-0.241307978361077+1.05723933183998i|-0.97703605775124-0.470515767072768i|-0.844723322246488-1.05924954239577i|1.08442821118328+2.9502740311535e-14i|0.301478263221947+1.32086257461458i|-1.35483101684778+8.21784245055409e-16i|0.301478263221953-1.32086257461459i|1.22066056744842+0.587839147462354i|-0.844723322246491+1.05924954239577i|1.22066056744843-0.587839147462368i|-2.9190721591617+0i,0.69339544130578+0.869490381713575i|-1.00198544370661+0.482530758103701i|-0.247469967817328-1.08423677162534i|1.02892015028957+7.1217478690562e-17i|-0.247469967817328+1.08423677162534i|-1.00198544370661-0.482530758103701i|0.69339544130578-0.869490381713576i|1.11211994043631-2.11640329827317e-15i|-2.56379622437718+2.27045865678116e-15i
73,Non CIP,mint_weather,1467.1109573851043,-6420.843874166025,12871.68774833205,12872.070828938593,12948.877515347765,NA,NA,NA,14.088850653622673,0.07947875070151089,0.632287514976511+0.792863465779857i|-0.913681931699491+0.440006027969509i|-0.22566080141495-0.988684570360224i|0.632287514976511-0.792863465779857i|-0.22566080141495+0.988684570360224i|-0.913681931699491-0.440006027969509i|-0.352828014634767-1.54584053532088i|1.01411043627586-2.13375333133043e-17i|-0.352828014634767+1.54584053532088i|-1.42857146632394+0.687963759334263i|0.988602128454256-1.23966785881057i|1.5855947050089+4.1464383685038e-16i|0.988602128454256+1.23966785881057i|-1.42857146632394-0.687963759334265i|4.22059979064522+1.11920383840932e-15i,0.64508512007837+0.808911154994659i|-0.932175006880691+0.448911823600474i|-0.230228213794733-1.00869571149789i|0.645085120078389-0.808911154994686i|-0.230228213794724+1.00869571149788i|-0.932175006880697-0.448911823600469i|1.03463620119405+1.17885037316892e-13i|1.17907047384076-8.42425024415306e-14i
73,<aggregated>,mint_weather,1522.7978087863103,-6444.080481155905,12920.16096231181,12920.595467104142,13002.496713795239,NA,NA,NA,17.901849414712554,0.021974493983447307,0.631947087274375+0.792436582943537i|-0.913189999416908+0.439769125868045i|-0.636336896347967-0.797941229411712i|0.919533457320392-0.442823974189821i|0.22710600889394+0.995016438041654i|-1.02060513973271+4.21342704542863e-15i|-0.225539304174762-0.988152256170167i|1.01356443263456+1.80768960778473e-14i|-0.225539304174744+0.988152256170162i|-0.913189999416913-0.439769125868036i|0.227106008893936-0.99501643804168i|0.919533457320364+0.442823974189832i|-0.636336896347959+0.797941229411717i|0.631947087274401-0.792436582943554i|4.51306473883326+1.11143388853085e-15i,0.64532902260293+0.809216999086712i|-0.932527456240368+0.44908155426651i|-0.633459356199068-0.794332908194982i|0.915375291328632-0.440821506987417i|0.226079026705107+0.990516935080722i|-1.01598992366934-9.00582014492054e-18i|-0.230315261597904-1.00907709284259i|1.0350273904707-8.27918580479202e-14i|-0.230315261597902+1.00907709284259i|-0.932527456240369-0.449081554266509i|0.226079026705109-0.990516935080717i|0.915375291328631+0.440821506987437i|-0.633459356199071+0.794332908194983i|0.645329022602918-0.80921699908671i|1.18506729808881+5.06068398709282e-14i
75,CIP,arima_weather,62.84398771955741,-4423.053862659519,8872.107725319038,8872.397765159676,8939.005523399324,NA,NA,NA,12.852270050135306,0.1170346273720918,-5.24757162417736+0i,1.04683927615077+2.0364959040951e-16i|-4.78884455265797-2.0364959040951e-16i
75,Non CIP,arima_weather,1523.9509648043372,-6445.068385240571,12918.136770481142,12918.471698710808,12990.180553029144,NA,NA,NA,21.026579897221204,0.0070771567414161796,0.711146530475166+0.891749543482299i|-1.02763651075742+0.494883660940703i|-0.772932408892845-0.96922658444572i|1.11691969191673-0.537880174873419i|0.275856382893828+1.20860578218456i|-1.23968733183542+3.30713108706246e-16i|-0.253805258192469-1.11199349234679i|1.14059047694943+7.60220116973733e-15i|-0.253805258192468+1.11199349234679i|-1.02763651075742-0.494883660940703i|0.711146530475172-0.891749543482293i|1.11691969191672+0.537880174873413i|-0.772932408892844+0.96922658444572i|0.275856382893829-1.20860578218456i|3.25688861866204-2.55379766204927e-16i,1.09541565636314+0i
75,<aggregated>,arima_weather,1612.337712657706,-6480.844615300188,12989.689230600376,12990.024158830041,13061.733013148378,NA,NA,NA,21.341881971789245,0.006292616172890897,0.711790962933124+0.892557636224881i|-1.02856774264021+0.495332118579679i|-0.774922475064895-0.971722048494795i|0.711790962933122-0.89255763622488i|0.276566629287465+1.21171757495556i|-1.24287915015565-9.44374178986786e-17i|-0.254035253473848-1.1130011675147i|1.14162406636185-8.27946753853819e-15i|-0.254035253473845+1.1130011675147i|-1.02856774264021-0.495332118579679i|0.276566629287467-1.21171757495556i|1.11979542085527+0.53926505294078i|-0.774922475064895+0.971722048494798i|1.11979542085526-0.539265052940774i|3.53809834850047-5.68531157073054e-16i,1.10104959190176+0i
75,CIP,base_arima,67.7819603509504,-4474.3973776325565,8960.794755265113,8960.861316279375,8991.6706620714,NA,NA,NA,6.403475321182791,0.6021329144462233,-10.7124696039479+0i,0.787225612488396+0.987149694852678i|-0.761127726387648+0.954423980785501i|-0.761127726387636-0.954423980785494i|1.06744512360143-9.32249492792917e-14i|0.271643340485945+1.19014723733835i|-1.22075409111517-4.74351249130241e-14i|-0.280957568195969-1.23095553529721i|1.09986143145919-0.529665349596158i|-0.280957568196024+1.23095553529721i|-1.13757396953891+0.54782675074605i|0.271643340485979-1.19014723733824i|1.09986143145932+0.529665349596123i|1.26261185049303-7.944435276485e-15i|-1.13757396953885-0.547826750746053i|0.787225612488305-0.987149694852604i|-7.41386283519017-4.25596420194312e-16i
75,Non CIP,base_arima,1607.9973476893833,-6483.231540712612,12978.463081425223,12978.529642439486,13009.33898823151,NA,NA,NA,28.439251702247983,3.975459758304156e-4,,0.945268173383384+0.687001265378201i|-0.88011866610189+0.768696163527462i|-0.553578518236628-1.02910324185173i|0.945268173383384-0.687001265378201i|0.459434752540988+1.07444048992971i|-1.1497358738382+0.208830262778918i|0.0522458483581237-1.16737870015353i|1.08333864706945+1.09869538266906e-15i|0.0522458483581242+1.16737870015353i|-1.1497358738382-0.208830262778918i|0.459434752540988-1.07444048992971i|1.12648428389423+0.31070213449882i|-0.553578518236625+1.02910324185173i|-0.88011866610189-0.76869616352746i|1.12648428389423-0.310702134498821i|-1.48351464227989+2.6538527483367i|-1.48351464227989-2.6538527483367i
75,<aggregated>,base_arima,1715.5606584072805,-6524.304218356634,13060.608436713268,13060.67499772753,13091.484343519554,NA,NA,NA,29.113780855604798,3.0284339398789495e-4,,0.955130367091705+0.690068571953757i|-0.885303613452453+0.777628551525124i|-0.561133193291025-1.03614583506669i|0.955130367091705-0.690068571953757i|0.460230610781894+1.08473795777522i|-1.15995225778464+0.207314765029749i|0.055996708712058-1.17700170804993i|1.08754441162608-2.26035220628431e-14i|0.0559967087120668+1.17700170804994i|-1.15995225778465-0.20731476502974i|0.460230610781885-1.08473795777523i|1.13503137794247+0.316500273657165i|-0.561133193291028+1.0361458350667i|-0.885303613452457-0.777628551525128i|1.13503137794246-0.316500273657155i|-1.70012173688967+2.89323363188623i|-1.70012173688967-2.89323363188623i
75,CIP,base_ets,67.59976623095709,-7209.32318666256,14438.64637332512,14438.821115183739,14490.114095119647,67.12071276947798,66.97707000762144,6.42620046744741,11.701761998839638,0.1650147588391475,,
75,Non CIP,base_ets,1524.7949205050686,-9187.989966379857,18395.979932759714,18396.15467461833,18447.447654554242,1513.9892872101527,1653.9427035736192,30.690246455623072,42.42807972824574,1.1253872219674221e-6,,
75,<aggregated>,base_ets,1615.2819353293603,-9224.597457134041,18469.194914268082,18469.3696561267,18520.66263606261,1603.8350554726933,1740.1224985859565,31.44620595191572,36.80197261139966,1.251523699230539e-5,,
75,CIP,mint_arima,67.7819603509504,-4474.3973776325565,8960.794755265113,8960.861316279375,8991.6706620714,NA,NA,NA,6.403475321182791,0.6021329144462233,-10.7124696039479+0i,0.787225612488396+0.987149694852678i|-0.761127726387648+0.954423980785501i|-0.761127726387636-0.954423980785494i|1.06744512360143-9.32249492792917e-14i|0.271643340485945+1.19014723733835i|-1.22075409111517-4.74351249130241e-14i|-0.280957568195969-1.23095553529721i|1.09986143145919-0.529665349596158i|-0.280957568196024+1.23095553529721i|-1.13757396953891+0.54782675074605i|0.271643340485979-1.19014723733824i|1.09986143145932+0.529665349596123i|1.26261185049303-7.944435276485e-15i|-1.13757396953885-0.547826750746053i|0.787225612488305-0.987149694852604i|-7.41386283519017-4.25596420194312e-16i
75,Non CIP,mint_arima,1607.9973476893833,-6483.231540712612,12978.463081425223,12978.529642439486,13009.33898823151,NA,NA,NA,28.439251702247983,3.975459758304156e-4,,0.945268173383384+0.687001265378201i|-0.88011866610189+0.768696163527462i|-0.553578518236628-1.02910324185173i|0.945268173383384-0.687001265378201i|0.459434752540988+1.07444048992971i|-1.1497358738382+0.208830262778918i|0.0522458483581237-1.16737870015353i|1.08333864706945+1.09869538266906e-15i|0.0522458483581242+1.16737870015353i|-1.1497358738382-0.208830262778918i|0.459434752540988-1.07444048992971i|1.12648428389423+0.31070213449882i|-0.553578518236625+1.02910324185173i|-0.88011866610189-0.76869616352746i|1.12648428389423-0.310702134498821i|-1.48351464227989+2.6538527483367i|-1.48351464227989-2.6538527483367i
75,<aggregated>,mint_arima,1715.5606584072805,-6524.304218356634,13060.608436713268,13060.67499772753,13091.484343519554,NA,NA,NA,29.113780855604798,3.0284339398789495e-4,,0.955130367091705+0.690068571953757i|-0.885303613452453+0.777628551525124i|-0.561133193291025-1.03614583506669i|0.955130367091705-0.690068571953757i|0.460230610781894+1.08473795777522i|-1.15995225778464+0.207314765029749i|0.055996708712058-1.17700170804993i|1.08754441162608-2.26035220628431e-14i|0.0559967087120668+1.17700170804994i|-1.15995225778465-0.20731476502974i|0.460230610781885-1.08473795777523i|1.13503137794247+0.316500273657165i|-0.561133193291028+1.0361458350667i|-0.885303613452457-0.777628551525128i|1.13503137794246-0.316500273657155i|-1.70012173688967+2.89323363188623i|-1.70012173688967-2.89323363188623i
75,CIP,mint_ets,67.59976623095709,-7209.32318666256,14438.64637332512,14438.821115183739,14490.114095119647,67.12071276947798,66.97707000762144,6.42620046744741,11.701761998839638,0.1650147588391475,,
75,Non CIP,mint_ets,1524.7949205050686,-9187.989966379857,18395.979932759714,18396.15467461833,18447.447654554242,1513.9892872101527,1653.9427035736192,30.690246455623072,42.42807972824574,1.1253872219674221e-6,,
75,<aggregated>,mint_ets,1615.2819353293603,-9224.597457134041,18469.194914268082,18469.3696561267,18520.66263606261,1603.8350554726933,1740.1224985859565,31.44620595191572,36.80197261139966,1.251523699230539e-5,,
75,CIP,mint_weather,62.84398771955741,-4423.053862659519,8872.107725319038,8872.397765159676,8939.005523399324,NA,NA,NA,12.852270050135306,0.1170346273720918,-5.24757162417736+0i,1.04683927615077+2.0364959040951e-16i|-4.78884455265797-2.0364959040951e-16i
75,Non CIP,mint_weather,1523.9509648043372,-6445.068385240571,12918.136770481142,12918.471698710808,12990.180553029144,NA,NA,NA,21.026579897221204,0.0070771567414161796,0.711146530475166+0.891749543482299i|-1.02763651075742+0.494883660940703i|-0.772932408892845-0.96922658444572i|1.11691969191673-0.537880174873419i|0.275856382893828+1.20860578218456i|-1.23968733183542+3.30713108706246e-16i|-0.253805258192469-1.11199349234679i|1.14059047694943+7.60220116973733e-15i|-0.253805258192468+1.11199349234679i|-1.02763651075742-0.494883660940703i|0.711146530475172-0.891749543482293i|1.11691969191672+0.537880174873413i|-0.772932408892844+0.96922658444572i|0.275856382893829-1.20860578218456i|3.25688861866204-2.55379766204927e-16i,1.09541565636314+0i
75,<aggregated>,mint_weather,1612.337712657706,-6480.844615300188,12989.689230600376,12990.024158830041,13061.733013148378,NA,NA,NA,21.341881971789245,0.006292616172890897,0.711790962933124+0.892557636224881i|-1.02856774264021+0.495332118579679i|-0.774922475064895-0.971722048494795i|0.711790962933122-0.89255763622488i|0.276566629287465+1.21171757495556i|-1.24287915015565-9.44374178986786e-17i|-0.254035253473848-1.1130011675147i|1.14162406636185-8.27946753853819e-15i|-0.254035253473845+1.1130011675147i|-1.02856774264021-0.495332118579679i|0.276566629287467-1.21171757495556i|1.11979542085527+0.53926505294078i|-0.774922475064895+0.971722048494798i|1.11979542085526-0.539265052940774i|3.53809834850047-5.68531157073054e-16i,1.10104959190176+0i
76,CIP,arima_weather,7.510715023771714,-3053.888552456413,6131.777104912826,6132.025314936693,6193.538371066257,NA,NA,NA,44.06909590622259,5.52108617712932e-7,8.37654816883837+0i,
76,Non CIP,arima_weather,392.7867037211394,-5584.028716678335,11200.05743335667,11200.491938149002,11282.393184840099,NA,NA,NA,16.76194325056915,0.032685643390850894,0.778510502146768+0.976221292145922i|-1.12498027021176+0.541761944793221i|-0.27784718132687-1.21732804002067i|1.0956625618973-3.50238589109605e-15i|-0.27784718132687+1.21732804002068i|-1.43255522790725+4.00703891124122e-17i|-0.893183575199581-1.12001677755205i|1.24863389878373+2.20507403162579e-15i|0.318773527257921+1.39663807742877i|-1.12498027021176-0.54176194479322i|0.778510502146767-0.976221292145921i|1.29068766189528+0.621562418776801i|-0.893183575199581+1.12001677755205i|0.318773527257921-1.39663807742877i|1.29068766189528-0.621562418776803i|4.77526028219847+1.46238689534236e-15i,1.01075152359177-5.95363245885042e-22i|1.34157888844507+5.95363245885042e-22i
76,<aggregated>,arima_weather,403.3135265302757,-5600.821427865409,11233.642855730817,11234.07736052315,11315.978607214247,NA,NA,NA,18.765981347466376,0.01616254206933021,0.762184173470804+0.955748723526619i|-1.10138804172569+0.530400526353222i|-0.272020382084569-1.1917991645167i|1.22244850067896+1.01713939767783e-14i|0.30065224231864+1.31724354057421i|-0.842408863106936+1.05634730243163i|-1.10138804172568-0.530400526353224i|1.09571375157619-2.44753739558909e-14i|-0.272020382084567+1.1917991645167i|-1.35111891260381-2.52902097960135e-15i|0.762184173470783-0.955748723526608i|1.2173160770902+0.586228525792997i|0.300652242318636-1.31724354057419i|-0.84240886310693-1.05634730243162i|1.2173160770902-0.58622852579301i|4.71335488366883+3.75522997728512e-16i,1.01044425762598-1.16301594124956e-21i|1.3355445720862+1.16301594124956e-21i
76,CIP,base_arima,7.599529750148336,-3087.0555840184734,6188.111168036947,6188.199916055964,6224.138573293115,NA,NA,NA,15.841655549083292,0.044703401844391255,1.02416132698236+0i|14.5511591668677+0i,0.978700562249802+0.744819126663635i|-0.943926319286663+0.788424648111658i|-0.558613829942573-1.0957011047676i|1.06242411726235+1.01925683942526e-16i|0.50836359293587+1.11990034349909i|-1.20494364522876+0.246416585916802i|0.0278867776661897-1.22956604118016i|1.19253286160613-0.300791781771955i|0.0278867776661886+1.22956604118016i|-1.20494364522876-0.246416585916802i|0.50836359293587-1.11990034349909i|1.19253286160613+0.30079178177195i|-0.558613829942572+1.0957011047676i|-0.943926319286663-0.788424648111656i|0.978700562249798-0.744819126663633i
76,Non CIP,base_arima,409.84533745162605,-5615.270087978439,11244.540175956878,11244.628994354975,11280.562067230878,NA,NA,NA,21.09848453153902,0.006890364872393029,0.734975555918418+0.921630196273293i|-1.06207045019447+0.511466172199144i|-0.262309738909063-1.14925405692292i|0.734975555918418-0.921630196273293i|0.297091403554475+1.30164248659587i|-1.3351166484534-1.49998937829971e-17i|-0.832431614602508-1.04383622852807i|1.17880926637024-1.38724668858061e-16i|-0.262309738909063+1.14925405692292i|-1.06207045019447-0.511466172199144i|0.297091403554475-1.30164248659587i|1.20289853527473+0.579285403589065i|-0.832431614602511+1.0438362285281i|1.20289853527474-0.579285403589098i,1.08188997656297+1.56403209636364e-15i|-2.27616206927468-7.16681141177205e-16i|0.261831441555479-2.05589607399658i|0.261831441555477+2.05589607399658i
76,<aggregated>,base_arima,420.8531779057084,-5632.1034332417785,11278.206866483557,11278.295684881654,11314.228757757557,NA,NA,NA,24.179652610277017,0.0021380807914682665,0.727411453318689+0.912145111623221i|-1.05114000524468+0.506202347339049i|-0.259610141946907-1.13742634982475i|1.16850869332175-0.562724128559705i|0.288597814017021+1.26442963939334i|-1.29694680354739+5.33131404119529e-17i|-0.808633105565078-1.01399384209963i|1.16667738774579+6.7325090323528e-18i|-0.259610141946907+1.13742634982475i|-1.05114000524468-0.50620234733905i|0.727411453318689-0.912145111623221i|1.16850869332175+0.562724128559705i|-0.808633105565078+1.01399384209963i|0.288597814017021-1.26442963939334i,1.07815508273834+8.42791959166516e-16i|-2.25150624435934-3.89412465481189e-16i|0.264873388799848-2.05141759860979i|0.264873388799847+2.05141759860979i
76,CIP,base_ets,0.23866162424580603,-5825.522393280273,11657.044786560546,11657.063743906518,11672.485103098903,7.70432426787972,7.755906816221153,0.3838496795481655,23.849604796972894,0.002428676973233901,,
76,Non CIP,base_ets,420.4817249631183,-8369.973959903868,16759.947919807735,16760.12266166635,16811.41564160226,417.5019332114109,471.6961734606839,15.982685333686419,114.69024935188794,0,,
76,<aggregated>,base_ets,432.73066690071073,-8388.207667314997,16796.415334629994,16796.59007648861,16847.88305642452,429.6640716234617,485.07603878827223,16.25726623275535,122.47703320213601,0,,
76,CIP,mint_arima,7.599529750148336,-3087.0555840184734,6188.111168036947,6188.199916055964,6224.138573293115,NA,NA,NA,15.841655549083292,0.044703401844391255,1.02416132698236+0i|14.5511591668677+0i,0.978700562249802+0.744819126663635i|-0.943926319286663+0.788424648111658i|-0.558613829942573-1.0957011047676i|1.06242411726235+1.01925683942526e-16i|0.50836359293587+1.11990034349909i|-1.20494364522876+0.246416585916802i|0.0278867776661897-1.22956604118016i|1.19253286160613-0.300791781771955i|0.0278867776661886+1.22956604118016i|-1.20494364522876-0.246416585916802i|0.50836359293587-1.11990034349909i|1.19253286160613+0.30079178177195i|-0.558613829942572+1.0957011047676i|-0.943926319286663-0.788424648111656i|0.978700562249798-0.744819126663633i
76,Non CIP,mint_arima,409.84533745162605,-5615.270087978439,11244.540175956878,11244.628994354975,11280.562067230878,NA,NA,NA,21.09848453153902,0.006890364872393029,0.734975555918418+0.921630196273293i|-1.06207045019447+0.511466172199144i|-0.262309738909063-1.14925405692292i|0.734975555918418-0.921630196273293i|0.297091403554475+1.30164248659587i|-1.3351166484534-1.49998937829971e-17i|-0.832431614602508-1.04383622852807i|1.17880926637024-1.38724668858061e-16i|-0.262309738909063+1.14925405692292i|-1.06207045019447-0.511466172199144i|0.297091403554475-1.30164248659587i|1.20289853527473+0.579285403589065i|-0.832431614602511+1.0438362285281i|1.20289853527474-0.579285403589098i,1.08188997656297+1.56403209636364e-15i|-2.27616206927468-7.16681141177205e-16i|0.261831441555479-2.05589607399658i|0.261831441555477+2.05589607399658i
76,<aggregated>,mint_arima,420.8531779057084,-5632.1034332417785,11278.206866483557,11278.295684881654,11314.228757757557,NA,NA,NA,24.179652610277017,0.0021380807914682665,0.727411453318689+0.912145111623221i|-1.05114000524468+0.506202347339049i|-0.259610141946907-1.13742634982475i|1.16850869332175-0.562724128559705i|0.288597814017021+1.26442963939334i|-1.29694680354739+5.33131404119529e-17i|-0.808633105565078-1.01399384209963i|1.16667738774579+6.7325090323528e-18i|-0.259610141946907+1.13742634982475i|-1.05114000524468-0.50620234733905i|0.727411453318689-0.912145111623221i|1.16850869332175+0.562724128559705i|-0.808633105565078+1.01399384209963i|0.288597814017021-1.26442963939334i,1.07815508273834+8.42791959166516e-16i|-2.25150624435934-3.89412465481189e-16i|0.264873388799848-2.05141759860979i|0.264873388799847+2.05141759860979i
76,CIP,mint_ets,0.23866162424580603,-5825.522393280273,11657.044786560546,11657.063743906518,11672.485103098903,7.70432426787972,7.755906816221153,0.3838496795481655,23.849604796972894,0.002428676973233901,,
76,Non CIP,mint_ets,420.4817249631183,-8369.973959903868,16759.947919807735,16760.12266166635,16811.41564160226,417.5019332114109,471.6961734606839,15.982685333686419,114.69024935188794,0,,
76,<aggregated>,mint_ets,432.73066690071073,-8388.207667314997,16796.415334629994,16796.59007648861,16847.88305642452,429.6640716234617,485.07603878827223,16.25726623275535,122.47703320213601,0,,
76,CIP,mint_weather,7.510715023771714,-3053.888552456413,6131.777104912826,6132.025314936693,6193.538371066257,NA,NA,NA,44.06909590622259,5.52108617712932e-7,8.37654816883837+0i,
76,Non CIP,mint_weather,392.7867037211394,-5584.028716678335,11200.05743335667,11200.491938149002,11282.393184840099,NA,NA,NA,16.76194325056915,0.032685643390850894,0.778510502146768+0.976221292145922i|-1.12498027021176+0.541761944793221i|-0.27784718132687-1.21732804002067i|1.0956625618973-3.50238589109605e-15i|-0.27784718132687+1.21732804002068i|-1.43255522790725+4.00703891124122e-17i|-0.893183575199581-1.12001677755205i|1.24863389878373+2.20507403162579e-15i|0.318773527257921+1.39663807742877i|-1.12498027021176-0.54176194479322i|0.778510502146767-0.976221292145921i|1.29068766189528+0.621562418776801i|-0.893183575199581+1.12001677755205i|0.318773527257921-1.39663807742877i|1.29068766189528-0.621562418776803i|4.77526028219847+1.46238689534236e-15i,1.01075152359177-5.95363245885042e-22i|1.34157888844507+5.95363245885042e-22i
76,<aggregated>,mint_weather,403.3135265302757,-5600.821427865409,11233.642855730817,11234.07736052315,11315.978607214247,NA,NA,NA,18.765981347466376,0.01616254206933021,0.762184173470804+0.955748723526619i|-1.10138804172569+0.530400526353222i|-0.272020382084569-1.1917991645167i|1.22244850067896+1.01713939767783e-14i|0.30065224231864+1.31724354057421i|-0.842408863106936+1.05634730243163i|-1.10138804172568-0.530400526353224i|1.09571375157619-2.44753739558909e-14i|-0.272020382084567+1.1917991645167i|-1.35111891260381-2.52902097960135e-15i|0.762184173470783-0.955748723526608i|1.2173160770902+0.586228525792997i|0.300652242318636-1.31724354057419i|-0.84240886310693-1.05634730243162i|1.2173160770902-0.58622852579301i|4.71335488366883+3.75522997728512e-16i,1.01044425762598-1.16301594124956e-21i|1.3355445720862+1.16301594124956e-21i
77,CIP,arima_weather,21.425783037970334,-3740.3805748012933,7506.761149602587,7507.051189443224,7573.658947682874,NA,NA,NA,17.23616792046492,0.027741707588732956,-1.14333718158644+0i,1.03983861607367+0i|-1.1331907536695+0i
77,Non CIP,arima_weather,751.6693800753803,-6000.253579426917,12032.507158853834,12032.941316874585,12114.855513725077,NA,NA,NA,19.750076899380808,0.01132409961161751,0.639167767041534+0.801491028982518i|-0.923624183995242+0.444793964328923i|-0.228116334947014-0.999442965703725i|0.639167767041533-0.801491028982518i|-0.228116334947014+0.999442965703725i|-0.923624183995242-0.444793964328923i|1.02514550380145+9.03700563156356e-16i|1.11796781967938-1.56828570131739e-15i,0.652882136642815+0.818688304518562i|-0.94344202226111+0.454337732237402i|-0.233010936788457-1.02088761753668i|0.652882136642803-0.818688304518561i|-0.233010936788451+1.02088761753668i|-0.943442022261112-0.454337732237395i|1.04714164481351-1.63289844039337e-14i|1.43314581774342+4.9170212163182e-15i|-7.52654240376039-1.09006412673578e-16i
77,<aggregated>,arima_weather,779.1553424980061,-6023.051397007441,12078.102794014882,12078.536952035633,12160.451148886124,NA,NA,NA,18.376878817621886,0.018571803972680434,0.638525439742535+0.800685576025776i|-0.922695994155286+0.444346971660566i|-0.227887090988167-0.998438582294914i|0.638525439742535-0.800685576025776i|-0.227887090988167+0.998438582294914i|-0.922695994155286-0.444346971660566i|1.02411529080184-1.64946648640167e-15i|1.11478960842733+1.35700068470412e-15i,0.651230335742898+0.816617011704352i|-0.941055100803277+0.453188251446222i|-0.232421415872697-1.01830475764403i|0.651230335742888-0.816617011704352i|-0.232421415872691+1.01830475764404i|-0.941055100803278-0.453188251446216i|1.04449236186616-1.44710630025064e-14i|1.44347807767543+4.20707662743218e-15i|-8.52054227166957+1.36244892503235e-16i
77,CIP,base_arima,21.596006009819252,-3748.3972069220135,7510.794413844027,7510.883232242124,7546.816305118028,NA,NA,NA,7.320259019543227,0.5025059944980624,0.684349412600935+0.858147020504341i|-0.988913553489765+0.476235667555432i|-0.244241477551734-1.07009183155983i|0.684349412600935-0.858147020504341i|-0.244241477551734+1.07009183155983i|-1.19628085079172-2.51951326589331e-16i|-0.988913553489765-0.476235667555433i|1.09761123688113+1.2732690509832e-16i|32.9246963369019+3.81002011316945e-18i,0.704850985317056+0.883855179550065i|-1.01853918442262+0.490502619478848i|-0.251558404139411-1.10214938153897i|1.03479092581592-1.21496730417108e-14i|-0.25155840413941+1.10214938153897i|-1.20773506273648+1.10170754829652e-14i|-1.01853918442262-0.490502619478859i|1.13049320648994+1.46218192538188e-14i|0.70485098531706-0.883855179550068i
77,Non CIP,base_arima,760.5934588462269,-6012.767403641421,12039.534807282842,12039.62355530186,12075.562212539011,NA,NA,NA,21.20303054809484,0.00662721119824905,0.630952502098001+0.791189412579937i|-0.911752782195843+0.439076998532667i|-0.225184340835021-0.986597060164361i|0.630952502097959-0.79118941257992i|-0.225184340835021+0.986597060164388i|-0.911752782195831-0.439076998532667i|1.0119692418659-1.41706756243001e-13i|1.12141631251308+9.77968016065273e-14i,0.643576006038289+0.807018785843383i|-0.929994273909314+0.447861637951064i|-0.229689617229637-1.00633596576353i|0.643576006038283-0.807018785843383i|-0.229689617229634+1.00633596576353i|-0.929994273909315-0.447861637951061i|1.03221577020133-7.14904509339955e-15i|1.44150360719036+1.63687846507473e-15i|-7.64784330473307-1.22787734180803e-16i
77,<aggregated>,base_arima,790.2620917894079,-6037.105008857681,12088.210017715362,12088.29876573438,12124.237422971531,NA,NA,NA,19.82036419811917,0.011037462500697592,0.630165641323764+0.790202720377781i|-0.910615735432851+0.438529425671213i|-0.22490351347608-0.985366675113128i|0.63016564132373-0.790202720377747i|-0.224903513476089+0.98536667511315i|-0.91061573543284-0.438529425671218i|1.01070721517047-2.12192938092573e-13i|1.11535296019245+1.61562475375738e-13i,0.641733499685168+0.804708355954678i|-0.927331775087159+0.446579446095709i|-0.229032034325643-1.0034549068165i|0.641733499685162-0.804708355954678i|-0.22903203432564+1.0034549068165i|-0.92733177508716-0.446579446095706i|1.02926061945527-7.31325783025986e-15i|1.44523194448087+1.86794887441469e-15i|-8.51827275185992-4.27167974486353e-17i
77,CIP,base_ets,21.744229859260912,-6492.585797827674,12991.171595655347,12991.19055300132,13006.611912193704,21.709986977592784,21.76480664706759,3.656628623811484,17.741248291998787,0.0232522868176106,,
77,Non CIP,base_ets,815.1467174720427,-8790.323068570642,17600.646137141284,17600.8208789999,17652.11385893581,809.3700871907448,886.0241744137865,22.464533896016384,81.86475725911981,2.0539125955565396e-14,,
77,<aggregated>,base_ets,841.7541422178525,-8810.719179995614,17641.43835999123,17641.613101849845,17692.906081785753,835.7889553832371,914.3018680426287,22.712682615390214,73.47191745926729,9.973133430207781e-13,,
77,CIP,mint_arima,21.596006009819252,-3748.3972069220135,7510.794413844027,7510.883232242124,7546.816305118028,NA,NA,NA,7.320259019543227,0.5025059944980624,0.684349412600935+0.858147020504341i|-0.988913553489765+0.476235667555432i|-0.244241477551734-1.07009183155983i|0.684349412600935-0.858147020504341i|-0.244241477551734+1.07009183155983i|-1.19628085079172-2.51951326589331e-16i|-0.988913553489765-0.476235667555433i|1.09761123688113+1.2732690509832e-16i|32.9246963369019+3.81002011316945e-18i,0.704850985317056+0.883855179550065i|-1.01853918442262+0.490502619478848i|-0.251558404139411-1.10214938153897i|1.03479092581592-1.21496730417108e-14i|-0.25155840413941+1.10214938153897i|-1.20773506273648+1.10170754829652e-14i|-1.01853918442262-0.490502619478859i|1.13049320648994+1.46218192538188e-14i|0.70485098531706-0.883855179550068i
77,Non CIP,mint_arima,760.5934588462269,-6012.767403641421,12039.534807282842,12039.62355530186,12075.562212539011,NA,NA,NA,21.20303054809484,0.00662721119824905,0.630952502098001+0.791189412579937i|-0.911752782195843+0.439076998532667i|-0.225184340835021-0.986597060164361i|0.630952502097959-0.79118941257992i|-0.225184340835021+0.986597060164388i|-0.911752782195831-0.439076998532667i|1.0119692418659-1.41706756243001e-13i|1.12141631251308+9.77968016065273e-14i,0.643576006038289+0.807018785843383i|-0.929994273909314+0.447861637951064i|-0.229689617229637-1.00633596576353i|0.643576006038283-0.807018785843383i|-0.229689617229634+1.00633596576353i|-0.929994273909315-0.447861637951061i|1.03221577020133-7.14904509339955e-15i|1.44150360719036+1.63687846507473e-15i|-7.64784330473307-1.22787734180803e-16i
77,<aggregated>,mint_arima,790.2620917894079,-6037.105008857681,12088.210017715362,12088.29876573438,12124.237422971531,NA,NA,NA,19.82036419811917,0.011037462500697592,0.630165641323764+0.790202720377781i|-0.910615735432851+0.438529425671213i|-0.22490351347608-0.985366675113128i|0.63016564132373-0.790202720377747i|-0.224903513476089+0.98536667511315i|-0.91061573543284-0.438529425671218i|1.01070721517047-2.12192938092573e-13i|1.11535296019245+1.61562475375738e-13i,0.641733499685168+0.804708355954678i|-0.927331775087159+0.446579446095709i|-0.229032034325643-1.0034549068165i|0.641733499685162-0.804708355954678i|-0.22903203432564+1.0034549068165i|-0.92733177508716-0.446579446095706i|1.02926061945527-7.31325783025986e-15i|1.44523194448087+1.86794887441469e-15i|-8.51827275185992-4.27167974486353e-17i
77,CIP,mint_ets,21.744229859260912,-6492.585797827674,12991.171595655347,12991.19055300132,13006.611912193704,21.709986977592784,21.76480664706759,3.656628623811484,17.741248291998787,0.0232522868176106,,
77,Non CIP,mint_ets,815.1467174720427,-8790.323068570642,17600.646137141284,17600.8208789999,17652.11385893581,809.3700871907448,886.0241744137865,22.464533896016384,81.86475725911981,2.0539125955565396e-14,,
77,<aggregated>,mint_ets,841.7541422178525,-8810.719179995614,17641.43835999123,17641.613101849845,17692.906081785753,835.7889553832371,914.3018680426287,22.712682615390214,73.47191745926729,9.973133430207781e-13,,
77,CIP,mint_weather,21.425783037970334,-3740.3805748012933,7506.761149602587,7507.051189443224,7573.658947682874,NA,NA,NA,17.23616792046492,0.027741707588732956,-1.14333718158644+0i,1.03983861607367+0i|-1.1331907536695+0i
77,Non CIP,mint_weather,751.6693800753803,-6000.253579426917,12032.507158853834,12032.941316874585,12114.855513725077,NA,NA,NA,19.750076899380808,0.01132409961161751,0.639167767041534+0.801491028982518i|-0.923624183995242+0.444793964328923i|-0.228116334947014-0.999442965703725i|0.639167767041533-0.801491028982518i|-0.228116334947014+0.999442965703725i|-0.923624183995242-0.444793964328923i|1.02514550380145+9.03700563156356e-16i|1.11796781967938-1.56828570131739e-15i,0.652882136642815+0.818688304518562i|-0.94344202226111+0.454337732237402i|-0.233010936788457-1.02088761753668i|0.652882136642803-0.818688304518561i|-0.233010936788451+1.02088761753668i|-0.943442022261112-0.454337732237395i|1.04714164481351-1.63289844039337e-14i|1.43314581774342+4.9170212163182e-15i|-7.52654240376039-1.09006412673578e-16i
77,<aggregated>,mint_weather,779.1553424980061,-6023.051397007441,12078.102794014882,12078.536952035633,12160.451148886124,NA,NA,NA,18.376878817621886,0.018571803972680434,0.638525439742535+0.800685576025776i|-0.922695994155286+0.444346971660566i|-0.227887090988167-0.998438582294914i|0.638525439742535-0.800685576025776i|-0.227887090988167+0.998438582294914i|-0.922695994155286-0.444346971660566i|1.02411529080184-1.64946648640167e-15i|1.11478960842733+1.35700068470412e-15i,0.651230335742898+0.816617011704352i|-0.941055100803277+0.453188251446222i|-0.232421415872697-1.01830475764403i|0.651230335742888-0.816617011704352i|-0.232421415872691+1.01830475764404i|-0.941055100803278-0.453188251446216i|1.04449236186616-1.44710630025064e-14i|1.44347807767543+4.20707662743218e-15i|-8.52054227166957+1.36244892503235e-16i
78,CIP,arima_weather,15.463643337033373,-3534.590905937703,7097.181811875406,7097.516473229988,7169.236622387743,NA,NA,NA,21.04022514689003,0.0070413393515044165,1.01058883980736+1.03397576569128e-25i|15.3963790702776-1.03397576569128e-25i,1.02990894296757+0i
78,Non CIP,arima_weather,565.9848278509054,-5816.105962883425,11662.21192576685,11662.595006373393,11739.401692782565,NA,NA,NA,11.853740217756574,0.15784990752103178,0.634459198525796+0.795586670816616i|-0.916820105352066+0.441517292749999i|-0.22643586630006-0.992080351497802i|0.634459198525796-0.795586670816616i|-0.22643586630006+0.992080351497802i|-0.916820105352066-0.441517292749999i|1.01759354625266+1.10179934813916e-16i|2.48969318886348+1.01076441595856e-17i|-7.92455498613551-4.29480765759803e-17i,0.641369986862132+0.804252525292363i|-0.926806483838353+0.446326479162801i|-0.228902298101176-1.00288649527784i|0.641369986862132-0.804252525292363i|-0.228902298101176+1.00288649527784i|-0.926806483838353-0.446326479162801i|1.02867759015478+4.68326210602797e-15i|1.10884191919017-4.60823731031975e-15i
78,<aggregated>,arima_weather,583.4578650194287,-5834.918284807718,11701.836569615436,11702.271074407769,11784.172321098866,NA,NA,NA,7.458878185482225,0.488025985204796,0.633949853865969+0.79494797281499i|-0.916084080993413+0.441162842100053i|-0.226254083295635-0.991283908116842i|0.633949853865971-0.79494797281499i|-0.226254083295634+0.99128390811684i|-0.916084080993415-0.441162842100047i|1.01677662084616-1.24609907370513e-15i|-1.29068531992833-2.46479409046773e-15i|3.15804787100443+3.42567656697833e-16i,0.641073163868782+0.803880321031396i|-0.926377562185603+0.44611992138138i|-0.228796363201358-1.002422364156i|0.641073163868778-0.803880321031399i|-0.228796363201352+1.002422364156i|-0.926377562185597-0.446119921381372i|1.02820152303634+3.80060943764913e-15i|1.11841973242227-5.30893504332396e-15i|-1.3804654323205-4.16652970739166e-15i
78,CIP,base_arima,16.41947041334526,-3576.739737309655,7159.47947461931,7159.498446951326,7174.917428022453,NA,NA,NA,31.78338741862726,1.0183900995430761e-4,,1.02378477946214+0i|-15.0428578923415+0i
78,Non CIP,base_arima,636.7460493977984,-5895.427036103687,11802.854072207374,11802.920633221636,11833.72997901366,NA,NA,NA,32.9258967864478,6.35106868621671e-5,,0.934974195932268+0.69150067380488i|-0.882214639488818+0.757659065017642i|-0.542351744874298-1.02869067934127i|0.934974195932267-0.69150067380488i|0.466111976881013+1.06540581655061i|-1.14241354077984+0.217350479122218i|0.0423098792363272-1.16213587977086i|1.08453269128128-2.6150567576621e-15i|0.042309879236329+1.16213587977086i|-1.14241354077984-0.217350479122217i|0.466111976881013-1.06540581655061i|1.12358387309335+0.299848643579293i|-0.542351744874297+1.02869067934127i|-0.882214639488819-0.757659065017642i|1.12358387309335-0.299848643579292i|-1.25822402138113+2.52912625149447i|-1.25822402138113-2.52912625149447i
78,<aggregated>,base_arima,667.7720640728121,-5925.652330162489,11863.304660324979,11863.371221339241,11894.180567131265,NA,NA,NA,34.82543250374851,2.8768667076906063e-5,,0.922931306933364+0.686036095708111i|-0.874207274866413+0.747134099411074i|-0.533872468384007-1.01854205089124i|0.922931306933364-0.686036095708112i|0.463464202073745+1.0524488849005i|-1.1291922811349+0.21765227808943i|0.0390736399550532-1.14931326129686i|1.08306368096312+9.18394295051885e-16i|0.039073639955053+1.14931326129686i|-1.1291922811349-0.21765227808943i|0.463464202073745-1.0524488849005i|1.11180287542316+0.293840242534878i|-0.533872468384007+1.01854205089124i|-0.874207274866413-0.747134099411074i|1.11180287542316-0.293840242534879i|-1.26243093690111+2.55159068941699i|-1.26243093690111-2.55159068941699i
78,CIP,base_ets,0.11351463227714446,-6275.085820884808,12570.171641769615,12570.346383628234,12621.639363564142,15.610172479495649,15.660871011364346,0.2678141490059584,26.82799953667215,7.569865690647548e-4,,
78,Non CIP,base_ets,0.012064532539521118,-8598.182588456883,17216.365176913765,17216.53991877238,17267.832898708293,597.416716916758,661.4063945656532,0.08594786018287955,88.21836732878603,1.1102230246251565e-15,,
78,<aggregated>,base_ets,619.6813065282169,-8616.229694176782,17252.459388353564,17252.63413021218,17303.92711014809,615.2898641984898,681.3021138959657,19.44597811607963,73.19454940217845,1.1330936189324348e-12,,
78,CIP,mint_arima,16.41947041334526,-3576.739737309655,7159.47947461931,7159.498446951326,7174.917428022453,NA,NA,NA,31.78338741862726,1.0183900995430761e-4,,1.02378477946214+0i|-15.0428578923415+0i
78,Non CIP,mint_arima,636.7460493977984,-5895.427036103687,11802.854072207374,11802.920633221636,11833.72997901366,NA,NA,NA,32.9258967864478,6.35106868621671e-5,,0.934974195932268+0.69150067380488i|-0.882214639488818+0.757659065017642i|-0.542351744874298-1.02869067934127i|0.934974195932267-0.69150067380488i|0.466111976881013+1.06540581655061i|-1.14241354077984+0.217350479122218i|0.0423098792363272-1.16213587977086i|1.08453269128128-2.6150567576621e-15i|0.042309879236329+1.16213587977086i|-1.14241354077984-0.217350479122217i|0.466111976881013-1.06540581655061i|1.12358387309335+0.299848643579293i|-0.542351744874297+1.02869067934127i|-0.882214639488819-0.757659065017642i|1.12358387309335-0.299848643579292i|-1.25822402138113+2.52912625149447i|-1.25822402138113-2.52912625149447i
78,<aggregated>,mint_arima,667.7720640728121,-5925.652330162489,11863.304660324979,11863.371221339241,11894.180567131265,NA,NA,NA,34.82543250374851,2.8768667076906063e-5,,0.922931306933364+0.686036095708111i|-0.874207274866413+0.747134099411074i|-0.533872468384007-1.01854205089124i|0.922931306933364-0.686036095708112i|0.463464202073745+1.0524488849005i|-1.1291922811349+0.21765227808943i|0.0390736399550532-1.14931326129686i|1.08306368096312+9.18394295051885e-16i|0.039073639955053+1.14931326129686i|-1.1291922811349-0.21765227808943i|0.463464202073745-1.0524488849005i|1.11180287542316+0.293840242534878i|-0.533872468384007+1.01854205089124i|-0.874207274866413-0.747134099411074i|1.11180287542316-0.293840242534879i|-1.26243093690111+2.55159068941699i|-1.26243093690111-2.55159068941699i
78,CIP,mint_ets,0.11351463227714446,-6275.085820884808,12570.171641769615,12570.346383628234,12621.639363564142,15.610172479495649,15.660871011364346,0.2678141490059584,26.82799953667215,7.569865690647548e-4,,
78,Non CIP,mint_ets,0.012064532539521118,-8598.182588456883,17216.365176913765,17216.53991877238,17267.832898708293,597.416716916758,661.4063945656532,0.08594786018287955,88.21836732878603,1.1102230246251565e-15,,
78,<aggregated>,mint_ets,619.6813065282169,-8616.229694176782,17252.459388353564,17252.63413021218,17303.92711014809,615.2898641984898,681.3021138959657,19.44597811607963,73.19454940217845,1.1330936189324348e-12,,
78,CIP,mint_weather,15.463643337033373,-3534.590905937703,7097.181811875406,7097.516473229988,7169.236622387743,NA,NA,NA,21.04022514689003,0.0070413393515044165,1.01058883980736+1.03397576569128e-25i|15.3963790702776-1.03397576569128e-25i,1.02990894296757+0i
78,Non CIP,mint_weather,565.9848278509054,-5816.105962883425,11662.21192576685,11662.595006373393,11739.401692782565,NA,NA,NA,11.853740217756574,0.15784990752103178,0.634459198525796+0.795586670816616i|-0.916820105352066+0.441517292749999i|-0.22643586630006-0.992080351497802i|0.634459198525796-0.795586670816616i|-0.22643586630006+0.992080351497802i|-0.916820105352066-0.441517292749999i|1.01759354625266+1.10179934813916e-16i|2.48969318886348+1.01076441595856e-17i|-7.92455498613551-4.29480765759803e-17i,0.641369986862132+0.804252525292363i|-0.926806483838353+0.446326479162801i|-0.228902298101176-1.00288649527784i|0.641369986862132-0.804252525292363i|-0.228902298101176+1.00288649527784i|-0.926806483838353-0.446326479162801i|1.02867759015478+4.68326210602797e-15i|1.10884191919017-4.60823731031975e-15i
78,<aggregated>,mint_weather,583.4578650194287,-5834.918284807718,11701.836569615436,11702.271074407769,11784.172321098866,NA,NA,NA,7.458878185482225,0.488025985204796,0.633949853865969+0.79494797281499i|-0.916084080993413+0.441162842100053i|-0.226254083295635-0.991283908116842i|0.633949853865971-0.79494797281499i|-0.226254083295634+0.99128390811684i|-0.916084080993415-0.441162842100047i|1.01677662084616-1.24609907370513e-15i|-1.29068531992833-2.46479409046773e-15i|3.15804787100443+3.42567656697833e-16i,0.641073163868782+0.803880321031396i|-0.926377562185603+0.44611992138138i|-0.228796363201358-1.002422364156i|0.641073163868778-0.803880321031399i|-0.228796363201352+1.002422364156i|-0.926377562185597-0.446119921381372i|1.02820152303634+3.80060943764913e-15i|1.11841973242227-5.30893504332396e-15i|-1.3804654323205-4.16652970739166e-15i
79,CIP,arima_weather,42.61978454413916,-4176.582656381921,8375.165312763842,8375.37533663019,8431.7711419087,NA,NA,NA,174.48729637356118,0,-2.13881924141552+0i,
79,Non CIP,arima_weather,736.4435121085811,-5983.695893170827,11995.391786341654,11995.72671457132,12067.435568889656,NA,NA,NA,23.734085033475758,0.0025391785356404517,0.634387763365762+0.795497093959219i|-0.916716878554976+0.44146758134454i|-0.226410371386621-0.991968650983663i|0.634387763365762-0.795497093959219i|-0.226410371386621+0.991968650983663i|-0.916716878554976-0.44146758134454i|1.01747897315167-3.4397389168183e-16i|3.70787058825768+1.11602369282399e-16i,0.645374241172049+0.809273701378914i|-0.932592798965953+0.449113021664675i|-0.230331399918362-1.00914779944445i|0.645374241172061-0.809273701378892i|-0.230331399918374+1.00914779944444i|-0.932592798965954-0.449113021664681i|1.0350999154245-5.31955522267804e-14i|1.20633223154341+4.55225453572637e-14i
79,<aggregated>,arima_weather,770.9086846402606,-6012.727619876732,12053.455239753464,12053.79016798313,12125.499022301467,NA,NA,NA,27.19854915390843,6.532780547940931e-4,0.634831986967996+0.796054132737474i|-0.917358800258919+0.441776714544421i|-0.226568912954679-0.992663266978627i|0.634831986967996-0.796054132737474i|-0.226568912954679+0.992663266978627i|-0.917358800258919-0.441776714544421i|1.0181914524912+2.03574446237298e-17i|3.78777948552872+1.58551606951187e-16i,0.646224506928023+0.810339900913378i|-0.933821468582188+0.449704717766754i|-0.230634856253284-1.01047732851743i|0.646224506928049-0.810339900913368i|-0.230634856253294+1.01047732851741i|-0.933821468582194-0.449704717766758i|1.03646363581482-8.6056803450915e-16i|1.19846615026516+1.17170274722861e-14i
79,CIP,base_arima,30.784811668858104,-3974.677328076892,7957.354656153784,7957.386301723404,7977.938594024642,NA,NA,NA,5.15454667824508,0.7409375075158631,1.54540446565159+6.74299232020844i|1.54540446565158-6.74299232020844i,1.05520058907273+0i
79,Non CIP,base_arima,809.6165344258682,-6047.274465493772,12108.548930987545,12108.637749385642,12144.570822261545,NA,NA,NA,41.24134203496382,1.8787815799781171e-6,,0.926812066256517+0.676701572653088i|-0.865970337982213+0.752994686783916i|-0.541419009483982-1.01181573458769i|0.926812066256517-0.676701572653088i|0.45350016481145+1.05415521869686i|-1.12863862670289+0.207558365054392i|0.0487912778147478-1.14652738118156i|1.1012437947564+3.93872975723016e-16i|0.048791277814748+1.14652738118156i|-1.12863862670289-0.207558365054392i|0.45350016481145-1.05415521869686i|1.10692446528637+0.302694322279623i|-0.541419009483982+1.01181573458769i|-0.865970337982213-0.752994686783916i|1.10692446528637-0.302694322279623i|-0.135033581672595+2.51092846989415i|-3.11691914921682-7.03942352985597e-16i|-0.135033581672595-2.51092846989415i
79,<aggregated>,base_arima,854.5575578902649,-6081.571898019394,12177.143796038788,12177.232614436885,12213.165687312789,NA,NA,NA,48.20260131218958,9.036351478197702e-8,,0.920842945934429+0.676449076258386i|-0.864395917970324+0.74723141050431i|-0.536150571984864-1.00899833895221i|0.920842945934429-0.676449076258386i|0.454582253257498+1.04827957095011i|-1.12315108104408+0.209920777908098i|0.0452670017984461-1.14170310606401i|1.10300537000889-0.298184905016277i|0.045267001798446+1.14170310606401i|-1.12315108104407-0.209920777908088i|0.454582253257497-1.04827957095012i|1.09797960037114-1.02884285454927e-14i|-0.53615057198486+1.00899833895221i|-0.864395917970334-0.747231410504314i|1.1030053700089+0.298184905016286i|-0.074083196269074+2.50495222405414i|-2.96963247099347-3.61360506812782e-16i|-0.0740831962690733-2.50495222405414i
79,CIP,base_ets,0.06720727369087577,-6704.668556594189,13429.337113188378,13429.511855046996,13480.804834982904,30.40802750689561,30.611879691562564,0.20494612114141722,8.311206805889995,0.40367597633013586,,
79,Non CIP,base_ets,0.01044427542853625,-8765.900656438522,17551.801312877044,17551.97605473566,17603.269034671568,782.7971441929667,887.9309479946314,0.08047946405869677,111.81083365707582,0,,
79,<aggregated>,base_ets,0.009461359471840377,-8799.28689370515,17618.5737874103,17618.748529268916,17670.041509204828,823.0324958733356,930.3340031277265,0.07661975454418431,117.00134728352364,0,,
79,CIP,mint_arima,30.784811668858104,-3974.677328076892,7957.354656153784,7957.386301723404,7977.938594024642,NA,NA,NA,5.15454667824508,0.7409375075158631,1.54540446565159+6.74299232020844i|1.54540446565158-6.74299232020844i,1.05520058907273+0i
79,Non CIP,mint_arima,809.6165344258682,-6047.274465493772,12108.548930987545,12108.637749385642,12144.570822261545,NA,NA,NA,41.24134203496382,1.8787815799781171e-6,,0.926812066256517+0.676701572653088i|-0.865970337982213+0.752994686783916i|-0.541419009483982-1.01181573458769i|0.926812066256517-0.676701572653088i|0.45350016481145+1.05415521869686i|-1.12863862670289+0.207558365054392i|0.0487912778147478-1.14652738118156i|1.1012437947564+3.93872975723016e-16i|0.048791277814748+1.14652738118156i|-1.12863862670289-0.207558365054392i|0.45350016481145-1.05415521869686i|1.10692446528637+0.302694322279623i|-0.541419009483982+1.01181573458769i|-0.865970337982213-0.752994686783916i|1.10692446528637-0.302694322279623i|-0.135033581672595+2.51092846989415i|-3.11691914921682-7.03942352985597e-16i|-0.135033581672595-2.51092846989415i
79,<aggregated>,mint_arima,854.5575578902649,-6081.571898019394,12177.143796038788,12177.232614436885,12213.165687312789,NA,NA,NA,48.20260131218958,9.036351478197702e-8,,0.920842945934429+0.676449076258386i|-0.864395917970324+0.74723141050431i|-0.536150571984864-1.00899833895221i|0.920842945934429-0.676449076258386i|0.454582253257498+1.04827957095011i|-1.12315108104408+0.209920777908098i|0.0452670017984461-1.14170310606401i|1.10300537000889-0.298184905016277i|0.045267001798446+1.14170310606401i|-1.12315108104407-0.209920777908088i|0.454582253257497-1.04827957095012i|1.09797960037114-1.02884285454927e-14i|-0.53615057198486+1.00899833895221i|-0.864395917970334-0.747231410504314i|1.1030053700089+0.298184905016286i|-0.074083196269074+2.50495222405414i|-2.96963247099347-3.61360506812782e-16i|-0.0740831962690733-2.50495222405414i
79,CIP,mint_ets,0.06720727369087577,-6704.668556594189,13429.337113188378,13429.511855046996,13480.804834982904,30.40802750689561,30.611879691562564,0.20494612114141722,8.311206805889995,0.40367597633013586,,
79,Non CIP,mint_ets,0.01044427542853625,-8765.900656438522,17551.801312877044,17551.97605473566,17603.269034671568,782.7971441929667,887.9309479946314,0.08047946405869677,111.81083365707582,0,,
79,<aggregated>,mint_ets,0.009461359471840377,-8799.28689370515,17618.5737874103,17618.748529268916,17670.041509204828,823.0324958733356,930.3340031277265,0.07661975454418431,117.00134728352364,0,,
79,CIP,mint_weather,42.61978454413916,-4176.582656381921,8375.165312763842,8375.37533663019,8431.7711419087,NA,NA,NA,174.48729637356118,0,-2.13881924141552+0i,
79,Non CIP,mint_weather,736.4435121085811,-5983.695893170827,11995.391786341654,11995.72671457132,12067.435568889656,NA,NA,NA,23.734085033475758,0.0025391785356404517,0.634387763365762+0.795497093959219i|-0.916716878554976+0.44146758134454i|-0.226410371386621-0.991968650983663i|0.634387763365762-0.795497093959219i|-0.226410371386621+0.991968650983663i|-0.916716878554976-0.44146758134454i|1.01747897315167-3.4397389168183e-16i|3.70787058825768+1.11602369282399e-16i,0.645374241172049+0.809273701378914i|-0.932592798965953+0.449113021664675i|-0.230331399918362-1.00914779944445i|0.645374241172061-0.809273701378892i|-0.230331399918374+1.00914779944444i|-0.932592798965954-0.449113021664681i|1.0350999154245-5.31955522267804e-14i|1.20633223154341+4.55225453572637e-14i
79,<aggregated>,mint_weather,770.9086846402606,-6012.727619876732,12053.455239753464,12053.79016798313,12125.499022301467,NA,NA,NA,27.19854915390843,6.532780547940931e-4,0.634831986967996+0.796054132737474i|-0.917358800258919+0.441776714544421i|-0.226568912954679-0.992663266978627i|0.634831986967996-0.796054132737474i|-0.226568912954679+0.992663266978627i|-0.917358800258919-0.441776714544421i|1.0181914524912+2.03574446237298e-17i|3.78777948552872+1.58551606951187e-16i,0.646224506928023+0.810339900913378i|-0.933821468582188+0.449704717766754i|-0.230634856253284-1.01047732851743i|0.646224506928049-0.810339900913368i|-0.230634856253294+1.01047732851741i|-0.933821468582194-0.449704717766758i|1.03646363581482-8.6056803450915e-16i|1.19846615026516+1.17170274722861e-14i
81,CIP,arima_weather,19.937495675939225,-3695.5818360896296,7415.163672179259,7415.412079822571,7476.915485791832,NA,NA,NA,9.831580931429293,0.2770463412692298,12.7432915945316+0i,1.01563805533883+0i
81,Non CIP,arima_weather,509.5873976605257,-5749.715257650043,11529.430515300086,11529.81359590663,11606.620282315802,NA,NA,NA,6.175004530404384,0.6276359395048123,0.65258868972554+0.8183203337231i|-0.94301797917965+0.454133523852086i|-0.232906206796237-1.02042876545998i|0.65258868972554-0.8183203337231i|-0.232906206796236+1.02042876545998i|-0.943017979179649-0.454133523852086i|1.04667099250069-8.65900392974234e-16i|1.71818894029824+6.69014894131856e-16i,0.676147236222137+0.847861816642815i|-0.977061065214399+0.470527810032302i|-0.241314154694418-1.05726639212443i|1.03950302409756-2.69287934893388e-16i|-0.241314154694418+1.05726639212443i|-0.977061065214414-0.470527810032317i|0.676147236222208-0.847861816642837i|1.08445596737328+4.19904386326879e-14i|3.44363513222121-5.01110841418376e-15i
81,<aggregated>,arima_weather,538.117070962719,-5784.267247844595,11598.53449568919,11598.917576295733,11675.724262704905,NA,NA,NA,7.787463855742239,0.45450204315145426,0.65664755733466+0.823409992720761i|-0.948883212811143+0.456958071502389i|-0.234354799874253-1.02677546641994i|0.65664755733466-0.823409992720761i|-0.234354799874253+1.02677546641994i|-0.948883212811143-0.456958071502389i|1.05318091070147-1.85543202370765e-16i|1.94787695386092+1.07841128717649e-16i,0.681790152973364+0.854937810437586i|-0.985215316177066+0.47445469033131i|-0.243328088365791-1.06609001206254i|1.04296355642191+1.40140696630688e-15i|-0.243328088365791+1.06609001206254i|-0.98521531617707-0.474454690331324i|0.681790152973409-0.85493781043757i|1.09350650313894-5.69278985388354e-15i|4.6404943898105+3.9347397225365e-15i
81,CIP,base_arima,20.55437700478188,-3718.9361634825536,7443.872326965107,7443.891299297123,7459.3102803682505,NA,NA,NA,8.163161349508448,0.41769662624525483,12.8270884685634+0i,1.04488506265981+0i
81,Non CIP,base_arima,522.5990648989604,-5770.660078249917,11553.320156499834,11553.386717514097,11584.19606330612,NA,NA,NA,7.5042650500073975,0.48332668495734155,0.635112172617612+0.79640547442927i|-0.917763680253397+0.441971694473426i|-0.226668910055269-0.993101382902232i|0.635112172617607-0.79640547442927i|-0.226668910055267+0.993101382902234i|-0.917763680253398-0.441971694473424i|1.01864083538211-6.11287894992425e-15i|1.52574242792077+1.77555813098665e-15i,0.653358006028341+0.819285025853929i|-0.944129673446864+0.45466888759505i|-0.233180772605808-1.02163171687099i|1.04790488004866-1.55460257766196e-15i|-0.233180772605808+1.02163171687099i|-0.944129673446864-0.45466888759505i|0.65335800602834-0.819285025853929i|1.02702668618173+1.68956360929617e-15i|2.7304225160077-2.85592355285725e-16i
81,<aggregated>,base_arima,554.8036955335044,-5808.564480806328,11629.128961612656,11629.195522626918,11660.004868418942,NA,NA,NA,9.531950862103042,0.2994240627003829,0.635895995803143+0.797388357615671i|-0.918896337573535+0.442517153490609i|-0.226948653311344-0.994327018188511i|0.635895995803143-0.797388357615671i|-0.226948653311343+0.994327018188511i|-0.918896337573535-0.442517153490609i|1.01989799016347-8.27560820135837e-17i|1.67925556792015+1.36257363815655e-16i,0.654175275967117+0.820309849942319i|-0.945310662725782+0.455237622056861i|-0.23347245286991-1.02290965160661i|1.04921567925714+1.18692197277034e-14i|-0.23347245286991+1.02290965160661i|-0.945310662725782-0.455237622056861i|0.654175275967117-0.820309849942318i|1.03082342112388-7.42658836988194e-15i|3.34257992328246-5.0229333913975e-15i
81,CIP,base_ets,20.651479270920746,-6459.8442603937165,12925.688520787433,12925.707478133405,12941.12883732579,20.618957256320872,20.753078548407267,3.576081215803176,15.199838524974625,0.05537423735772451,,
81,Non CIP,base_ets,0.015684282365587866,-8539.791176277073,17099.582352554145,17099.757094412762,17151.05007434867,545.9658264013946,585.9792640242753,0.09885051513235693,63.081291084818076,1.1546563705167046e-10,,
81,<aggregated>,base_ets,0.014323257460772176,-8579.877877951192,17179.755755902384,17179.930497761,17231.223477696913,581.7913815005223,623.6185240641222,0.09418507062326659,68.82782465776316,8.40727487627646e-12,,
81,CIP,mint_arima,20.55437700478188,-3718.9361634825536,7443.872326965107,7443.891299297123,7459.3102803682505,NA,NA,NA,8.163161349508448,0.41769662624525483,12.8270884685634+0i,1.04488506265981+0i
81,Non CIP,mint_arima,522.5990648989604,-5770.660078249917,11553.320156499834,11553.386717514097,11584.19606330612,NA,NA,NA,7.5042650500073975,0.48332668495734155,0.635112172617612+0.79640547442927i|-0.917763680253397+0.441971694473426i|-0.226668910055269-0.993101382902232i|0.635112172617607-0.79640547442927i|-0.226668910055267+0.993101382902234i|-0.917763680253398-0.441971694473424i|1.01864083538211-6.11287894992425e-15i|1.52574242792077+1.77555813098665e-15i,0.653358006028341+0.819285025853929i|-0.944129673446864+0.45466888759505i|-0.233180772605808-1.02163171687099i|1.04790488004866-1.55460257766196e-15i|-0.233180772605808+1.02163171687099i|-0.944129673446864-0.45466888759505i|0.65335800602834-0.819285025853929i|1.02702668618173+1.68956360929617e-15i|2.7304225160077-2.85592355285725e-16i
81,<aggregated>,mint_arima,554.8036955335044,-5808.564480806328,11629.128961612656,11629.195522626918,11660.004868418942,NA,NA,NA,9.531950862103042,0.2994240627003829,0.635895995803143+0.797388357615671i|-0.918896337573535+0.442517153490609i|-0.226948653311344-0.994327018188511i|0.635895995803143-0.797388357615671i|-0.226948653311343+0.994327018188511i|-0.918896337573535-0.442517153490609i|1.01989799016347-8.27560820135837e-17i|1.67925556792015+1.36257363815655e-16i,0.654175275967117+0.820309849942319i|-0.945310662725782+0.455237622056861i|-0.23347245286991-1.02290965160661i|1.04921567925714+1.18692197277034e-14i|-0.23347245286991+1.02290965160661i|-0.945310662725782-0.455237622056861i|0.654175275967117-0.820309849942318i|1.03082342112388-7.42658836988194e-15i|3.34257992328246-5.0229333913975e-15i
81,CIP,mint_ets,20.651479270920746,-6459.8442603937165,12925.688520787433,12925.707478133405,12941.12883732579,20.618957256320872,20.753078548407267,3.576081215803176,15.199838524974625,0.05537423735772451,,
81,Non CIP,mint_ets,0.015684282365587866,-8539.791176277073,17099.582352554145,17099.757094412762,17151.05007434867,545.9658264013946,585.9792640242753,0.09885051513235693,63.081291084818076,1.1546563705167046e-10,,
81,<aggregated>,mint_ets,0.014323257460772176,-8579.877877951192,17179.755755902384,17179.930497761,17231.223477696913,581.7913815005223,623.6185240641222,0.09418507062326659,68.82782465776316,8.40727487627646e-12,,
81,CIP,mint_weather,19.937495675939225,-3695.5818360896296,7415.163672179259,7415.412079822571,7476.915485791832,NA,NA,NA,9.831580931429293,0.2770463412692298,12.7432915945316+0i,1.01563805533883+0i
81,Non CIP,mint_weather,509.5873976605257,-5749.715257650043,11529.430515300086,11529.81359590663,11606.620282315802,NA,NA,NA,6.175004530404384,0.6276359395048123,0.65258868972554+0.8183203337231i|-0.94301797917965+0.454133523852086i|-0.232906206796237-1.02042876545998i|0.65258868972554-0.8183203337231i|-0.232906206796236+1.02042876545998i|-0.943017979179649-0.454133523852086i|1.04667099250069-8.65900392974234e-16i|1.71818894029824+6.69014894131856e-16i,0.676147236222137+0.847861816642815i|-0.977061065214399+0.470527810032302i|-0.241314154694418-1.05726639212443i|1.03950302409756-2.69287934893388e-16i|-0.241314154694418+1.05726639212443i|-0.977061065214414-0.470527810032317i|0.676147236222208-0.847861816642837i|1.08445596737328+4.19904386326879e-14i|3.44363513222121-5.01110841418376e-15i
81,<aggregated>,mint_weather,538.117070962719,-5784.267247844595,11598.53449568919,11598.917576295733,11675.724262704905,NA,NA,NA,7.787463855742239,0.45450204315145426,0.65664755733466+0.823409992720761i|-0.948883212811143+0.456958071502389i|-0.234354799874253-1.02677546641994i|0.65664755733466-0.823409992720761i|-0.234354799874253+1.02677546641994i|-0.948883212811143-0.456958071502389i|1.05318091070147-1.85543202370765e-16i|1.94787695386092+1.07841128717649e-16i,0.681790152973364+0.854937810437586i|-0.985215316177066+0.47445469033131i|-0.243328088365791-1.06609001206254i|1.04296355642191+1.40140696630688e-15i|-0.243328088365791+1.06609001206254i|-0.98521531617707-0.474454690331324i|0.681790152973409-0.85493781043757i|1.09350650313894-5.69278985388354e-15i|4.6404943898105+3.9347397225365e-15i
83,CIP,arima_weather,25.61852364577881,-3854.8944929667714,7731.788985933543,7731.999009799892,7788.394815078401,NA,NA,NA,8.326196825466502,0.40227214673477785,,1.03203284008562+0i
83,Non CIP,arima_weather,699.3258298829214,-5950.482189349606,11932.964378699213,11933.398883491545,12015.300130182643,NA,NA,NA,12.8801053693772,0.11604192695455429,0.634779444172039+0.795988246155314i|-0.917282873718904+0.441740150249855i|-0.226550160647914-0.992581107754514i|0.634779444172036-0.795988246155321i|-0.226550160647912+0.992581107754519i|-0.917282873718912-0.441740150249862i|-1.2379342782216+7.75785723808071e-15i|1.01810718038957+1.21066080337878e-15i|3.93574824852992+7.80041407887579e-17i,0.653013437664391+0.818852950791923i|-0.943631757734599+0.454429104025719i|-0.233057797580508-1.02109292808139i|0.653013437664392-0.818852950791923i|-0.233057797580508+1.02109292808139i|-0.943631757734599-0.454429104025718i|1.06954739034037-2.61426420884828e-14i|1.04735223530143+2.72451984946847e-14i|-1.23286150140487-1.41237440685544e-16i
83,<aggregated>,arima_weather,707.405864670226,-5957.870308336693,11947.740616673385,11948.175121465718,12030.076368156815,NA,NA,NA,14.39758008347971,0.07197333241410031,0.633524994915438+0.794415216541925i|-0.915470142021943+0.440867184673891i|-0.226102452891754-0.990619571910577i|0.63352499491544-0.794415216541926i|-0.226102452891753+0.990619571910576i|-0.915470142021944-0.440867184673891i|1.01609519999652+1.41334654474057e-15i|2.49178864318887+1.92965517788646e-16i|-28.77602635071+6.28339331991858e-17i,0.652043026929756+0.817636094219447i|-0.942229473593978+0.453753799575238i|-0.232711461999158-1.01957553275486i|1.06078697132336+3.54348975410816e-14i|-0.232711461999158+1.01957553275486i|-0.942229473593972-0.453753799575244i|0.65204302692976-0.817636094219425i|1.04579581732674-5.20703359355551e-14i|9.67346654298866+2.45194720999657e-16i
83,CIP,base_arima,29.923536816807573,-3956.267467927565,7922.53493585513,7922.582441793373,7948.264858193702,NA,NA,NA,53.259530032146024,9.606488604596564e-9,12.7349422543479+0i,0.934724766259013+0.711036360118022i|-0.901205022035279+0.753068789903182i|-0.53365079988019-1.04618350104324i|1.13870197082703-0.287473330419526i|0.485213366075173+1.0695097397639i|-1.15066502903328+0.235059747782745i|0.0268807477875381-1.17412116898821i|1.03980390202576+8.9229339068284e-16i|0.0268807477875382+1.17412116898821i|-1.15066502903328-0.235059747782744i|0.485213366075173-1.0695097397639i|1.13870197082703+0.287473330419526i|-0.53365079988019+1.04618350104324i|-0.90120502203528-0.753068789903182i|0.934724766259013-0.711036360118022i
83,Non CIP,base_arima,786.918892814048,-6030.4220439517485,12072.844087903497,12072.91064891776,12103.719994709783,NA,NA,NA,23.706067089929324,0.002566705992393725,0.668646555997175+0.838456261135222i|-0.966222268251505+0.465308120516564i|-0.732326678100739-0.918308608550609i|1.05824271084494-0.509622830080999i|0.261364365361363+1.14511210478077i|-1.17456079621115-7.32280465878543e-15i|-0.238637192915728-1.04553785624481i|1.07242581034013-6.20384400623587e-17i|-0.23863719291573+1.04553785624479i|-0.966222268251489-0.465308120516544i|0.261364365361369-1.14511210478075i|1.05824271084494+0.509622830080982i|-0.732326678100719+0.918308608550616i|0.668646555997145-0.838456261135225i,1.04601957654045+0i|-2.31376124351539+3.25430622856403i|-2.31376124351539-3.25430622856403i
83,<aggregated>,base_arima,858.7795113172874,-6085.600364605549,12183.200729211097,12183.26729022536,12214.076636017384,NA,NA,NA,39.4688792355032,4.022390246993801e-6,,0.912898761586381+0.659369392715489i|-0.845976710432472+0.743286990577524i|-0.536403706164932-0.990163223397266i|0.912898761586381-0.659369392715489i|0.439698540360951+1.03673397675604i|-1.10858302130707+0.1979793671715i|0.0536673181777758-1.1248430841302i|1.05567457968303-1.32506893222108e-14i|0.0536673181777799+1.12484308413021i|-1.10858302130708-0.197979367171495i|0.439698540360946-1.03673397675605i|1.08469881777937+0.302622900098427i|-0.536403706164936+0.99016322339727i|-0.845976710432474-0.743286990577528i|1.08469881777936-0.302622900098421i|-2.42010639019134+3.13530035261382i|-2.42010639019134-3.13530035261382i
83,CIP,base_ets,0.07337883139731252,-6590.129063797604,13200.258127595209,13200.432869453827,13251.725849389735,25.96125521048988,26.068902044732063,0.21434772553139222,8.865784481845493,0.3537445302018636,,
83,Non CIP,base_ets,0.012009071592518078,-8758.533878937527,17537.067757875055,17537.24249973367,17588.535479669583,774.7564330102392,817.9121381844742,0.08552072028428752,84.92356290263822,4.9960036108132044e-15,,
83,<aggregated>,base_ets,0.010573106362168022,-8768.73322665532,17557.46645331064,17557.641195169257,17608.93417510517,791.1046102747737,840.7592547710493,0.0807023697246999,88.41424704075834,9.992007221626409e-16,,
83,CIP,mint_arima,29.923536816807573,-3956.267467927565,7922.53493585513,7922.582441793373,7948.264858193702,NA,NA,NA,53.259530032146024,9.606488604596564e-9,12.7349422543479+0i,0.934724766259013+0.711036360118022i|-0.901205022035279+0.753068789903182i|-0.53365079988019-1.04618350104324i|1.13870197082703-0.287473330419526i|0.485213366075173+1.0695097397639i|-1.15066502903328+0.235059747782745i|0.0268807477875381-1.17412116898821i|1.03980390202576+8.9229339068284e-16i|0.0268807477875382+1.17412116898821i|-1.15066502903328-0.235059747782744i|0.485213366075173-1.0695097397639i|1.13870197082703+0.287473330419526i|-0.53365079988019+1.04618350104324i|-0.90120502203528-0.753068789903182i|0.934724766259013-0.711036360118022i
83,Non CIP,mint_arima,786.918892814048,-6030.4220439517485,12072.844087903497,12072.91064891776,12103.719994709783,NA,NA,NA,23.706067089929324,0.002566705992393725,0.668646555997175+0.838456261135222i|-0.966222268251505+0.465308120516564i|-0.732326678100739-0.918308608550609i|1.05824271084494-0.509622830080999i|0.261364365361363+1.14511210478077i|-1.17456079621115-7.32280465878543e-15i|-0.238637192915728-1.04553785624481i|1.07242581034013-6.20384400623587e-17i|-0.23863719291573+1.04553785624479i|-0.966222268251489-0.465308120516544i|0.261364365361369-1.14511210478075i|1.05824271084494+0.509622830080982i|-0.732326678100719+0.918308608550616i|0.668646555997145-0.838456261135225i,1.04601957654045+0i|-2.31376124351539+3.25430622856403i|-2.31376124351539-3.25430622856403i
83,<aggregated>,mint_arima,858.7795113172874,-6085.600364605549,12183.200729211097,12183.26729022536,12214.076636017384,NA,NA,NA,39.4688792355032,4.022390246993801e-6,,0.912898761586381+0.659369392715489i|-0.845976710432472+0.743286990577524i|-0.536403706164932-0.990163223397266i|0.912898761586381-0.659369392715489i|0.439698540360951+1.03673397675604i|-1.10858302130707+0.1979793671715i|0.0536673181777758-1.1248430841302i|1.05567457968303-1.32506893222108e-14i|0.0536673181777799+1.12484308413021i|-1.10858302130708-0.197979367171495i|0.439698540360946-1.03673397675605i|1.08469881777937+0.302622900098427i|-0.536403706164936+0.99016322339727i|-0.845976710432474-0.743286990577528i|1.08469881777936-0.302622900098421i|-2.42010639019134+3.13530035261382i|-2.42010639019134-3.13530035261382i
83,CIP,mint_ets,0.07337883139731252,-6590.129063797604,13200.258127595209,13200.432869453827,13251.725849389735,25.96125521048988,26.068902044732063,0.21434772553139222,8.865784481845493,0.3537445302018636,,
83,Non CIP,mint_ets,0.012009071592518078,-8758.533878937527,17537.067757875055,17537.24249973367,17588.535479669583,774.7564330102392,817.9121381844742,0.08552072028428752,84.92356290263822,4.9960036108132044e-15,,
83,<aggregated>,mint_ets,0.010573106362168022,-8768.73322665532,17557.46645331064,17557.641195169257,17608.93417510517,791.1046102747737,840.7592547710493,0.0807023697246999,88.41424704075834,9.992007221626409e-16,,
83,CIP,mint_weather,25.61852364577881,-3854.8944929667714,7731.788985933543,7731.999009799892,7788.394815078401,NA,NA,NA,8.326196825466502,0.40227214673477785,,1.03203284008562+0i
83,Non CIP,mint_weather,699.3258298829214,-5950.482189349606,11932.964378699213,11933.398883491545,12015.300130182643,NA,NA,NA,12.8801053693772,0.11604192695455429,0.634779444172039+0.795988246155314i|-0.917282873718904+0.441740150249855i|-0.226550160647914-0.992581107754514i|0.634779444172036-0.795988246155321i|-0.226550160647912+0.992581107754519i|-0.917282873718912-0.441740150249862i|-1.2379342782216+7.75785723808071e-15i|1.01810718038957+1.21066080337878e-15i|3.93574824852992+7.80041407887579e-17i,0.653013437664391+0.818852950791923i|-0.943631757734599+0.454429104025719i|-0.233057797580508-1.02109292808139i|0.653013437664392-0.818852950791923i|-0.233057797580508+1.02109292808139i|-0.943631757734599-0.454429104025718i|1.06954739034037-2.61426420884828e-14i|1.04735223530143+2.72451984946847e-14i|-1.23286150140487-1.41237440685544e-16i
83,<aggregated>,mint_weather,707.405864670226,-5957.870308336693,11947.740616673385,11948.175121465718,12030.076368156815,NA,NA,NA,14.39758008347971,0.07197333241410031,0.633524994915438+0.794415216541925i|-0.915470142021943+0.440867184673891i|-0.226102452891754-0.990619571910577i|0.63352499491544-0.794415216541926i|-0.226102452891753+0.990619571910576i|-0.915470142021944-0.440867184673891i|1.01609519999652+1.41334654474057e-15i|2.49178864318887+1.92965517788646e-16i|-28.77602635071+6.28339331991858e-17i,0.652043026929756+0.817636094219447i|-0.942229473593978+0.453753799575238i|-0.232711461999158-1.01957553275486i|1.06078697132336+3.54348975410816e-14i|-0.232711461999158+1.01957553275486i|-0.942229473593972-0.453753799575244i|0.65204302692976-0.817636094219425i|1.04579581732674-5.20703359355551e-14i|9.67346654298866+2.45194720999657e-16i
84,CIP,arima_weather,21.77727909796339,-3749.978806914166,7529.957613828332,7530.340694434876,7607.147380844048,NA,NA,NA,7.719528013666104,0.4613359187787074,1.18463906646798+0i,1.01028791156399-1.60266243682149e-22i|-0.970491115423999+0.813512995347916i|-0.57716193668687-1.12718254846174i|1.00907111548777-0.765135205440906i|0.521412221330641+1.15403019638305i|-1.24112138442124+0.25154345121502i|0.0309387578984988-1.26597756377297i|1.22735234181518-0.311869568501978i|0.0309387578984979+1.26597756377298i|-1.24112138442124-0.25154345121502i|0.521412221330636-1.15403019638305i|1.22735234181521+0.311869568501976i|-0.577161936686872+1.12718254846175i|-0.970491115423998-0.813512995347915i|1.28736451106558-2.30301909846505e-14i|1.00907111548779+0.765135205440915i
84,Non CIP,arima_weather,1117.546908808786,-6247.423537755665,12526.84707551133,12527.281580303663,12609.18282699476,NA,NA,NA,15.20119571661277,0.05534939489312596,0.63687189254859+0.798612093428116i|-0.920306549229466+0.443196275631252i|-0.227296946827283-0.995852991786969i|0.63687189254859-0.798612093428116i|-0.227296946827283+0.995852991786969i|-0.920306549229466-0.443196275631252i|-0.389530636653685-1.70664522915489i|1.02146320701632+2.66969114865031e-16i|-0.389530636653686+1.70664522915489i|-1.57717734902227+0.759528580647268i|1.09144059009204-1.3686232108906i|1.75053479116782+4.7938101245564e-16i|1.09144059009204+1.3686232108906i|-1.57717734902227-0.759528580647268i|2.8029898123733-3.00814032836936e-16i|-9.73891403243006-3.04617018729643e-16i,0.65031332928914+0.815467121981967i|-0.93972998808446+0.452550110793777i|-0.23209414005852-1.0168708686137i|0.65031332928914-0.815467121981967i|-0.23209414005852+1.0168708686137i|-0.93972998808446-0.452550110793777i|1.04302159770767-1.1800926548618e-16i|1.12570995271473-3.01585299449851e-16i
84,<aggregated>,arima_weather,1162.2389001706185,-6272.336976613535,12576.67395322707,12577.108458019402,12659.0097047105,NA,NA,NA,15.540237051106311,0.04945387758799469,0.635803135098441+0.797271913975047i|-0.918762149967357+0.442452532145315i|-0.226915511709546-0.99418181534367i|0.635803135098441-0.797271913975047i|-0.226915511709546+0.99418181534367i|-0.918762149967357-0.442452532145315i|-0.38024848050034-1.66597744586712i|1.01974905315696+1.90905979718069e-16i|-0.380248480500343+1.66597744586712i|-1.53959466602484+0.741429714409013i|1.06543256649635-1.33601018084061i|1.70882116005762+3.85645751468536e-15i|1.06543256649635+1.33601018084061i|-1.53959466602484-0.741429714409016i|2.80094168629906-6.31326434870309e-16i|-10.4738392207624-1.44598511967508e-16i,0.648915924311218+0.813714831564i|-0.937710679384932+0.451577662976548i|-0.231595411996127-1.0146857982027i|0.648915924311218-0.813714831564i|-0.231595411996127+1.0146857982027i|-0.937710679384932-0.451577662976547i|1.04078033413967-4.92763873460736e-15i|1.12567403291333+4.84497663643674e-15i
84,CIP,base_arima,23.62636999176323,-3806.3688906458506,7622.737781291701,7622.785287229944,7648.467703630273,NA,NA,NA,13.221507726620677,0.1044520872882847,11.7701131972247+0i,0.95171747946115+0.710714976095537i|-0.904672930193421+0.769706974980488i|-0.549100148757878-1.05326680598623i|1.03621790191485-2.40518541735413e-15i|0.481118805408933+1.08600489549551i|-1.16583549130822+0.227397328841947i|0.0377267993217291-1.18720622748167i|1.14904548606773-0.300959148234038i|0.0377267993217405+1.18720622748169i|-1.16583549130823-0.227397328841931i|0.481118805408903-1.08600489549551i|1.14904548606774+0.300959148233998i|-0.54910014875787+1.05326680598624i|-0.904672930193428-0.769706974980477i|0.951717479461113-0.710714976095548i
84,Non CIP,base_arima,1377.1224389816218,-6384.63619154106,12783.27238308212,12783.361201480217,12819.29427435612,NA,NA,NA,93.12431852006239,1.1102230246251565e-16,-1.18932206586262+0i,0.922394932628912+0.65312299251662i|-0.84200001737733+0.753935027591858i|-0.547669672112839-0.98865564548086i|0.922394932628912-0.65312299251662i|0.431495653607016+1.04460210415814i|-1.11442856430636-0.188231320856619i|0.0644717163070755-1.12837292279183i|1.07714952430334+3.07404820287869e-14i|0.0644717163070724+1.12837292279184i|-1.11442856430636+0.188231320856584i|0.431495653607018-1.04460210415814i|1.08573595125351+0.313941872404681i|-0.547669672112849+0.988655645480857i|-0.842000017377326-0.753935027591853i|1.08573595125354-0.3139418724047i|-1.62994160379951+5.11719871089011e-14i|-1.71370598618723-3.64582159681688e-14i
84,<aggregated>,base_arima,1459.2596713888101,-6421.91118767576,12855.82237535152,12855.888936365782,12886.698282157806,NA,NA,NA,104.38735785004089,0,,0.916922642008193+0.65509543351825i|-0.842705305945149+0.748161029308292i|-0.541883498550481-0.988058415501047i|0.916922642008193-0.65509543351825i|0.43463634061444+1.03970592470229i|-1.11035401089795+0.192382766708917i|0.0595176824398649-1.12532431055262i|1.06640273612622+6.85172296397843e-17i|0.0595176824398645+1.12532431055262i|-1.11035401089795-0.192382766708917i|0.43463634061444-1.03970592470229i|1.08386615033108+0.308433666466913i|-0.541883498550481+0.988058415501047i|-0.842705305945148-0.748161029308292i|1.08386615033108-0.308433666466913i|-1.57037319170455+2.44171530542046i|-1.57037319170455-2.44171530542046i
84,CIP,base_ets,22.33012001640616,-6505.953953060777,13031.907906121554,13032.082647980173,13083.37562791608,22.17187507140799,22.379209689810065,3.7085682426588273,10.610914030584937,0.22473448389695905,,
84,Non CIP,base_ets,0.007520169161083709,-9008.304730480391,18036.609460960783,18036.7842028194,18088.07718275531,1175.34972511062,1278.8040830700813,0.06765722334170385,50.985258932939644,2.6412805054221167e-8,,
84,<aggregated>,base_ets,0.007168085928281253,-9032.587980455208,18085.175960910416,18085.350702769032,18136.64368270494,1222.181607160456,1333.059895799612,0.06618077555765389,50.62174561306627,3.103184542663229e-8,,
84,CIP,mint_arima,23.62636999176323,-3806.3688906458506,7622.737781291701,7622.785287229944,7648.467703630273,NA,NA,NA,13.221507726620677,0.1044520872882847,11.7701131972247+0i,0.95171747946115+0.710714976095537i|-0.904672930193421+0.769706974980488i|-0.549100148757878-1.05326680598623i|1.03621790191485-2.40518541735413e-15i|0.481118805408933+1.08600489549551i|-1.16583549130822+0.227397328841947i|0.0377267993217291-1.18720622748167i|1.14904548606773-0.300959148234038i|0.0377267993217405+1.18720622748169i|-1.16583549130823-0.227397328841931i|0.481118805408903-1.08600489549551i|1.14904548606774+0.300959148233998i|-0.54910014875787+1.05326680598624i|-0.904672930193428-0.769706974980477i|0.951717479461113-0.710714976095548i
84,Non CIP,mint_arima,1377.1224389816218,-6384.63619154106,12783.27238308212,12783.361201480217,12819.29427435612,NA,NA,NA,93.12431852006239,1.1102230246251565e-16,-1.18932206586262+0i,0.922394932628912+0.65312299251662i|-0.84200001737733+0.753935027591858i|-0.547669672112839-0.98865564548086i|0.922394932628912-0.65312299251662i|0.431495653607016+1.04460210415814i|-1.11442856430636-0.188231320856619i|0.0644717163070755-1.12837292279183i|1.07714952430334+3.07404820287869e-14i|0.0644717163070724+1.12837292279184i|-1.11442856430636+0.188231320856584i|0.431495653607018-1.04460210415814i|1.08573595125351+0.313941872404681i|-0.547669672112849+0.988655645480857i|-0.842000017377326-0.753935027591853i|1.08573595125354-0.3139418724047i|-1.62994160379951+5.11719871089011e-14i|-1.71370598618723-3.64582159681688e-14i
84,<aggregated>,mint_arima,1459.2596713888101,-6421.91118767576,12855.82237535152,12855.888936365782,12886.698282157806,NA,NA,NA,104.38735785004089,0,,0.916922642008193+0.65509543351825i|-0.842705305945149+0.748161029308292i|-0.541883498550481-0.988058415501047i|0.916922642008193-0.65509543351825i|0.43463634061444+1.03970592470229i|-1.11035401089795+0.192382766708917i|0.0595176824398649-1.12532431055262i|1.06640273612622+6.85172296397843e-17i|0.0595176824398645+1.12532431055262i|-1.11035401089795-0.192382766708917i|0.43463634061444-1.03970592470229i|1.08386615033108+0.308433666466913i|-0.541883498550481+0.988058415501047i|-0.842705305945148-0.748161029308292i|1.08386615033108-0.308433666466913i|-1.57037319170455+2.44171530542046i|-1.57037319170455-2.44171530542046i
84,CIP,mint_ets,22.33012001640616,-6505.953953060777,13031.907906121554,13032.082647980173,13083.37562791608,22.17187507140799,22.379209689810065,3.7085682426588273,10.610914030584937,0.22473448389695905,,
84,Non CIP,mint_ets,0.007520169161083709,-9008.304730480391,18036.609460960783,18036.7842028194,18088.07718275531,1175.34972511062,1278.8040830700813,0.06765722334170385,50.985258932939644,2.6412805054221167e-8,,
84,<aggregated>,mint_ets,0.007168085928281253,-9032.587980455208,18085.175960910416,18085.350702769032,18136.64368270494,1222.181607160456,1333.059895799612,0.06618077555765389,50.62174561306627,3.103184542663229e-8,,
84,CIP,mint_weather,21.77727909796339,-3749.978806914166,7529.957613828332,7530.340694434876,7607.147380844048,NA,NA,NA,7.719528013666104,0.4613359187787074,1.18463906646798+0i,1.01028791156399-1.60266243682149e-22i|-0.970491115423999+0.813512995347916i|-0.57716193668687-1.12718254846174i|1.00907111548777-0.765135205440906i|0.521412221330641+1.15403019638305i|-1.24112138442124+0.25154345121502i|0.0309387578984988-1.26597756377297i|1.22735234181518-0.311869568501978i|0.0309387578984979+1.26597756377298i|-1.24112138442124-0.25154345121502i|0.521412221330636-1.15403019638305i|1.22735234181521+0.311869568501976i|-0.577161936686872+1.12718254846175i|-0.970491115423998-0.813512995347915i|1.28736451106558-2.30301909846505e-14i|1.00907111548779+0.765135205440915i
84,Non CIP,mint_weather,1117.546908808786,-6247.423537755665,12526.84707551133,12527.281580303663,12609.18282699476,NA,NA,NA,15.20119571661277,0.05534939489312596,0.63687189254859+0.798612093428116i|-0.920306549229466+0.443196275631252i|-0.227296946827283-0.995852991786969i|0.63687189254859-0.798612093428116i|-0.227296946827283+0.995852991786969i|-0.920306549229466-0.443196275631252i|-0.389530636653685-1.70664522915489i|1.02146320701632+2.66969114865031e-16i|-0.389530636653686+1.70664522915489i|-1.57717734902227+0.759528580647268i|1.09144059009204-1.3686232108906i|1.75053479116782+4.7938101245564e-16i|1.09144059009204+1.3686232108906i|-1.57717734902227-0.759528580647268i|2.8029898123733-3.00814032836936e-16i|-9.73891403243006-3.04617018729643e-16i,0.65031332928914+0.815467121981967i|-0.93972998808446+0.452550110793777i|-0.23209414005852-1.0168708686137i|0.65031332928914-0.815467121981967i|-0.23209414005852+1.0168708686137i|-0.93972998808446-0.452550110793777i|1.04302159770767-1.1800926548618e-16i|1.12570995271473-3.01585299449851e-16i
84,<aggregated>,mint_weather,1162.2389001706185,-6272.336976613535,12576.67395322707,12577.108458019402,12659.0097047105,NA,NA,NA,15.540237051106311,0.04945387758799469,0.635803135098441+0.797271913975047i|-0.918762149967357+0.442452532145315i|-0.226915511709546-0.99418181534367i|0.635803135098441-0.797271913975047i|-0.226915511709546+0.99418181534367i|-0.918762149967357-0.442452532145315i|-0.38024848050034-1.66597744586712i|1.01974905315696+1.90905979718069e-16i|-0.380248480500343+1.66597744586712i|-1.53959466602484+0.741429714409013i|1.06543256649635-1.33601018084061i|1.70882116005762+3.85645751468536e-15i|1.06543256649635+1.33601018084061i|-1.53959466602484-0.741429714409016i|2.80094168629906-6.31326434870309e-16i|-10.4738392207624-1.44598511967508e-16i,0.648915924311218+0.813714831564i|-0.937710679384932+0.451577662976548i|-0.231595411996127-1.0146857982027i|0.648915924311218-0.813714831564i|-0.231595411996127+1.0146857982027i|-0.937710679384932-0.451577662976547i|1.04078033413967-4.92763873460736e-15i|1.12567403291333+4.84497663643674e-15i
88,CIP,arima_weather,13.089198586167822,-3428.644333023042,6885.288666046084,6885.623327400665,6957.343476558421,NA,NA,NA,17.984754290234974,0.021341076489204358,,0.953983115587836+0.744803242540093i|-0.938410684095025+0.764330453993047i|-0.536351071869018-1.08496229548767i|0.953983115587835-0.744803242540093i|0.513848256376706+1.09579908028047i|-1.18266710342937+0.257126772995131i|0.01248812045232-1.21023125962457i|1.17710936697655-0.281476807394443i|0.0124881204523052+1.21023125962457i|-1.18266710342935-0.257126772995139i|0.513848256376703-1.09579908028047i|1.17710936697655+0.281476807394445i|-0.536351071869009+1.08496229548765i|-0.938410684095029-0.764330453993031i|-12.9272770397949-3.24502555457616e-16i
88,Non CIP,arima_weather,446.3564232744743,-5665.514185319396,11361.028370638793,11361.411451245336,11438.218137654509,NA,NA,NA,22.50616867409694,0.004059640514374241,0.643883920510322+0.807404898378709i|-0.930439223213142+0.448075914242442i|-0.22979951063237-1.00681744021982i|0.643883920510322-0.807404898378709i|-0.22979951063237+1.00681744021982i|-0.930439223213142-0.448075914242442i|1.03270962667038+1.11151152386533e-16i|2.50337611590568-8.58427234460765e-16i|-6.33228933654033+8.85068296648782e-16i,0.656777086316535+0.823572416926609i|-0.94907038761306+0.457048210136273i|-0.234401028232656-1.02697800609178i|1.05338865905836+6.38118502923625e-16i|-0.234401028232656+1.02697800609178i|-0.949070387613059-0.457048210136273i|0.656777086316535-0.823572416926609i|1.0834132048032-5.19333188649485e-16i
88,<aggregated>,arima_weather,453.6327405600482,-5675.802012504921,11381.604025009841,11381.987105616385,11458.793792025557,NA,NA,NA,25.701740407620825,0.0011810774017783077,0.640700444540019+0.803412945776047i|-0.925838967150561+0.445860547682687i|-0.228663341213035-1.0018395567453i|0.640700444540019-0.803412945776047i|-0.228663341213034+1.0018395567453i|-0.925838967150561-0.445860547682687i|1.02760372764715-7.98299708999218e-17i|2.53233286766415-8.00429194496369e-17i|-7.05471830708587+2.34869290484544e-16i,0.652812715789039+0.818601253521331i|-0.94334170622091+0.454289422578578i|-0.2329861607726-1.02077906671865i|0.652812715789039-0.81860125352133i|-0.232986160772599+1.02077906671865i|-0.94334170622091-0.454289422578578i|1.04703030240894+6.93787884741651e-15i|1.08466188436231-7.18705738018747e-15i
88,CIP,base_arima,13.373926989342346,-3446.456891314047,6904.913782628094,6904.980290941633,6935.79441570481,NA,NA,NA,19.862133658954036,0.010870420457961716,0.64143881490411+0.804338832927123i|-0.926905943240699+0.446374376286572i|-0.228926862544953-1.00299411913803i|0.641438814904116-0.804338832927121i|-0.228926862544955+1.00299411913803i|-0.926905943240697-0.446374376286575i|1.02878798176308+3.45327834861773e-15i,0.651908845230183+0.817467835690143i|-0.942035575420188+0.453660423136108i|-0.232663573105034-1.01936571780067i|0.651908845230179-0.817467835690146i|-0.232663573105033+1.01936571780067i|-0.94203557542019-0.453660423136106i|-0.362487563952934-1.58816178609914i|1.04558060659008-1.84561830090286e-15i|-0.362487563952934+1.58816178609914i|-1.46768218305024+0.706798487833036i|1.01566758419969-1.27360686683613i|1.62900432560697-3.91033734187837e-15i|1.0156675841997+1.27360686683613i|-1.46768218305025-0.706798487833032i|-11.5425140337017-3.12262788035117e-16i
88,Non CIP,base_arima,463.6978255892818,-5694.178393921644,11400.356787843288,11400.42334885755,11431.232694649574,NA,NA,NA,41.76744858128741,1.4973409174778851e-6,2.69312115593645+0i|-8.97043583380974+0i,0.94905699624341+0.706240939511219i|-0.89971905383686+0.768108762430919i|-0.548644347927271-1.04808149790353i|1.14388875925812-0.301668614879265i|0.477348955473144+1.08241554934736i|-1.16149726703332+0.224520701571995i|0.0395659578227783-1.18233666176002i|1.07950712444116-2.24128005625996e-15i|0.0395659578227781+1.18233666176002i|-1.16149726703332-0.224520701571995i|0.477348955473143-1.08241554934736i|1.14388875925812+0.301668614879266i|-0.548644347927271+1.04808149790353i|-0.89971905383686-0.768108762430919i|0.94905699624341-0.70624093951122i
88,<aggregated>,base_arima,453.9456843696739,-5680.968429747103,11373.936859494206,11374.003420508468,11404.812766300493,NA,NA,NA,20.310974331335242,0.009221428662657516,0.633691294200516+0.794215609729098i|0.633691294200516-0.794215609729098i,0.655242217180921+0.842762481977912i|0.655242217180921-0.842762481977912i|1.25388990047115+1.58642166146556e-16i
88,CIP,base_ets,13.366816889687321,-6180.096618811858,12380.193237623716,12380.367979482335,12431.660959418243,13.272091415665926,13.30505556145873,2.933068440304126,23.01444139334704,0.0033457546141822947,,
88,Non CIP,base_ets,0.014069224172252787,-8424.632501213466,16869.26500242693,16869.439744285548,16920.73272422146,460.54420527839983,495.6400577052312,0.09307358435975417,70.465443312523675,3.969935491454635e-12,,
88,<aggregated>,base_ets,0.01278118165666189,-8437.344342590291,16894.688685180583,16894.8634270392,16946.15640697511,469.0186668001833,506.6504432380443,0.08864101503103734,75.44262955793435,4.022338018216942e-13,,
88,CIP,mint_arima,13.373926989342346,-3446.456891314047,6904.913782628094,6904.980290941633,6935.79441570481,NA,NA,NA,19.862133658954036,0.010870420457961716,0.64143881490411+0.804338832927123i|-0.926905943240699+0.446374376286572i|-0.228926862544953-1.00299411913803i|0.641438814904116-0.804338832927121i|-0.228926862544955+1.00299411913803i|-0.926905943240697-0.446374376286575i|1.02878798176308+3.45327834861773e-15i,0.651908845230183+0.817467835690143i|-0.942035575420188+0.453660423136108i|-0.232663573105034-1.01936571780067i|0.651908845230179-0.817467835690146i|-0.232663573105033+1.01936571780067i|-0.94203557542019-0.453660423136106i|-0.362487563952934-1.58816178609914i|1.04558060659008-1.84561830090286e-15i|-0.362487563952934+1.58816178609914i|-1.46768218305024+0.706798487833036i|1.01566758419969-1.27360686683613i|1.62900432560697-3.91033734187837e-15i|1.0156675841997+1.27360686683613i|-1.46768218305025-0.706798487833032i|-11.5425140337017-3.12262788035117e-16i
88,Non CIP,mint_arima,463.6978255892818,-5694.178393921644,11400.356787843288,11400.42334885755,11431.232694649574,NA,NA,NA,41.76744858128741,1.4973409174778851e-6,2.69312115593645+0i|-8.97043583380974+0i,0.94905699624341+0.706240939511219i|-0.89971905383686+0.768108762430919i|-0.548644347927271-1.04808149790353i|1.14388875925812-0.301668614879265i|0.477348955473144+1.08241554934736i|-1.16149726703332+0.224520701571995i|0.0395659578227783-1.18233666176002i|1.07950712444116-2.24128005625996e-15i|0.0395659578227781+1.18233666176002i|-1.16149726703332-0.224520701571995i|0.477348955473143-1.08241554934736i|1.14388875925812+0.301668614879266i|-0.548644347927271+1.04808149790353i|-0.89971905383686-0.768108762430919i|0.94905699624341-0.70624093951122i
88,<aggregated>,mint_arima,453.9456843696739,-5680.968429747103,11373.936859494206,11374.003420508468,11404.812766300493,NA,NA,NA,20.310974331335242,0.009221428662657516,0.633691294200516+0.794215609729098i|0.633691294200516-0.794215609729098i,0.655242217180921+0.842762481977912i|0.655242217180921-0.842762481977912i|1.25388990047115+1.58642166146556e-16i
88,CIP,mint_ets,13.366816889687321,-6180.096618811858,12380.193237623716,12380.367979482335,12431.660959418243,13.272091415665926,13.30505556145873,2.933068440304126,23.01444139334704,0.0033457546141822947,,
88,Non CIP,mint_ets,0.014069224172252787,-8424.632501213466,16869.26500242693,16869.439744285548,16920.73272422146,460.54420527839983,495.6400577052312,0.09307358435975417,70.465443312523675,3.969935491454635e-12,,
88,<aggregated>,mint_ets,0.01278118165666189,-8437.344342590291,16894.688685180583,16894.8634270392,16946.15640697511,469.0186668001833,506.6504432380443,0.08864101503103734,75.44262955793435,4.022338018216942e-13,,
88,CIP,mint_weather,13.089198586167822,-3428.644333023042,6885.288666046084,6885.623327400665,6957.343476558421,NA,NA,NA,17.984754290234974,0.021341076489204358,,0.953983115587836+0.744803242540093i|-0.938410684095025+0.764330453993047i|-0.536351071869018-1.08496229548767i|0.953983115587835-0.744803242540093i|0.513848256376706+1.09579908028047i|-1.18266710342937+0.257126772995131i|0.01248812045232-1.21023125962457i|1.17710936697655-0.281476807394443i|0.0124881204523052+1.21023125962457i|-1.18266710342935-0.257126772995139i|0.513848256376703-1.09579908028047i|1.17710936697655+0.281476807394445i|-0.536351071869009+1.08496229548765i|-0.938410684095029-0.764330453993031i|-12.9272770397949-3.24502555457616e-16i
88,Non CIP,mint_weather,446.3564232744743,-5665.514185319396,11361.028370638793,11361.411451245336,11438.218137654509,NA,NA,NA,22.50616867409694,0.004059640514374241,0.643883920510322+0.807404898378709i|-0.930439223213142+0.448075914242442i|-0.22979951063237-1.00681744021982i|0.643883920510322-0.807404898378709i|-0.22979951063237+1.00681744021982i|-0.930439223213142-0.448075914242442i|1.03270962667038+1.11151152386533e-16i|2.50337611590568-8.58427234460765e-16i|-6.33228933654033+8.85068296648782e-16i,0.656777086316535+0.823572416926609i|-0.94907038761306+0.457048210136273i|-0.234401028232656-1.02697800609178i|1.05338865905836+6.38118502923625e-16i|-0.234401028232656+1.02697800609178i|-0.949070387613059-0.457048210136273i|0.656777086316535-0.823572416926609i|1.0834132048032-5.19333188649485e-16i
88,<aggregated>,mint_weather,453.6327405600482,-5675.802012504921,11381.604025009841,11381.987105616385,11458.793792025557,NA,NA,NA,25.701740407620825,0.0011810774017783077,0.640700444540019+0.803412945776047i|-0.925838967150561+0.445860547682687i|-0.228663341213035-1.0018395567453i|0.640700444540019-0.803412945776047i|-0.228663341213034+1.0018395567453i|-0.925838967150561-0.445860547682687i|1.02760372764715-7.98299708999218e-17i|2.53233286766415-8.00429194496369e-17i|-7.05471830708587+2.34869290484544e-16i,0.652812715789039+0.818601253521331i|-0.94334170622091+0.454289422578578i|-0.2329861607726-1.02077906671865i|0.652812715789039-0.81860125352133i|-0.232986160772599+1.02077906671865i|-0.94334170622091-0.454289422578578i|1.04703030240894+6.93787884741651e-15i|1.08466188436231-7.18705738018747e-15i
90,CIP,arima_weather,19.19961549099204,-3670.3894969725966,7374.778993945193,7375.267811836567,7462.274120995888,NA,NA,NA,8.368955366200094,0.39828392850508665,0.655674992864606+0.822190435449492i|-0.94747781643267+0.456281268277153i|-0.234007695633632-1.0252547033771i|0.883585428301933-0.631503243558394i|0.883585428301931+0.631503243558395i|-0.947477816432666-0.456281268277149i|0.655674992864601-0.822190435449485i|1.05162103840339-9.08997255898087e-15i|-0.234007695633627+1.0252547033771i,0.656058455642339+0.822671282563743i|-0.94803193620128+0.456548118293495i|-0.234144551914495-1.02585430992107i|0.871623605146824-0.663976913707727i|0.87162360514683+0.663976913707719i|-0.948031936201276-0.45654811829349i|0.65605845564233-0.822671282563727i|1.05223606494687-1.27046521431645e-14i|-0.23414455191449+1.02585430992107i
90,Non CIP,arima_weather,764.3790084044448,-6006.216067413112,12044.432134826224,12044.866639618556,12126.767886309653,NA,NA,NA,34.519874706097454,3.2695088397760586e-5,0.780881188131046+0.97919403834326i|-1.12840601071472+0.543411694470065i|-0.278693269358729-1.22103499389578i|0.780881188131046-0.97919403834326i|-0.278693269358729+1.22103499389578i|-1.31170627844296+2.62851641240911e-16i|-1.12840601071472-0.543411694470066i|1.25243618388481-1.60509376259211e-16i|2.494763963053+2.29029582644139e-16i|-7.68721399789558-2.7945806362617e-16i,1.09372106831133-8.07793566946316e-28i|-1.31906974984576+8.07793566946316e-28i
90,<aggregated>,arima_weather,772.85557162306,-6013.731152596931,12057.462305193862,12057.845385800405,12134.652072209577,NA,NA,NA,27.02172210655205,7.009063278228256e-4,0.722036041811293+0.905404558794331i|-1.04337231055923+0.502461622731893i|-0.257691679791697-1.12902101792934i|1.15869160852188-0.557996469689409i|-1.28605066146124-4.14144604637197e-15i|-0.801839472094751-1.00547489517922i|1.15805589707928+1.24415046557981e-14i|-0.257691679791714+1.12902101792934i|-1.04337231055923-0.502461622731908i|0.722036041811327-0.905404558794272i|1.15869160852182+0.557996469689411i|0.28617319430349+1.25380668633843i|-0.801839472094743+1.00547489517922i|0.286173194303501-1.25380668633849i|2.38803432730167+1.30705450802904e-14i|-6.67541600641036-3.6325086685913e-15i,1.08946844996838+0i
90,CIP,base_arima,20.44961869391963,-3715.8675656592172,7445.7351313184345,7445.823879337452,7481.762536574603,NA,NA,NA,24.557310818159053,0.0018469299615214707,0.631162698049733+0.791452989966546i|-0.91205652414656+0.439223272946799i|-0.225259358901648-0.986925735789488i|0.631162698049734-0.79145298996655i|-0.225259358901649+0.986925735789489i|-0.912056524146561-0.4392232729468i|1.01230636999695+4.0075061789518e-15i|2.77820200991923-3.82293254604798e-16i|-3.66515221909142-7.55307188258333e-18i,0.639082758810017+0.801384432031822i|-0.923501343541583+0.444734807484279i|-0.228085995860449-0.999310041480388i|0.639082758810008-0.801384432031823i|-0.228085995860444+0.999310041480391i|-0.923501343541585-0.444734807484274i|-0.336972792078807-1.47637426646774i|1.02500916118404-5.54238956389576e-15i|-0.336972792078808+1.47637426646774i|-1.36437498079513+0.657048361286942i|0.944176782065128-1.18396023645167i|1.5143419816176+3.57529388310841e-15i|0.944176782065132+1.18396023645166i|-1.36437498079512-0.65704836128694i
90,Non CIP,base_arima,825.0301458942762,-6059.366613086657,12132.733226173314,12132.82204457141,12168.755117447314,NA,NA,NA,51.54308701008008,2.0620015361849653e-8,,0.945437146801727+0.674587361118604i|-0.86805360446292+0.77162325399931i|-0.559116949223259-1.01799201540328i|0.945437146801727-0.674587361118604i|0.447294490656284+1.07184287326178i|-1.14450192243043+0.197572406693332i|0.0620567827317465-1.15977086618458i|1.07747359736347+1.04379838326412e-14i|0.0620567827317445+1.15977086618457i|-1.14450192243042-0.197572406693336i|0.44729449065629-1.07184287326178i|1.11688405592685+0.318574185944082i|-0.559116949223254+1.01799201540328i|-0.868053604462918-0.771623253999306i|1.11688405592686-0.318574185944087i|0.267944064251731+2.56247134515461i|-2.72323878265499-6.66221059168661e-16i|0.267944064251731-2.56247134515461i
90,<aggregated>,base_arima,824.3004946074703,-6058.891874174184,12131.783748348367,12131.872566746464,12167.805639622367,NA,NA,NA,38.04780446382611,7.376729255659242e-6,0.688534240186041+0.863394628316021i|-0.994960804560239+0.479147870184529i|0.271188096880845-1.18815268478295i|1.09801818773291-0.528777690201209i|0.271188096880845+1.18815268478295i|-1.21870824492443-2.38313479961359e-15i|-0.2457350252247-1.0766354914693i|1.1043231791978+9.60696910560008e-17i|-0.2457350252247+1.0766354914693i|-0.994960804560239-0.479147870184529i|0.688534240186041-0.863394628316021i|1.09801818773291+0.528777690201209i|-0.759852162151538+0.952824473825278i|-1.26796648557755+1.15180802246731e-14i|-0.759852162151501-0.952824473825298i|3.13810361918333+1.05993223192648e-14i,1.07547626787987+0i|-1.32097277343367+0i
90,CIP,base_ets,0.08734687664118963,-6426.276133916416,12878.552267832833,12878.84207675003,12945.460306165716,19.685800288415884,19.788631041342985,0.23459967666725162,21.029536636628368,0.007069380772503742,,
90,Non CIP,base_ets,0.012215495370187231,-8747.667453698454,17515.334907396908,17515.509649255524,17566.802629191436,758.6729333457711,818.1769482703714,0.08826413132630498,52.31155267060625,1.4653199875702683e-8,,
90,<aggregated>,base_ets,782.4541445251306,-8764.330741189331,17548.661482378662,17548.83622423728,17600.129204173187,776.9091938946378,840.4485316210591,22.148493777360258,63.28869203959379,1.0508816039589419e-10,,
90,CIP,mint_arima,20.44961869391963,-3715.8675656592172,7445.7351313184345,7445.823879337452,7481.762536574603,NA,NA,NA,24.557310818159053,0.0018469299615214707,0.631162698049733+0.791452989966546i|-0.91205652414656+0.439223272946799i|-0.225259358901648-0.986925735789488i|0.631162698049734-0.79145298996655i|-0.225259358901649+0.986925735789489i|-0.912056524146561-0.4392232729468i|1.01230636999695+4.0075061789518e-15i|2.77820200991923-3.82293254604798e-16i|-3.66515221909142-7.55307188258333e-18i,0.639082758810017+0.801384432031822i|-0.923501343541583+0.444734807484279i|-0.228085995860449-0.999310041480388i|0.639082758810008-0.801384432031823i|-0.228085995860444+0.999310041480391i|-0.923501343541585-0.444734807484274i|-0.336972792078807-1.47637426646774i|1.02500916118404-5.54238956389576e-15i|-0.336972792078808+1.47637426646774i|-1.36437498079513+0.657048361286942i|0.944176782065128-1.18396023645167i|1.5143419816176+3.57529388310841e-15i|0.944176782065132+1.18396023645166i|-1.36437498079512-0.65704836128694i
90,Non CIP,mint_arima,825.0301458942762,-6059.366613086657,12132.733226173314,12132.82204457141,12168.755117447314,NA,NA,NA,51.54308701008008,2.0620015361849653e-8,,0.945437146801727+0.674587361118604i|-0.86805360446292+0.77162325399931i|-0.559116949223259-1.01799201540328i|0.945437146801727-0.674587361118604i|0.447294490656284+1.07184287326178i|-1.14450192243043+0.197572406693332i|0.0620567827317465-1.15977086618458i|1.07747359736347+1.04379838326412e-14i|0.0620567827317445+1.15977086618457i|-1.14450192243042-0.197572406693336i|0.44729449065629-1.07184287326178i|1.11688405592685+0.318574185944082i|-0.559116949223254+1.01799201540328i|-0.868053604462918-0.771623253999306i|1.11688405592686-0.318574185944087i|0.267944064251731+2.56247134515461i|-2.72323878265499-6.66221059168661e-16i|0.267944064251731-2.56247134515461i
90,<aggregated>,mint_arima,824.3004946074703,-6058.891874174184,12131.783748348367,12131.872566746464,12167.805639622367,NA,NA,NA,38.04780446382611,7.376729255659242e-6,0.688534240186041+0.863394628316021i|-0.994960804560239+0.479147870184529i|0.271188096880845-1.18815268478295i|1.09801818773291-0.528777690201209i|0.271188096880845+1.18815268478295i|-1.21870824492443-2.38313479961359e-15i|-0.2457350252247-1.0766354914693i|1.1043231791978+9.60696910560008e-17i|-0.2457350252247+1.0766354914693i|-0.994960804560239-0.479147870184529i|0.688534240186041-0.863394628316021i|1.09801818773291+0.528777690201209i|-0.759852162151538+0.952824473825278i|-1.26796648557755+1.15180802246731e-14i|-0.759852162151501-0.952824473825298i|3.13810361918333+1.05993223192648e-14i,1.07547626787987+0i|-1.32097277343367+0i
90,CIP,mint_ets,0.08734687664118963,-6426.276133916416,12878.552267832833,12878.84207675003,12945.460306165716,19.685800288415884,19.788631041342985,0.23459967666725162,21.029536636628368,0.007069380772503742,,
90,Non CIP,mint_ets,0.012215495370187231,-8747.667453698454,17515.334907396908,17515.509649255524,17566.802629191436,758.6729333457711,818.1769482703714,0.08826413132630498,52.31155267060625,1.4653199875702683e-8,,
90,<aggregated>,mint_ets,782.4541445251306,-8764.330741189331,17548.661482378662,17548.83622423728,17600.129204173187,776.9091938946378,840.4485316210591,22.148493777360258,63.28869203959379,1.0508816039589419e-10,,
90,CIP,mint_weather,19.19961549099204,-3670.3894969725966,7374.778993945193,7375.267811836567,7462.274120995888,NA,NA,NA,8.368955366200094,0.39828392850508665,0.655674992864606+0.822190435449492i|-0.94747781643267+0.456281268277153i|-0.234007695633632-1.0252547033771i|0.883585428301933-0.631503243558394i|0.883585428301931+0.631503243558395i|-0.947477816432666-0.456281268277149i|0.655674992864601-0.822190435449485i|1.05162103840339-9.08997255898087e-15i|-0.234007695633627+1.0252547033771i,0.656058455642339+0.822671282563743i|-0.94803193620128+0.456548118293495i|-0.234144551914495-1.02585430992107i|0.871623605146824-0.663976913707727i|0.87162360514683+0.663976913707719i|-0.948031936201276-0.45654811829349i|0.65605845564233-0.822671282563727i|1.05223606494687-1.27046521431645e-14i|-0.23414455191449+1.02585430992107i
90,Non CIP,mint_weather,764.3790084044448,-6006.216067413112,12044.432134826224,12044.866639618556,12126.767886309653,NA,NA,NA,34.519874706097454,3.2695088397760586e-5,0.780881188131046+0.97919403834326i|-1.12840601071472+0.543411694470065i|-0.278693269358729-1.22103499389578i|0.780881188131046-0.97919403834326i|-0.278693269358729+1.22103499389578i|-1.31170627844296+2.62851641240911e-16i|-1.12840601071472-0.543411694470066i|1.25243618388481-1.60509376259211e-16i|2.494763963053+2.29029582644139e-16i|-7.68721399789558-2.7945806362617e-16i,1.09372106831133-8.07793566946316e-28i|-1.31906974984576+8.07793566946316e-28i
90,<aggregated>,mint_weather,772.85557162306,-6013.731152596931,12057.462305193862,12057.845385800405,12134.652072209577,NA,NA,NA,27.02172210655205,7.009063278228256e-4,0.722036041811293+0.905404558794331i|-1.04337231055923+0.502461622731893i|-0.257691679791697-1.12902101792934i|1.15869160852188-0.557996469689409i|-1.28605066146124-4.14144604637197e-15i|-0.801839472094751-1.00547489517922i|1.15805589707928+1.24415046557981e-14i|-0.257691679791714+1.12902101792934i|-1.04337231055923-0.502461622731908i|0.722036041811327-0.905404558794272i|1.15869160852182+0.557996469689411i|0.28617319430349+1.25380668633843i|-0.801839472094743+1.00547489517922i|0.286173194303501-1.25380668633849i|2.38803432730167+1.30705450802904e-14i|-6.67541600641036-3.6325086685913e-15i,1.08946844996838+0i
94,CIP,arima_weather,12.519187404733959,-3398.0308463620645,6828.061692724129,6828.4961975164615,6910.39744420756,NA,NA,NA,2.532333921198116,0.9602060965046053,1.21320579662153-1.29246970711411e-26i|-1.10939745641773+1.29246970711411e-26i,1.01866935329401-3.0168931301034e-20i|-1.09439818721065+6.75558750379193e-15i|1.33770584270697-7.74402946492145e-15i|17.9596030464112+9.88472130060825e-16i
94,Non CIP,arima_weather,270.93541481308205,-5348.162550540894,10728.325101081788,10728.75960587412,10810.660852565217,NA,NA,NA,7.677218511412156,0.4656182654001684,0.785195201655483+0.984603640199044i|-0.648813085243626+0.813585875452078i|-0.648813085243602-0.813585875452073i|0.937562072626577-0.451506097733567i|0.231558709157847+1.01452499256136i|-1.04061539308165-1.21807861113856e-14i|0.231558709157855-1.01452499256133i|1.25935532436084-4.83990579457644e-15i|-0.280232922959631+1.22778065707418i|-1.13463994087627+0.546413797011286i|-0.280232922959628-1.22778065707418i|0.93756207262661+0.451506097733542i|-1.13463994087627-0.546413797011294i|0.785195201655468-0.98460364019903i|2.45528665251625-5.83698622819505e-16i|-6.13119088192874+2.36980142232059e-16i,0.950392618956324+0.457684963191381i|-0.657692098796536+0.824719806284997i|-0.657692098796536-0.824719806284997i|0.950392618956324-0.45768496319138i|0.234727592405839+1.02840877721921i|-1.05485622513125+1.62782156528621e-15i|0.234727592405838-1.02840877721922i|1.08850264982374+1.93190291040751e-15i
94,<aggregated>,arima_weather,283.80524748944305,-5378.270005300963,10786.540010601926,10786.92309120847,10863.729777617642,NA,NA,NA,8.151809944501096,0.4187832314361676,0.633095524423532+0.793876677578878i|-0.914849539180105+0.440568318096903i|-0.22594917664781-0.989948024807849i|0.633095524423531-0.793876677578878i|-0.22594917664781+0.989948024807849i|-0.914849539180105-0.440568318096902i|1.01540638280877-1.80398109182183e-16i|2.55355438363352-1.82341121368612e-15i|-6.23828317663587+1.81927764696964e-15i,0.641427548812294+0.804324705694825i|-0.926889663266336+0.446366536264124i|-0.228922841723336-1.0029765027675i|0.641427548812294-0.804324705694825i|-0.228922841723336+1.0029765027675i|-0.926889663266336-0.446366536264124i|1.02876991235473+6.77085379035853e-15i|1.10818304218849-6.62079912246931e-15i
94,CIP,base_arima,12.91532287625566,-3422.597550428025,6857.19510085605,6857.261661870313,6888.071007662336,NA,NA,NA,3.7954517630570748,0.8750907901891121,1.23888710365176+5.42837276987924e-25i|-1.09790962251898-5.42837276987924e-25i,1.0400432427167+1.1652063155116e-16i|-1.08733828774889-1.24198892078317e-17i|1.29385356449163-1.04100742343328e-16i
94,Non CIP,base_arima,292.44853970152275,-5402.305112890779,10814.610225781558,10814.6577317198,10840.34014812013,NA,NA,NA,16.521399262931727,0.03549700542407719,3.61147259247466+0i,0.935909198326529+0.686694959174324i|-0.877737471763533+0.759639997057701i|-0.545279274356002-1.02476656240603i|1.07693179282121+3.85195256572325e-14i|0.461218693943692+1.06524800437481i|-1.14117082739545+0.212614997517178i|0.0466501026877621-1.15987058001609i|1.12040957855698-0.30357597195017i|0.0466501026877979+1.1598705800161i|-1.14117082739547-0.212614997517146i|0.461218693943672-1.06524800437484i|1.12040957855694+0.303575971950127i|-0.545279274355968+1.02476656240603i|-0.877737471763548-0.759639997057673i|0.93590919832651-0.686694959174356i
94,<aggregated>,base_arima,304.33981931083633,-5427.193344901301,10866.386689802603,10866.453250816865,10897.262596608889,NA,NA,NA,13.525796251458008,0.09499381143925023,0.689766119832418+0.864939356533351i|-0.996740922225483+0.480005129670601i|-0.741966293115293-0.930396303449197i|1.07217235813153-0.516330994663161i|0.264804704128148+1.16018521377528i|-1.19002153828877-4.77807959193606e-18i|-0.246174677980232-1.0785617360496i|1.1062989607466-2.86087495517508e-16i|-0.246174677980232+1.0785617360496i|-0.996740922225483-0.480005129670602i|0.264804704128114-1.16018521377528i|1.07217235813153+0.516330994663176i|-0.74196629311532+0.930396303449196i|0.689766119832481-0.864939356533357i,1.07646505341231+0i|-1.2066990316993+2.80595826706629i|-1.2066990316993-2.80595826706629i
94,CIP,base_ets,0.1364494719594116,-6145.769009226204,12311.538018452407,12311.712760311026,12363.005740246934,12.636899427316438,12.663892912729448,0.2900251133737433,4.441862796108405,0.8152209820360365,,
94,Non CIP,base_ets,278.4843786496761,-8108.329162236469,16236.658324472937,16236.833066331556,16288.126046267464,276.5108673049151,297.6304709307006,13.121034194770159,53.06555566476995,1.0474097700274854e-8,,
94,<aggregated>,base_ets,294.3662411554546,-8143.548004372731,16307.096008745462,16307.27075060408,16358.563730539989,292.2801811787623,314.61348852381076,13.457056185222342,50.929470069745,2.7074498643031575e-8,,
94,CIP,mint_arima,12.91532287625566,-3422.597550428025,6857.19510085605,6857.261661870313,6888.071007662336,NA,NA,NA,3.7954517630570748,0.8750907901891121,1.23888710365176+5.42837276987924e-25i|-1.09790962251898-5.42837276987924e-25i,1.0400432427167+1.1652063155116e-16i|-1.08733828774889-1.24198892078317e-17i|1.29385356449163-1.04100742343328e-16i
94,Non CIP,mint_arima,292.44853970152275,-5402.305112890779,10814.610225781558,10814.6577317198,10840.34014812013,NA,NA,NA,16.521399262931727,0.03549700542407719,3.61147259247466+0i,0.935909198326529+0.686694959174324i|-0.877737471763533+0.759639997057701i|-0.545279274356002-1.02476656240603i|1.07693179282121+3.85195256572325e-14i|0.461218693943692+1.06524800437481i|-1.14117082739545+0.212614997517178i|0.0466501026877621-1.15987058001609i|1.12040957855698-0.30357597195017i|0.0466501026877979+1.1598705800161i|-1.14117082739547-0.212614997517146i|0.461218693943672-1.06524800437484i|1.12040957855694+0.303575971950127i|-0.545279274355968+1.02476656240603i|-0.877737471763548-0.759639997057673i|0.93590919832651-0.686694959174356i
94,<aggregated>,mint_arima,304.33981931083633,-5427.193344901301,10866.386689802603,10866.453250816865,10897.262596608889,NA,NA,NA,13.525796251458008,0.09499381143925023,0.689766119832418+0.864939356533351i|-0.996740922225483+0.480005129670601i|-0.741966293115293-0.930396303449197i|1.07217235813153-0.516330994663161i|0.264804704128148+1.16018521377528i|-1.19002153828877-4.77807959193606e-18i|-0.246174677980232-1.0785617360496i|1.1062989607466-2.86087495517508e-16i|-0.246174677980232+1.0785617360496i|-0.996740922225483-0.480005129670602i|0.264804704128114-1.16018521377528i|1.07217235813153+0.516330994663176i|-0.74196629311532+0.930396303449196i|0.689766119832481-0.864939356533357i,1.07646505341231+0i|-1.2066990316993+2.80595826706629i|-1.2066990316993-2.80595826706629i
94,CIP,mint_ets,0.1364494719594116,-6145.769009226204,12311.538018452407,12311.712760311026,12363.005740246934,12.636899427316438,12.663892912729448,0.2900251133737433,4.441862796108405,0.8152209820360365,,
94,Non CIP,mint_ets,278.4843786496761,-8108.329162236469,16236.658324472937,16236.833066331556,16288.126046267464,276.5108673049151,297.6304709307006,13.121034194770159,53.06555566476995,1.0474097700274854e-8,,
94,<aggregated>,mint_ets,294.3662411554546,-8143.548004372731,16307.096008745462,16307.27075060408,16358.563730539989,292.2801811787623,314.61348852381076,13.457056185222342,50.929470069745,2.7074498643031575e-8,,
94,CIP,mint_weather,12.519187404733959,-3398.0308463620645,6828.061692724129,6828.4961975164615,6910.39744420756,NA,NA,NA,2.532333921198116,0.9602060965046053,1.21320579662153-1.29246970711411e-26i|-1.10939745641773+1.29246970711411e-26i,1.01866935329401-3.0168931301034e-20i|-1.09439818721065+6.75558750379193e-15i|1.33770584270697-7.74402946492145e-15i|17.9596030464112+9.88472130060825e-16i
94,Non CIP,mint_weather,270.93541481308205,-5348.162550540894,10728.325101081788,10728.75960587412,10810.660852565217,NA,NA,NA,7.677218511412156,0.4656182654001684,0.785195201655483+0.984603640199044i|-0.648813085243626+0.813585875452078i|-0.648813085243602-0.813585875452073i|0.937562072626577-0.451506097733567i|0.231558709157847+1.01452499256136i|-1.04061539308165-1.21807861113856e-14i|0.231558709157855-1.01452499256133i|1.25935532436084-4.83990579457644e-15i|-0.280232922959631+1.22778065707418i|-1.13463994087627+0.546413797011286i|-0.280232922959628-1.22778065707418i|0.93756207262661+0.451506097733542i|-1.13463994087627-0.546413797011294i|0.785195201655468-0.98460364019903i|2.45528665251625-5.83698622819505e-16i|-6.13119088192874+2.36980142232059e-16i,0.950392618956324+0.457684963191381i|-0.657692098796536+0.824719806284997i|-0.657692098796536-0.824719806284997i|0.950392618956324-0.45768496319138i|0.234727592405839+1.02840877721921i|-1.05485622513125+1.62782156528621e-15i|0.234727592405838-1.02840877721922i|1.08850264982374+1.93190291040751e-15i
94,<aggregated>,mint_weather,283.80524748944305,-5378.270005300963,10786.540010601926,10786.92309120847,10863.729777617642,NA,NA,NA,8.151809944501096,0.4187832314361676,0.633095524423532+0.793876677578878i|-0.914849539180105+0.440568318096903i|-0.22594917664781-0.989948024807849i|0.633095524423531-0.793876677578878i|-0.22594917664781+0.989948024807849i|-0.914849539180105-0.440568318096902i|1.01540638280877-1.80398109182183e-16i|2.55355438363352-1.82341121368612e-15i|-6.23828317663587+1.81927764696964e-15i,0.641427548812294+0.804324705694825i|-0.926889663266336+0.446366536264124i|-0.228922841723336-1.0029765027675i|0.641427548812294-0.804324705694825i|-0.228922841723336+1.0029765027675i|-0.926889663266336-0.446366536264124i|1.02876991235473+6.77085379035853e-15i|1.10818304218849-6.62079912246931e-15i
<aggregated>,CIP,arima_weather,843.8230606806706,-6071.175070189302,12166.350140378603,12166.598548021915,12228.101953991176,NA,NA,NA,14.55485719715478,0.06840125619054827,7.50108151902977+0i,1.08176268470151+0i
<aggregated>,Non CIP,arima_weather,66055.98729502129,-8835.497527959527,17702.995055919055,17703.429560711385,17785.330807402486,NA,NA,NA,29.266818439465005,2.846583283224735e-4,0.70634239236048+0.88572534482983i|-1.02069433004246+0.491540482909205i|-0.775614276271689-0.972589539769661i|1.12079510256334-0.539746474278287i|0.276813530279572+1.21279931888173i|-1.24398871314245-1.31085654246773e-16i|-0.252090681150553-1.10448143949842i|1.13288523766507-5.5045613982513e-16i|-0.252090681150553+1.10448143949842i|-1.02069433004246-0.491540482909205i|0.70634239236048-0.88572534482983i|1.12079510256334+0.539746474278287i|-0.775614276271689+0.972589539769662i|0.276813530279572-1.21279931888173i,1.10176998233219+3.40586569431739e-15i|-2.14202170445983-2.0658465221339e-15i|0.00799911108678338-2.02132783794766i|0.00799911108678381+2.02132783794766i
<aggregated>,<aggregated>,arima_weather,69842.12468426056,-8870.873692189516,17773.747384379032,17774.181889171363,17856.083135862464,NA,NA,NA,33.464250786875624,5.078549683568134e-5,0.703330224244578+0.881948205482116i|-1.01634162100179+0.489444328712164i|-0.768513875130508-0.963685918357125i|1.11053472563536-0.534805337170373i|0.274279426451903+1.20169668458106i|-1.23260055391352+1.64080380104076e-16i|-0.251015650796587-1.09977142377141i|1.1280540951076-4.00120592472907e-15i|-0.251015650796578+1.09977142377141i|-1.01634162100179-0.489444328712155i|0.274279426451891-1.20169668458106i|1.11053472563537+0.534805337170371i|-0.768513875130504+0.963685918357132i|0.703330224244576-0.881948205482129i,1.10399121933842+1.06208614223269e-16i|-2.25390745232332-6.2854261665256e-17i|-0.00886952799139921-2.06717708608999i|-0.00886952799139686+2.06717708608999i
<aggregated>,CIP,base_arima,1029.130090686502,-6200.239452646976,12414.478905293952,12414.56772369205,12450.500796567952,NA,NA,NA,37.737659258265865,8.416563195612348e-6,0.63026914591133+0.790332511025349i|-0.910765303895399+0.438601454046555i|-0.224940453835709-0.985528521403423i|0.630269145911325-0.790332511025354i|0.710371370439634+0.890777523542404i|-1.02651637205175+0.494344230570504i|-0.25352860677883-1.11078140330733i|1.01087322363956-3.20613863825195e-15i|-0.2249404538357+0.985528521403425i|-0.910765303895404-0.438601454046548i|0.710371370439636-0.890777523542401i|1.13934721678188+1.6514988870033e-15i|-0.253528606778834+1.11078140330733i|-1.02651637205174-0.494344230570508i,0.677312648733369+0.849323197708916i|-0.978745135086518+0.471338815339013i|-0.241730085604066-1.05908870450712i|0.677312648733369-0.849323197708914i|0.645812815379598+0.809823656040303i|-0.93322655705805+0.449418223476293i|-0.230487925240814-1.00983358169017i|1.0358033338385+7.47597146183597e-14i|-0.230487925240814+1.00983358169016i|-0.933226557058043-0.449418223476295i|0.645812815379601-0.809823656040305i|1.19336437556807+2.12367954845931e-13i|-0.241730085604049+1.05908870450714i|-0.97874513508653-0.471338815338999i|1.08632514391428-3.08179883138515e-13i
<aggregated>,Non CIP,base_arima,73979.99168091964,-8913.005956883937,17840.011913767874,17840.10073216597,17876.033805041876,NA,NA,NA,49.314144469027205,5.534336111612248e-8,0.656945545650095+0.823783658249402i|-0.949313818403094+0.45716544022619i|-0.234461150672712-1.02724141971277i|0.656945545650095-0.823783658249402i|-0.234461150672712+1.02724141971277i|-1.16299142747196+1.61719845109435e-15i|-0.725113294677898-0.909263311838011i|0.258789938624247+1.13383280427059i|-0.949313818403098-0.457165440226188i|0.258789938624246-1.13383280427059i|1.05365884685161-2.7808933265911e-13i|-0.725113294677899+0.90926331183801i|1.25196217135516+1.92061048690328e-13i|1.04781906978962-0.504603069113154i|1.04781906978958+0.504603069113229i|2.9421581507612-7.42303021026673e-16i,1.011247303076-4.34895514240564e-14i|1.6196570381759+4.34895514240564e-14i
<aggregated>,<aggregated>,base_arima,79157.72673422527,-8955.977023112906,17925.954046225812,17926.04286462391,17961.975937499814,NA,NA,NA,50.68628641696135,3.0156781960499757e-8,0.656509363162441+0.823236702709901i|-0.948683516446383+0.456861902801653i|-0.234305478945221-1.02655937731087i|0.65650936316244-0.8232367027099i|0.257986871900871+1.13031433906355i|-1.15938247837625-4.01299891299078e-17i|0.257986871900884-1.13031433906356i|1.05295926445771+1.16265937637766e-13i|-0.234305478945218+1.02655937731086i|-0.948683516446383-0.456861902801662i|-0.722863151721289-0.906441721816366i|1.24502581949395-5.61925497655886e-13i|-0.722863151721303+0.906441721816384i|1.04456751900872-0.503037204785047i|1.04456751900892+0.503037204785486i|3.06917390377657+1.53212520954013e-14i,1.01016114553822-4.40888526452273e-14i|1.61753802229449+4.40888526452273e-14i
<aggregated>,CIP,base_ets,1025.5245558972445,-8936.113610136681,17892.227220273362,17892.40196213198,17943.694942067887,1018.2570590444291,1067.072004266563,25.173129589485903,43.67452977029981,6.554519602630648e-7,,
<aggregated>,Non CIP,base_ets,71301.6590682202,-11628.090353266718,23282.180706533436,23282.470515450634,23349.08874486632,70627.94260458359,87520.7611621502,202.19664606594824,128.95627157331342,0,,
<aggregated>,<aggregated>,base_ets,76235.46752411679,-11670.57643256083,23367.15286512166,23367.44267403886,23434.060903454545,75515.13239790474,92826.74845167622,207.93098055385613,128.1495080512229,0,,
<aggregated>,CIP,mint_arima,1029.130090686502,-6200.239452646976,12414.478905293952,12414.56772369205,12450.500796567952,NA,NA,NA,37.737659258265865,8.416563195612348e-6,0.63026914591133+0.790332511025349i|-0.910765303895399+0.438601454046555i|-0.224940453835709-0.985528521403423i|0.630269145911325-0.790332511025354i|0.710371370439634+0.890777523542404i|-1.02651637205175+0.494344230570504i|-0.25352860677883-1.11078140330733i|1.01087322363956-3.20613863825195e-15i|-0.2249404538357+0.985528521403425i|-0.910765303895404-0.438601454046548i|0.710371370439636-0.890777523542401i|1.13934721678188+1.6514988870033e-15i|-0.253528606778834+1.11078140330733i|-1.02651637205174-0.494344230570508i,0.677312648733369+0.849323197708916i|-0.978745135086518+0.471338815339013i|-0.241730085604066-1.05908870450712i|0.677312648733369-0.849323197708914i|0.645812815379598+0.809823656040303i|-0.93322655705805+0.449418223476293i|-0.230487925240814-1.00983358169017i|1.0358033338385+7.47597146183597e-14i|-0.230487925240814+1.00983358169016i|-0.933226557058043-0.449418223476295i|0.645812815379601-0.809823656040305i|1.19336437556807+2.12367954845931e-13i|-0.241730085604049+1.05908870450714i|-0.97874513508653-0.471338815338999i|1.08632514391428-3.08179883138515e-13i
<aggregated>,Non CIP,mint_arima,73979.99168091964,-8913.005956883937,17840.011913767874,17840.10073216597,17876.033805041876,NA,NA,NA,49.314144469027205,5.534336111612248e-8,0.656945545650095+0.823783658249402i|-0.949313818403094+0.45716544022619i|-0.234461150672712-1.02724141971277i|0.656945545650095-0.823783658249402i|-0.234461150672712+1.02724141971277i|-1.16299142747196+1.61719845109435e-15i|-0.725113294677898-0.909263311838011i|0.258789938624247+1.13383280427059i|-0.949313818403098-0.457165440226188i|0.258789938624246-1.13383280427059i|1.05365884685161-2.7808933265911e-13i|-0.725113294677899+0.90926331183801i|1.25196217135516+1.92061048690328e-13i|1.04781906978962-0.504603069113154i|1.04781906978958+0.504603069113229i|2.9421581507612-7.42303021026673e-16i,1.011247303076-4.34895514240564e-14i|1.6196570381759+4.34895514240564e-14i
<aggregated>,<aggregated>,mint_arima,79157.72673422527,-8955.977023112906,17925.954046225812,17926.04286462391,17961.975937499814,NA,NA,NA,50.68628641696135,3.0156781960499757e-8,0.656509363162441+0.823236702709901i|-0.948683516446383+0.456861902801653i|-0.234305478945221-1.02655937731087i|0.65650936316244-0.8232367027099i|0.257986871900871+1.13031433906355i|-1.15938247837625-4.01299891299078e-17i|0.257986871900884-1.13031433906356i|1.05295926445771+1.16265937637766e-13i|-0.234305478945218+1.02655937731086i|-0.948683516446383-0.456861902801662i|-0.722863151721289-0.906441721816366i|1.24502581949395-5.61925497655886e-13i|-0.722863151721303+0.906441721816384i|1.04456751900872-0.503037204785047i|1.04456751900892+0.503037204785486i|3.06917390377657+1.53212520954013e-14i,1.01016114553822-4.40888526452273e-14i|1.61753802229449+4.40888526452273e-14i
<aggregated>,CIP,mint_ets,1025.5245558972445,-8936.113610136681,17892.227220273362,17892.40196213198,17943.694942067887,1018.2570590444291,1067.072004266563,25.173129589485903,43.67452977029981,6.554519602630648e-7,,
<aggregated>,Non CIP,mint_ets,71301.6590682202,-11628.090353266718,23282.180706533436,23282.470515450634,23349.08874486632,70627.94260458359,87520.7611621502,202.19664606594824,128.95627157331342,0,,
<aggregated>,<aggregated>,mint_ets,76235.46752411679,-11670.57643256083,23367.15286512166,23367.44267403886,23434.060903454545,75515.13239790474,92826.74845167622,207.93098055385613,128.1495080512229,0,,
<aggregated>,CIP,mint_weather,843.8230606806706,-6071.175070189302,12166.350140378603,12166.598548021915,12228.101953991176,NA,NA,NA,14.55485719715478,0.06840125619054827,7.50108151902977+0i,1.08176268470151+0i
<aggregated>,Non CIP,mint_weather,66055.98729502129,-8835.497527959527,17702.995055919055,17703.429560711385,17785.330807402486,NA,NA,NA,29.266818439465005,2.846583283224735e-4,0.70634239236048+0.88572534482983i|-1.02069433004246+0.491540482909205i|-0.775614276271689-0.972589539769661i|1.12079510256334-0.539746474278287i|0.276813530279572+1.21279931888173i|-1.24398871314245-1.31085654246773e-16i|-0.252090681150553-1.10448143949842i|1.13288523766507-5.5045613982513e-16i|-0.252090681150553+1.10448143949842i|-1.02069433004246-0.491540482909205i|0.70634239236048-0.88572534482983i|1.12079510256334+0.539746474278287i|-0.775614276271689+0.972589539769662i|0.276813530279572-1.21279931888173i,1.10176998233219+3.40586569431739e-15i|-2.14202170445983-2.0658465221339e-15i|0.00799911108678338-2.02132783794766i|0.00799911108678381+2.02132783794766i
<aggregated>,<aggregated>,mint_weather,69842.12468426056,-8870.873692189516,17773.747384379032,17774.181889171363,17856.083135862464,NA,NA,NA,33.464250786875624,5.078549683568134e-5,0.703330224244578+0.881948205482116i|-1.01634162100179+0.489444328712164i|-0.768513875130508-0.963685918357125i|1.11053472563536-0.534805337170373i|0.274279426451903+1.20169668458106i|-1.23260055391352+1.64080380104076e-16i|-0.251015650796587-1.09977142377141i|1.1280540951076-4.00120592472907e-15i|-0.251015650796578+1.09977142377141i|-1.01634162100179-0.489444328712155i|0.274279426451891-1.20169668458106i|1.11053472563537+0.534805337170371i|-0.768513875130504+0.963685918357132i|0.703330224244576-0.881948205482129i,1.10399121933842+1.06208614223269e-16i|-2.25390745232332-6.2854261665256e-17i|-0.00886952799139921-2.06717708608999i|-0.00886952799139686+2.06717708608999i
