nypd_pct_cd,call_type,.model,sigma2,log_lik,AIC,AICc,BIC,MSE,AMSE,MAE,lb_stat,lb_pvalue,ar_roots_str,ma_roots_str
1,CIP,arima_weather,27.932502327518517,-3908.940014783222,7841.880029566444,7842.128437209756,7903.631843179017,NA,NA,NA,14.734509937839402,0.06451803021818958,14.7374649328591+0i,1.05509838285002+0i
1,Non CIP,arima_weather,827.6560084995712,-6057.136954413556,12144.273908827112,12144.656989433655,12221.463675842828,NA,NA,NA,37.399951879969116,9.714187138021302e-6,,0.981992806955649+0.720852356999348i|-0.921293039942875+0.796967457338734i|-0.571978831564567-1.07553624287896i|0.981992806955635-0.720852356999344i|0.48426512685857+1.11777693678695i|-1.19751106357774+0.223394821142029i|0.0486774337221092-1.21719698527i|1.11378657924629+1.23053640452002e-14i|0.048677433722094+1.21719698527i|-1.19751106357773-0.223394821142038i|0.484265126858568-1.11777693678694i|1.17584756754884+0.318308798800163i|-0.571978831564572+1.07553624287895i|-0.921293039942871-0.796967457338735i|1.17584756754884-0.318308798800183i|-1.51890616724071+2.92321555759271i|-1.51890616724071-2.92321555759271i
1,<aggregated>,arima_weather,869.5148788936131,-6088.978454734934,12205.956909469867,12206.291837699533,12278.00069201787,NA,NA,NA,36.799916070417986,1.2526131798473727e-5,0.725424686877432+0.909653785305685i|-1.0482690445553+0.50481976553945i|-0.782809436131593-0.981611984857123i|1.13119240980723-0.544753553550886i|0.279381453102396+1.22405012388145i|-1.25552885355606-9.84302841988536e-17i|-0.258901073213555-1.13431971672058i|1.16349086178284-1.5960493594347e-15i|-0.258901073213554+1.13431971672058i|-1.0482690445553-0.50481976553945i|0.72542468687743-0.909653785305681i|1.13119240980723+0.544753553550884i|-0.782809436131592+0.981611984857123i|0.279381453102398-1.22405012388145i|3.6045012038274+5.32542658395324e-16i,1.10753375429216+0i
1,CIP,base_arima,28.52771087650831,-3926.789336570481,7859.578673140962,7859.597645472977,7875.016626544105,NA,NA,NA,18.40107057695481,0.018412599687072095,13.785731360603+0i,1.06120543054285+0i
1,Non CIP,base_arima,935.3213162430103,-6139.557100544518,12291.114201089036,12291.180762103299,12321.990107895323,NA,NA,NA,90.25534254121487,4.440892098500626e-16,,0.923191073269055+0.669384963864323i|-0.858031425110112+0.751092578271694i|-0.541331165110316-1.00365260787367i|0.923191073269055-0.669384963864323i|0.447172745422186+1.0489969129425i|-1.12220166717136+0.202537418293811i|0.052253980710423-1.13913454390218i|1.07124640065271+6.76115955188884e-16i|0.0522539807104232+1.13913454390218i|-1.12220166717136-0.202537418293811i|0.447172745422187-1.0489969129425i|1.09894645799013+0.304425146928213i|-0.541331165110315+1.00365260787367i|-0.858031425110112-0.751092578271694i|1.09894645799013-0.304425146928213i|-1.49862062469766+2.485405420493i|-1.49862062469766-2.485405420493i
1,<aggregated>,base_arima,988.8649405676583,-6174.905308254925,12361.81061650985,12361.877177524113,12392.686523316137,NA,NA,NA,92.6136002624483,1.1102230246251565e-16,,0.917992731622528+0.667261628689238i|-0.854804586542795+0.7464970564297i|-0.53756890172724-0.999484073073991i|0.917992731622528-0.667261628689238i|0.446259386531289+1.04345641804798i|-1.11659684257796+0.202879835315743i|0.0506729579949489-1.13374643891871i|1.07065615090328+5.41136162687416e-16i|0.0506729579949487+1.13374643891871i|-1.11659684257796-0.202879835315744i|0.446259386531289-1.04345641804798i|1.09404525469923+0.301684797599929i|-0.53756890172724+0.999484073073991i|-0.854804586542795-0.7464970564297i|1.09404525469923-0.301684797599929i|-1.40549139816765+2.49707450098929i|-1.40549139816765-2.49707450098929i
1,CIP,base_ets,0.055264144973611595,-6644.900646636483,13309.801293272965,13309.976035131584,13361.269015067492,27.936391667929932,28.245292780132978,0.18488865372686225,16.56709527662798,0.034946180104809765,,
1,Non CIP,base_ets,0.009300516679216232,-8805.532623689664,17631.065247379327,17631.239989237944,17682.53296917385,833.0636780140057,906.9878923620583,0.07473639462496595,81.79568737380679,2.120525977034049e-14,,
1,<aggregated>,base_ets,0.008483471920340158,-8839.717499412785,17699.43499882557,17699.609740684187,17750.9027206201,876.6209055255356,951.2631514583215,0.07112945384364651,78.4743815478311,9.914291609902648e-14,,
1,CIP,mint_arima,28.52771087650831,-3926.789336570481,7859.578673140962,7859.597645472977,7875.016626544105,NA,NA,NA,18.40107057695481,0.018412599687072095,13.785731360603+0i,1.06120543054285+0i
1,Non CIP,mint_arima,935.3213162430103,-6139.557100544518,12291.114201089036,12291.180762103299,12321.990107895323,NA,NA,NA,90.25534254121487,4.440892098500626e-16,,0.923191073269055+0.669384963864323i|-0.858031425110112+0.751092578271694i|-0.541331165110316-1.00365260787367i|0.923191073269055-0.669384963864323i|0.447172745422186+1.0489969129425i|-1.12220166717136+0.202537418293811i|0.052253980710423-1.13913454390218i|1.07124640065271+6.76115955188884e-16i|0.0522539807104232+1.13913454390218i|-1.12220166717136-0.202537418293811i|0.447172745422187-1.0489969129425i|1.09894645799013+0.304425146928213i|-0.541331165110315+1.00365260787367i|-0.858031425110112-0.751092578271694i|1.09894645799013-0.304425146928213i|-1.49862062469766+2.485405420493i|-1.49862062469766-2.485405420493i
1,<aggregated>,mint_arima,988.8649405676583,-6174.905308254925,12361.81061650985,12361.877177524113,12392.686523316137,NA,NA,NA,92.6136002624483,1.1102230246251565e-16,,0.917992731622528+0.667261628689238i|-0.854804586542795+0.7464970564297i|-0.53756890172724-0.999484073073991i|0.917992731622528-0.667261628689238i|0.446259386531289+1.04345641804798i|-1.11659684257796+0.202879835315743i|0.0506729579949489-1.13374643891871i|1.07065615090328+5.41136162687416e-16i|0.0506729579949487+1.13374643891871i|-1.11659684257796-0.202879835315744i|0.446259386531289-1.04345641804798i|1.09404525469923+0.301684797599929i|-0.53756890172724+0.999484073073991i|-0.854804586542795-0.7464970564297i|1.09404525469923-0.301684797599929i|-1.40549139816765+2.49707450098929i|-1.40549139816765-2.49707450098929i
1,CIP,mint_ets,0.055264144973611595,-6644.900646636483,13309.801293272965,13309.976035131584,13361.269015067492,27.936391667929932,28.245292780132978,0.18488865372686225,16.56709527662798,0.034946180104809765,,
1,Non CIP,mint_ets,0.009300516679216232,-8805.532623689664,17631.065247379327,17631.239989237944,17682.53296917385,833.0636780140057,906.9878923620583,0.07473639462496595,81.79568737380679,2.120525977034049e-14,,
1,<aggregated>,mint_ets,0.008483471920340158,-8839.717499412785,17699.43499882557,17699.609740684187,17750.9027206201,876.6209055255356,951.2631514583215,0.07112945384364651,78.4743815478311,9.914291609902648e-14,,
1,CIP,mint_weather,27.932502327518517,-3908.940014783222,7841.880029566444,7842.128437209756,7903.631843179017,NA,NA,NA,14.734509937839402,0.06451803021818958,14.7374649328591+0i,1.05509838285002+0i
1,Non CIP,mint_weather,827.6560084995712,-6057.136954413556,12144.273908827112,12144.656989433655,12221.463675842828,NA,NA,NA,37.399951879969116,9.714187138021302e-6,,0.981992806955649+0.720852356999348i|-0.921293039942875+0.796967457338734i|-0.571978831564567-1.07553624287896i|0.981992806955635-0.720852356999344i|0.48426512685857+1.11777693678695i|-1.19751106357774+0.223394821142029i|0.0486774337221092-1.21719698527i|1.11378657924629+1.23053640452002e-14i|0.048677433722094+1.21719698527i|-1.19751106357773-0.223394821142038i|0.484265126858568-1.11777693678694i|1.17584756754884+0.318308798800163i|-0.571978831564572+1.07553624287895i|-0.921293039942871-0.796967457338735i|1.17584756754884-0.318308798800183i|-1.51890616724071+2.92321555759271i|-1.51890616724071-2.92321555759271i
1,<aggregated>,mint_weather,869.5148788936131,-6088.978454734934,12205.956909469867,12206.291837699533,12278.00069201787,NA,NA,NA,36.799916070417986,1.2526131798473727e-5,0.725424686877432+0.909653785305685i|-1.0482690445553+0.50481976553945i|-0.782809436131593-0.981611984857123i|1.13119240980723-0.544753553550886i|0.279381453102396+1.22405012388145i|-1.25552885355606-9.84302841988536e-17i|-0.258901073213555-1.13431971672058i|1.16349086178284-1.5960493594347e-15i|-0.258901073213554+1.13431971672058i|-1.0482690445553-0.50481976553945i|0.72542468687743-0.909653785305681i|1.13119240980723+0.544753553550884i|-0.782809436131592+0.981611984857123i|0.279381453102398-1.22405012388145i|3.6045012038274+5.32542658395324e-16i,1.10753375429216+0i
5,CIP,arima_weather,14.727074913388247,-3501.915151553938,7031.830303107876,7032.165231337541,7103.874085655877,NA,NA,NA,9.800324544352582,0.2793212185982933,1.02652564235355+0.494348694912565i|-0.710377785687525+0.890785568008819i|-0.710377785687543-0.89078556800881i|1.02652564235355-0.494348694912575i|0.253530896354297+1.11079143459288i|-1.13935750604062+1.11748269941541e-14i|0.253530896354285-1.11079143459289i,1.01217633883804+0.487438434541929i|-0.700447759551864+0.878333709082739i|-0.700447759551863-0.878333709082739i|1.01217633883804-0.487438434541929i|0.249986911058432+1.09526422048368i|-1.12343098068916+5.58570117242807e-15i|0.249986911058394-1.09526422048365i|1.04266823558968-3.95939709837325e-14i|-24.019060460847+3.46002788189312e-16i
5,Non CIP,arima_weather,391.704477999111,-5582.486074068516,11196.972148137032,11197.406652929365,11279.307899620462,NA,NA,NA,9.485904084147132,0.3029761635398105,0.630016610355403+0.790804758725749i|0.630016610355403-0.790804758725749i|12.2296690834966+0i,0.650632527177264+0.824213434664558i|0.650632527177266-0.824213434664562i|1.17234873205151+3.15738539784593e-15i
5,<aggregated>,arima_weather,408.24574016697244,-5609.155479290106,11248.310958580212,11248.694039186756,11325.500725595928,NA,NA,NA,10.686262315635032,0.22011738828980698,0.633994192951879+0.795954663686341i|0.633994192951879-0.795954663686341i,0.661288492424207+0.84503796395467i|0.661288492424207-0.84503796395467i|1.2157692663153+0i
5,CIP,base_arima,15.140177025410368,-3522.885839965376,7059.771679930752,7059.860498328849,7095.793571204753,NA,NA,NA,8.192751019863808,0.4148718621776303,-1.04998865221064+0.513919320115021i|-1.04998865221064-0.513919320115021i,1.05350307319613-6.06364417159752e-18i|-1.01564516646755+0.506290467889481i|-1.01564516646755-0.506290467889481i|1.30688601946087-0.629363136646756i|0.322774191190343+1.41416613137691i|-1.45053404842221+3.3834731078073e-18i|-0.904393186440116-1.13407318544829i|1.30688601946087+0.629363136646761i|-0.904393186440113+1.13407318544829i|0.322774191190352-1.41416613137691i
5,Non CIP,base_arima,437.66038525145404,-5657.768725651944,11327.537451303888,11327.60401231815,11358.413358110174,NA,NA,NA,69.18937769843241,7.1247452382294796e-12,,0.9134452742283+0.67503812335489i|-0.861374203784782+0.740333180430703i|-0.530097689604168-1.00451738485147i|0.913445274228301-0.675038123354889i|0.454852812706262+1.0407534077608i|-1.11587381962041+0.211859282728596i|0.0417577563324051-1.13503965868096i|1.06650059969271-1.21967979645961e-14i|0.0417577563324072+1.13503965868097i|-1.11587381962041-0.211859282728593i|0.454852812706257-1.0407534077608i|1.09728986974239+0.29328088712571i|-0.530097689604173+1.00451738485147i|-0.861374203784784-0.740333180430707i|1.09728986974238-0.293280887125704i|-1.7936404982374+3.37984782309552i|-1.7936404982374-3.37984782309552i
5,<aggregated>,base_arima,457.589438766694,-5685.991274102205,11383.98254820441,11384.049109218673,11414.858455010697,NA,NA,NA,89.31538318687197,6.661338147750939e-16,0.743652246383518+0.932510421978704i|-1.07460863119146+0.517504241933308i|-0.265406413883037-1.16282147646141i|0.743652246383518-0.932510421978704i|-0.265406413883037+1.16282147646141i|-1.0915775098097+2.79924548313374e-16i|-1.07460863119146-0.517504241933308i|1.19272559738193+1.59680821625215e-14i|3.7427163662435-1.61627730017804e-14i,1.06074037852098+0i|-1.12759421041292+0i
5,CIP,base_ets,14.931171572478675,-6250.375748821786,12520.751497643572,12520.92623950219,12572.219219438099,14.825360120390238,14.9042831903736,3.0374515428662905,12.50333421414672,0.13011945958306514,,
5,Non CIP,base_ets,0.010727513157663113,-8357.6861010258,16735.3722020516,16735.546943910216,16786.839923846128,412.56347319727274,432.4268334417669,0.08120623761167724,73.42146825495878,1.020739048840369e-12,,
5,<aggregated>,base_ets,0.009908141182214203,-8384.762596260876,16789.525192521753,16789.69993438037,16840.99291431628,429.8961015901411,451.0170588264482,0.07766289033479745,71.40096143218,2.5841551121175144e-12,,
5,CIP,mint_arima,15.140177025410368,-3522.885839965376,7059.771679930752,7059.860498328849,7095.793571204753,NA,NA,NA,8.192751019863808,0.4148718621776303,-1.04998865221064+0.513919320115021i|-1.04998865221064-0.513919320115021i,1.05350307319613-6.06364417159752e-18i|-1.01564516646755+0.506290467889481i|-1.01564516646755-0.506290467889481i|1.30688601946087-0.629363136646756i|0.322774191190343+1.41416613137691i|-1.45053404842221+3.3834731078073e-18i|-0.904393186440116-1.13407318544829i|1.30688601946087+0.629363136646761i|-0.904393186440113+1.13407318544829i|0.322774191190352-1.41416613137691i
5,Non CIP,mint_arima,437.66038525145404,-5657.768725651944,11327.537451303888,11327.60401231815,11358.413358110174,NA,NA,NA,69.18937769843241,7.1247452382294796e-12,,0.9134452742283+0.67503812335489i|-0.861374203784782+0.740333180430703i|-0.530097689604168-1.00451738485147i|0.913445274228301-0.675038123354889i|0.454852812706262+1.0407534077608i|-1.11587381962041+0.211859282728596i|0.0417577563324051-1.13503965868096i|1.06650059969271-1.21967979645961e-14i|0.0417577563324072+1.13503965868097i|-1.11587381962041-0.211859282728593i|0.454852812706257-1.0407534077608i|1.09728986974239+0.29328088712571i|-0.530097689604173+1.00451738485147i|-0.861374203784784-0.740333180430707i|1.09728986974238-0.293280887125704i|-1.7936404982374+3.37984782309552i|-1.7936404982374-3.37984782309552i
5,<aggregated>,mint_arima,457.589438766694,-5685.991274102205,11383.98254820441,11384.049109218673,11414.858455010697,NA,NA,NA,89.31538318687197,6.661338147750939e-16,0.743652246383518+0.932510421978704i|-1.07460863119146+0.517504241933308i|-0.265406413883037-1.16282147646141i|0.743652246383518-0.932510421978704i|-0.265406413883037+1.16282147646141i|-1.0915775098097+2.79924548313374e-16i|-1.07460863119146-0.517504241933308i|1.19272559738193+1.59680821625215e-14i|3.7427163662435-1.61627730017804e-14i,1.06074037852098+0i|-1.12759421041292+0i
5,CIP,mint_ets,14.931171572478675,-6250.375748821786,12520.751497643572,12520.92623950219,12572.219219438099,14.825360120390238,14.9042831903736,3.0374515428662905,12.50333421414672,0.13011945958306514,,
5,Non CIP,mint_ets,0.010727513157663113,-8357.6861010258,16735.3722020516,16735.546943910216,16786.839923846128,412.56347319727274,432.4268334417669,0.08120623761167724,73.42146825495878,1.020739048840369e-12,,
5,<aggregated>,mint_ets,0.009908141182214203,-8384.762596260876,16789.525192521753,16789.69993438037,16840.99291431628,429.8961015901411,451.0170588264482,0.07766289033479745,71.40096143218,2.5841551121175144e-12,,
5,CIP,mint_weather,14.727074913388247,-3501.915151553938,7031.830303107876,7032.165231337541,7103.874085655877,NA,NA,NA,9.800324544352582,0.2793212185982933,1.02652564235355+0.494348694912565i|-0.710377785687525+0.890785568008819i|-0.710377785687543-0.89078556800881i|1.02652564235355-0.494348694912575i|0.253530896354297+1.11079143459288i|-1.13935750604062+1.11748269941541e-14i|0.253530896354285-1.11079143459289i,1.01217633883804+0.487438434541929i|-0.700447759551864+0.878333709082739i|-0.700447759551863-0.878333709082739i|1.01217633883804-0.487438434541929i|0.249986911058432+1.09526422048368i|-1.12343098068916+5.58570117242807e-15i|0.249986911058394-1.09526422048365i|1.04266823558968-3.95939709837325e-14i|-24.019060460847+3.46002788189312e-16i
5,Non CIP,mint_weather,391.704477999111,-5582.486074068516,11196.972148137032,11197.406652929365,11279.307899620462,NA,NA,NA,9.485904084147132,0.3029761635398105,0.630016610355403+0.790804758725749i|0.630016610355403-0.790804758725749i|12.2296690834966+0i,0.650632527177264+0.824213434664558i|0.650632527177266-0.824213434664562i|1.17234873205151+3.15738539784593e-15i
5,<aggregated>,mint_weather,408.24574016697244,-5609.155479290106,11248.310958580212,11248.694039186756,11325.500725595928,NA,NA,NA,10.686262315635032,0.22011738828980698,0.633994192951879+0.795954663686341i|0.633994192951879-0.795954663686341i,0.661288492424207+0.84503796395467i|0.661288492424207-0.84503796395467i|1.2157692663153+0i
6,CIP,arima_weather,22.113957411586885,-3761.680402512087,7551.360805024174,7551.695466378756,7623.415615536511,NA,NA,NA,5.752488774603341,0.674934248628821,1.04001960556182+0i,1.08444839517187+0i|-14.5375853676638+0i
6,Non CIP,arima_weather,464.6700302543207,-5690.930612680575,11413.86122536115,11414.295730153483,11496.19697684458,NA,NA,NA,14.907694246181668,0.06096533440006191,0.630755285980151+0.790942111390206i|-0.911467796648522+0.43893975672635i|-0.225113955217485-0.986288680624816i|0.630755285980151-0.790942111390206i|-0.225113955217485+0.986288680624816i|-0.911467796648522-0.43893975672635i|1.01165293177171+2.14238886980356e-16i|4.43561560355742-1.47482172134078e-16i,0.640790326969473+0.803525654777635i|-0.925968851024311+0.445923096459678i|-0.228695419880703-1.00198010257143i|0.640790326969471-0.803525654777637i|-0.228695419880704+1.00198010257143i|-0.925968851024312-0.445923096459678i|1.0277478878711+2.71673404828673e-14i|1.1207905373494-2.42150740178018e-14i|1.35881264816281+7.3492916417798i|1.35881264816281-7.3492916417798i
6,<aggregated>,arima_weather,499.3278786430064,-5736.981225055188,11503.962450110375,11504.345530716919,11581.152217126091,NA,NA,NA,15.35323274426546,0.05263020893995929,0.631797758545488+0.792249330640239i|-0.912974213151583+0.439665208679577i|-0.225486009368444-0.987918756367194i|0.631797758545492-0.792249330640229i|-0.225486009368442+0.987918756367189i|-0.912974213151578-0.439665208679578i|1.01332492794907-5.11994458293437e-15i|4.03409642606654+5.12846262310483e-16i|-15.4390540681743+4.358803456373e-17i,0.641688538586+0.804651976519587i|-0.927266804416438+0.446548157869721i|-0.229015987895134-1.00338460281087i|0.641688538585999-0.804651976519587i|-0.229015987895134+1.00338460281087i|-0.927266804416438-0.446548157869721i|1.02918850745114+3.10424536155269e-15i|1.11669025800562-2.64933198458683e-15i
6,CIP,base_arima,24.023391205588243,-3818.6083702438136,7649.216740487627,7649.283248801166,7680.097373564343,NA,NA,NA,12.626792701585702,0.1253519837790692,1.01214251157687+0i,1.0728655791903+9.91320817005981e-15i|-0.952434609972728+1.19431522512305i|-0.952434609972727-1.19431522512305i|1.37630788785963-0.662794946457797i|0.339919976736792+1.48928672613767i|-1.52758650924739-2.22644926798156e-15i|0.339919976736796-1.48928672613768i|1.37630788785963+0.662794946457793i|-12.1469474265308+2.19408487679329e-16i
6,Non CIP,base_arima,504.9764663772305,-5749.075579758781,11508.151159517562,11508.198665455804,11533.881081856134,NA,NA,NA,32.82646122986473,6.618352289022855e-5,0.686501462696896+0.86084560596934i|-0.992023355980275+0.477733269504366i|-0.24500953533848-1.07345691259357i|1.09331503223751-0.52651276988632i|-1.21348813614714-8.7248686889027e-19i|-0.756597477564307-0.948743228441289i|1.10106285724372-2.59252347137319e-17i|-0.24500953533848+1.07345691259357i|-0.992023355980275-0.477733269504366i|0.686501462696896-0.86084560596934i|1.09331503223751+0.52651276988632i|0.270026513400366+1.18306345503134i|-0.756597477564302+0.948743228441291i|0.27002651340037-1.18306345503135i|4.27905630320423+6.77162709604229e-16i,1.07474171012678+0i
6,<aggregated>,base_arima,545.5050131549297,-5798.050836391278,11606.101672782555,11606.149178720798,11631.831595121128,NA,NA,NA,29.611039875828208,2.475831901453951e-4,0.687765551175998+0.86243072278543i|-0.993850016757323+0.478612942971764i|-0.245460683293322-1.07543352093274i|1.09423377116579-0.52695521123549i|0.270253423176797+1.18405761171878i|-1.21450785942618+2.30529849220113e-17i|-0.7572332646295-0.94954048020424i|1.10309029774929-2.28907689380159e-16i|-0.245460683293321+1.07543352093274i|-0.993850016757323-0.478612942971764i|0.687765551175997-0.862430722785429i|1.09423377116579+0.52695521123549i|-0.757233264629501+0.94954048020424i|0.270253423176798-1.18405761171878i|4.29181298624377+0i,1.073407777019+0i
6,CIP,base_ets,0.09281082173197619,-6513.241063112058,13052.482126224117,13052.771935141314,13119.390164557,22.874295512673157,23.125855940568265,0.2352493782269337,12.631296963835007,0.12518094218819542,,
6,Non CIP,base_ets,0.013761221309601716,-8439.230343392075,16898.46068678415,16898.635428642767,16949.92840857868,479.48029688219265,502.57918586056786,0.09256849027096321,37.5467551815295,9.12742121872423e-6,,
6,<aggregated>,base_ets,0.012697735146414757,-8493.145987323476,17006.291974646952,17006.46671650557,17057.759696441477,521.9055523882513,546.448631214035,0.08802339833327398,43.521095598340736,7.006353447414071e-7,,
6,CIP,mint_arima,24.023391205588243,-3818.6083702438136,7649.216740487627,7649.283248801166,7680.097373564343,NA,NA,NA,12.626792701585702,0.1253519837790692,1.01214251157687+0i,1.0728655791903+9.91320817005981e-15i|-0.952434609972728+1.19431522512305i|-0.952434609972727-1.19431522512305i|1.37630788785963-0.662794946457797i|0.339919976736792+1.48928672613767i|-1.52758650924739-2.22644926798156e-15i|0.339919976736796-1.48928672613768i|1.37630788785963+0.662794946457793i|-12.1469474265308+2.19408487679329e-16i
6,Non CIP,mint_arima,504.9764663772305,-5749.075579758781,11508.151159517562,11508.198665455804,11533.881081856134,NA,NA,NA,32.82646122986473,6.618352289022855e-5,0.686501462696896+0.86084560596934i|-0.992023355980275+0.477733269504366i|-0.24500953533848-1.07345691259357i|1.09331503223751-0.52651276988632i|-1.21348813614714-8.7248686889027e-19i|-0.756597477564307-0.948743228441289i|1.10106285724372-2.59252347137319e-17i|-0.24500953533848+1.07345691259357i|-0.992023355980275-0.477733269504366i|0.686501462696896-0.86084560596934i|1.09331503223751+0.52651276988632i|0.270026513400366+1.18306345503134i|-0.756597477564302+0.948743228441291i|0.27002651340037-1.18306345503135i|4.27905630320423+6.77162709604229e-16i,1.07474171012678+0i
6,<aggregated>,mint_arima,545.5050131549297,-5798.050836391278,11606.101672782555,11606.149178720798,11631.831595121128,NA,NA,NA,29.611039875828208,2.475831901453951e-4,0.687765551175998+0.86243072278543i|-0.993850016757323+0.478612942971764i|-0.245460683293322-1.07543352093274i|1.09423377116579-0.52695521123549i|0.270253423176797+1.18405761171878i|-1.21450785942618+2.30529849220113e-17i|-0.7572332646295-0.94954048020424i|1.10309029774929-2.28907689380159e-16i|-0.245460683293321+1.07543352093274i|-0.993850016757323-0.478612942971764i|0.687765551175997-0.862430722785429i|1.09423377116579+0.52695521123549i|-0.757233264629501+0.94954048020424i|0.270253423176798-1.18405761171878i|4.29181298624377+0i,1.073407777019+0i
6,CIP,mint_ets,0.09281082173197619,-6513.241063112058,13052.482126224117,13052.771935141314,13119.390164557,22.874295512673157,23.125855940568265,0.2352493782269337,12.631296963835007,0.12518094218819542,,
6,Non CIP,mint_ets,0.013761221309601716,-8439.230343392075,16898.46068678415,16898.635428642767,16949.92840857868,479.48029688219265,502.57918586056786,0.09256849027096321,37.5467551815295,9.12742121872423e-6,,
6,<aggregated>,mint_ets,0.012697735146414757,-8493.145987323476,17006.291974646952,17006.46671650557,17057.759696441477,521.9055523882513,546.448631214035,0.08802339833327398,43.521095598340736,7.006353447414071e-7,,
6,CIP,mint_weather,22.113957411586885,-3761.680402512087,7551.360805024174,7551.695466378756,7623.415615536511,NA,NA,NA,5.752488774603341,0.674934248628821,1.04001960556182+0i,1.08444839517187+0i|-14.5375853676638+0i
6,Non CIP,mint_weather,464.6700302543207,-5690.930612680575,11413.86122536115,11414.295730153483,11496.19697684458,NA,NA,NA,14.907694246181668,0.06096533440006191,0.630755285980151+0.790942111390206i|-0.911467796648522+0.43893975672635i|-0.225113955217485-0.986288680624816i|0.630755285980151-0.790942111390206i|-0.225113955217485+0.986288680624816i|-0.911467796648522-0.43893975672635i|1.01165293177171+2.14238886980356e-16i|4.43561560355742-1.47482172134078e-16i,0.640790326969473+0.803525654777635i|-0.925968851024311+0.445923096459678i|-0.228695419880703-1.00198010257143i|0.640790326969471-0.803525654777637i|-0.228695419880704+1.00198010257143i|-0.925968851024312-0.445923096459678i|1.0277478878711+2.71673404828673e-14i|1.1207905373494-2.42150740178018e-14i|1.35881264816281+7.3492916417798i|1.35881264816281-7.3492916417798i
6,<aggregated>,mint_weather,499.3278786430064,-5736.981225055188,11503.962450110375,11504.345530716919,11581.152217126091,NA,NA,NA,15.35323274426546,0.05263020893995929,0.631797758545488+0.792249330640239i|-0.912974213151583+0.439665208679577i|-0.225486009368444-0.987918756367194i|0.631797758545492-0.792249330640229i|-0.225486009368442+0.987918756367189i|-0.912974213151578-0.439665208679578i|1.01332492794907-5.11994458293437e-15i|4.03409642606654+5.12846262310483e-16i|-15.4390540681743+4.358803456373e-17i,0.641688538586+0.804651976519587i|-0.927266804416438+0.446548157869721i|-0.229015987895134-1.00338460281087i|0.641688538585999-0.804651976519587i|-0.229015987895134+1.00338460281087i|-0.927266804416438-0.446548157869721i|1.02918850745114+3.10424536155269e-15i|1.11669025800562-2.64933198458683e-15i
7,CIP,arima_weather,13.426138026818135,-3443.7861908841037,6913.572381768207,6913.862421608845,6980.470179848495,NA,NA,NA,10.617599056028926,0.22432177477728588,20.6553766920351+0i,1.31998552778833+0.635671527376117i|-0.913458327470506+1.14544051275572i|-0.913458327470506-1.14544051275572i|1.0362636452019-7.17785974164746e-16i|0.326009502565954+1.42834095667807i|-1.46507340576755+3.4949884685381e-15i|0.326009502565943-1.42834095667807i|1.31998552778834-0.635671527376118i
7,Non CIP,arima_weather,471.51520120811574,-5700.362442530499,11432.724885060998,11433.15938985333,11515.060636544427,NA,NA,NA,8.810023045449546,0.3585749335343774,0.629915354809472+0.789888871015808i|-0.910254060940726+0.438355252415535i|-0.224814187253356-0.98497531136013i|0.629915354809478-0.789888871015806i|-0.224814187253358+0.984975311360127i|-0.910254060940725-0.438355252415538i|1.01030578676921+3.45921942766693e-15i,0.641581584132649+0.804517859877149i|-0.927112250753386+0.446473728748352i|-0.22897781629268-1.00321736209323i|0.641581584132649-0.804517859877149i|-0.22897781629268+1.00321736209323i|-0.927112250753386-0.446473728748352i|1.02901696582683+2.41426425529598e-14i|1.11241777074467-2.2858782280553e-14i|0.0678157452651889+2.61740866312966i|-3.20606955971283-2.02981444575502e-16i|0.0678157452651885-2.61740866312966i
7,<aggregated>,arima_weather,475.2983617106906,-5705.359307327419,11442.718614654837,11443.15311944717,11525.054366138267,NA,NA,NA,10.45858038690885,0.2343023207770325,0.630632075182473+0.790787609936745i|-0.911289751887298+0.438854014888333i|-0.225069981792914-0.986096020463605i|0.630632075182479-0.790787609936743i|-0.225069981792916+0.986096020463603i|-0.911289751887296-0.438854014888336i|1.01145531699547+3.54698341565902e-15i,0.642735963639834+0.80596540599377i|-0.928780377472729+0.447277056237342i|-0.229389809568774-1.0050224225761i|0.642735963639834-0.80596540599377i|-0.229389809568774+1.0050224225761i|-0.928780377472729-0.447277056237342i|1.03086844680336+1.3232717373097e-14i|1.11329897958119-1.28318059617683e-14i|0.100076566415181+2.59758780670963i|-3.16466079766736-2.67113466980909e-16i|0.10007656641518-2.59758780670964i
7,CIP,base_arima,13.993137242065128,-3473.9323667997937,6957.8647335995875,6957.91223953783,6983.594655938159,NA,NA,NA,10.898618530102278,0.20751005409030088,,0.998787437551518+0.746408241609486i|-0.94994534205544+0.807654292169902i|-0.576021988108264-1.10584821642443i|1.04557762959204+6.27088320639608e-16i|0.505443115199835+1.13983721024116i|-1.22373078566363+0.239132960447426i|0.039168319474104-1.24626138963817i|1.20629924360187-0.31550553630454i|0.0391683194740942+1.24626138963816i|-1.22373078566362-0.239132960447432i|0.505443115199843-1.13983721024114i|1.20629924360189+0.315505536304513i|-0.576021988108256+1.10584821642443i|-0.949945342055435-0.807654292169893i|0.998787437551495-0.746408241609467i|-16.9946382751082+1.69187318743913e-16i
7,Non CIP,base_arima,510.8872499514668,-5755.318542358418,11524.637084716836,11524.725903114933,11560.658975990837,NA,NA,NA,23.962671652670966,0.002325050281170027,,0.924387467848649+0.673589214098412i|-0.862396488852354+0.751323443052648i|-0.540584923568505-1.00795960260111i|0.924387467848649-0.673589214098412i|0.451005363485965+1.05109884510081i|-1.12510373725306+0.205806220713942i|0.0497129053366151-1.14269122999538i|1.06243548895056+5.71317904865469e-15i|0.0497129053366128+1.14269122999537i|-1.12510373725306-0.205806220713944i|0.451005363485967-1.0510988451008i|1.10297941300269+0.302739218730576i|-0.540584923568505+1.00795960260111i|-0.862396488852353-0.751323443052647i|1.10297941300269-0.302739218730579i|-0.088282766496468+2.5977655281747i|-3.00706068390276+2.22258912051048e-16i|-0.0882827664964681-2.5977655281747i
7,<aggregated>,base_arima,515.2061514437886,-5760.677745980818,11535.355491961636,11535.444310359733,11571.377383235636,NA,NA,NA,20.90096656605586,0.0074152073804220064,,0.92391744875866+0.671435680829411i|-0.860192360071711+0.751344414556883i|-0.541095834068174-1.00581540252953i|0.92391744875866-0.671435680829411i|0.449010412879085+1.05016140413639i|-1.12374588161859+0.2040698879228i|0.0511035533355755-1.14098104824228i|1.06249955457058+3.57683294197357e-15i|0.0511035533355745+1.14098104824227i|-1.12374588161859-0.204069887922801i|0.449010412879086-1.05016140413639i|1.10100266078516+0.303714449039845i|-0.541095834068171+1.00581540252953i|-0.86019236007171-0.751344414556881i|1.10100266078516-0.303714449039846i|-0.0655657598476358+2.65404647177527i|-2.98568026440642-4.72773852495096e-14i|-0.065565759847595-2.65404647177522i
7,CIP,base_ets,13.822648357921235,-6201.390167814427,12422.780335628853,12422.955077487471,12474.24805742338,13.72469258215644,13.836742190296432,2.931777948043759,19.26058383659703,0.013526477583699847,,
7,Non CIP,base_ets,0.012301899571679428,-8465.577077709246,16951.15415541849,16951.328897277108,17002.621877213016,495.335157713198,549.4457754874632,0.08779940628270423,76.40628833561225,2.5779378631796135e-13,,
7,<aggregated>,base_ets,0.010970708078490436,-8470.831369215712,16961.662738431423,16961.83748029004,17013.130460225948,499.5370988708874,553.8392069634078,0.08269330982308129,78.49078843804074,9.836575998178887e-14,,
7,CIP,mint_arima,13.993137242065128,-3473.9323667997937,6957.8647335995875,6957.91223953783,6983.594655938159,NA,NA,NA,10.898618530102278,0.20751005409030088,,0.998787437551518+0.746408241609486i|-0.94994534205544+0.807654292169902i|-0.576021988108264-1.10584821642443i|1.04557762959204+6.27088320639608e-16i|0.505443115199835+1.13983721024116i|-1.22373078566363+0.239132960447426i|0.039168319474104-1.24626138963817i|1.20629924360187-0.31550553630454i|0.0391683194740942+1.24626138963816i|-1.22373078566362-0.239132960447432i|0.505443115199843-1.13983721024114i|1.20629924360189+0.315505536304513i|-0.576021988108256+1.10584821642443i|-0.949945342055435-0.807654292169893i|0.998787437551495-0.746408241609467i|-16.9946382751082+1.69187318743913e-16i
7,Non CIP,mint_arima,510.8872499514668,-5755.318542358418,11524.637084716836,11524.725903114933,11560.658975990837,NA,NA,NA,23.962671652670966,0.002325050281170027,,0.924387467848649+0.673589214098412i|-0.862396488852354+0.751323443052648i|-0.540584923568505-1.00795960260111i|0.924387467848649-0.673589214098412i|0.451005363485965+1.05109884510081i|-1.12510373725306+0.205806220713942i|0.0497129053366151-1.14269122999538i|1.06243548895056+5.71317904865469e-15i|0.0497129053366128+1.14269122999537i|-1.12510373725306-0.205806220713944i|0.451005363485967-1.0510988451008i|1.10297941300269+0.302739218730576i|-0.540584923568505+1.00795960260111i|-0.862396488852353-0.751323443052647i|1.10297941300269-0.302739218730579i|-0.088282766496468+2.5977655281747i|-3.00706068390276+2.22258912051048e-16i|-0.0882827664964681-2.5977655281747i
7,<aggregated>,mint_arima,515.2061514437886,-5760.677745980818,11535.355491961636,11535.444310359733,11571.377383235636,NA,NA,NA,20.90096656605586,0.0074152073804220064,,0.92391744875866+0.671435680829411i|-0.860192360071711+0.751344414556883i|-0.541095834068174-1.00581540252953i|0.92391744875866-0.671435680829411i|0.449010412879085+1.05016140413639i|-1.12374588161859+0.2040698879228i|0.0511035533355755-1.14098104824228i|1.06249955457058+3.57683294197357e-15i|0.0511035533355745+1.14098104824227i|-1.12374588161859-0.204069887922801i|0.449010412879086-1.05016140413639i|1.10100266078516+0.303714449039845i|-0.541095834068171+1.00581540252953i|-0.86019236007171-0.751344414556881i|1.10100266078516-0.303714449039846i|-0.0655657598476358+2.65404647177527i|-2.98568026440642-4.72773852495096e-14i|-0.065565759847595-2.65404647177522i
7,CIP,mint_ets,13.822648357921235,-6201.390167814427,12422.780335628853,12422.955077487471,12474.24805742338,13.72469258215644,13.836742190296432,2.931777948043759,19.26058383659703,0.013526477583699847,,
7,Non CIP,mint_ets,0.012301899571679428,-8465.577077709246,16951.15415541849,16951.328897277108,17002.621877213016,495.335157713198,549.4457754874632,0.08779940628270423,76.40628833561225,2.5779378631796135e-13,,
7,<aggregated>,mint_ets,0.010970708078490436,-8470.831369215712,16961.662738431423,16961.83748029004,17013.130460225948,499.5370988708874,553.8392069634078,0.08269330982308129,78.49078843804074,9.836575998178887e-14,,
7,CIP,mint_weather,13.426138026818135,-3443.7861908841037,6913.572381768207,6913.862421608845,6980.470179848495,NA,NA,NA,10.617599056028926,0.22432177477728588,20.6553766920351+0i,1.31998552778833+0.635671527376117i|-0.913458327470506+1.14544051275572i|-0.913458327470506-1.14544051275572i|1.0362636452019-7.17785974164746e-16i|0.326009502565954+1.42834095667807i|-1.46507340576755+3.4949884685381e-15i|0.326009502565943-1.42834095667807i|1.31998552778834-0.635671527376118i
7,Non CIP,mint_weather,471.51520120811574,-5700.362442530499,11432.724885060998,11433.15938985333,11515.060636544427,NA,NA,NA,8.810023045449546,0.3585749335343774,0.629915354809472+0.789888871015808i|-0.910254060940726+0.438355252415535i|-0.224814187253356-0.98497531136013i|0.629915354809478-0.789888871015806i|-0.224814187253358+0.984975311360127i|-0.910254060940725-0.438355252415538i|1.01030578676921+3.45921942766693e-15i,0.641581584132649+0.804517859877149i|-0.927112250753386+0.446473728748352i|-0.22897781629268-1.00321736209323i|0.641581584132649-0.804517859877149i|-0.22897781629268+1.00321736209323i|-0.927112250753386-0.446473728748352i|1.02901696582683+2.41426425529598e-14i|1.11241777074467-2.2858782280553e-14i|0.0678157452651889+2.61740866312966i|-3.20606955971283-2.02981444575502e-16i|0.0678157452651885-2.61740866312966i
7,<aggregated>,mint_weather,475.2983617106906,-5705.359307327419,11442.718614654837,11443.15311944717,11525.054366138267,NA,NA,NA,10.45858038690885,0.2343023207770325,0.630632075182473+0.790787609936745i|-0.911289751887298+0.438854014888333i|-0.225069981792914-0.986096020463605i|0.630632075182479-0.790787609936743i|-0.225069981792916+0.986096020463603i|-0.911289751887296-0.438854014888336i|1.01145531699547+3.54698341565902e-15i,0.642735963639834+0.80596540599377i|-0.928780377472729+0.447277056237342i|-0.229389809568774-1.0050224225761i|0.642735963639834-0.80596540599377i|-0.229389809568774+1.0050224225761i|-0.928780377472729-0.447277056237342i|1.03086844680336+1.3232717373097e-14i|1.11329897958119-1.28318059617683e-14i|0.100076566415181+2.59758780670963i|-3.16466079766736-2.67113466980909e-16i|0.10007656641518-2.59758780670964i
9,CIP,arima_weather,22.900362918659482,-3781.0209445526807,7594.041889105361,7594.476393897694,7676.377640588792,NA,NA,NA,3.777384850046439,0.8766292546714693,-1.35131590945842+2.71649522470027e-15i|-0.797959840720005+2.12826648425611i|-0.797959840720007-2.12826648425611i|2.37656419710486-9.21006672126387e-16i,1.04030262047944-1.03249504622037e-16i|-1.52536371491315+1.03249504622037e-16i
9,Non CIP,arima_weather,532.8764807296459,-5778.177414022968,11586.354828045936,11586.73790865248,11663.544595061652,NA,NA,NA,23.855955925196344,0.00242273909442825,0.640168510374654+0.802745921430432i|-0.925070300010636+0.445490377097788i|-0.228473496107425-1.00100779099113i|0.64016851037466-0.80274592143043i|-0.228473496107428+1.00100779099113i|-0.925070300010634-0.445490377097791i|1.02675057148681+3.53924621689299e-15i,0.656305477277392+0.82298103789664i|-0.948388892806212+0.456720019534446i|-0.234232712915325-1.02624056850334i|0.656305477277392-0.82298103789664i|-0.234232712915326+1.02624056850334i|-0.948388892806212-0.456720019534446i|1.05263225688829-2.45152284942e-16i|1.0804172204996+1.3841068929551e-16i|-1.0908586983899+3.28826743236706i|-1.0908586983899-3.28826743236706i
9,<aggregated>,arima_weather,567.5840232336923,-5818.213450703843,11666.426901407685,11666.809982014229,11743.616668423401,NA,NA,NA,27.201347954375976,6.525502562357843e-4,0.637997403782805+0.800023439875415i|-0.921932960085712+0.443979513819373i|-0.227698637136041-0.99761291202053i|0.637997403782811-0.800023439875413i|-0.227698637136043+0.997612912020527i|-0.921932960085711-0.443979513819376i|1.02326838687789+3.65170058462462e-15i,0.651783350191887+0.817310469889547i|-0.941854229835636+0.453573091705355i|-0.232618784444426-1.019169485857i|0.651783350191887-0.817310469889547i|-0.232618784444425+1.019169485857i|-0.941854229835636-0.453573091705355i|1.04537932817635+2.2065444452583e-15i|1.08362862776948-2.28205964935006e-15i|-0.99850944964508+3.27055325548666i|-0.99850944964508-3.27055325548666i
9,CIP,base_arima,24.408168785421793,-3825.8879496878585,7665.775899375717,7665.864717773814,7701.797790649718,NA,NA,NA,7.799446566959328,0.4533021388754588,0.744510281965367+0.933586364566646i|-1.07584852853139+0.518101345022146i|-0.759263309313983-0.952086075722264i|1.0971672707286-0.528367910169223i|0.270977937736325+1.18723191740907i|-1.21776379830189+8.4492826890372e-18i|-0.265712643236704-1.16416315492335i|1.19410177960546-5.68492261186944e-15i|-0.265712643236703+1.16416315492336i|-1.07584852853139-0.51810134502215i|0.270977937736326-1.18723191740907i|1.09716727072861+0.528367910169233i|-0.759263309313994+0.952086075722258i|0.744510281965372-0.933586364566646i|-12.6098391640772+0i,1.0567476086013+6.61786841689785e-18i|-5.56558093834212-4.63369677525846e-18i|16.5220741895187-1.98417164163939e-18i
9,Non CIP,base_arima,583.6555159985137,-5839.997087305686,11693.994174611373,11694.08299300947,11730.016065885373,NA,NA,NA,40.82783867348992,2.2449393254353467e-6,0.733330445726761+0.91956729334187i|-1.0596931970902+0.510321347441644i|-0.261722605879433-1.14668165904299i|0.733330445726761-0.91956729334187i|-0.261722605879433+1.14668165904299i|-1.15870244609879+5.38850597307664e-18i|-1.0596931970902-0.510321347441644i|1.17617071448574-5.0674778390893e-17i|-5.31914376169812+4.50175608200798e-16i,1.06178362840454+3.15544362088405e-30i|-1.57565981655087+0.117218627161721i|-1.57565981655028-0.117218627161721i
9,<aggregated>,base_arima,613.1035915758179,-5871.434551524513,11756.869103049026,11756.957921447123,11792.890994323026,NA,NA,NA,28.657268881027885,3.641331324364394e-4,0.675556009397341+0.847120441653959i|-0.976206717699136+0.47011637795331i|-0.738205916102578-0.925680939820594i|1.06673845590902-0.513714165271719i|0.263462641110593+1.1543052515063i|-1.15147820352059+3.32926714832098e-15i|-0.241103148283662-1.05634191263462i|1.08350771317091+3.77764632671513e-17i|-0.241103148283662+1.05634191263462i|-0.976206717699136-0.47011637795331i|0.263462641110593-1.1543052515063i|1.06673845590902+0.513714165271719i|-0.738205916102578+0.925680939820594i|-1.18399036183408-2.72060453446417e-15i|0.67555600939734-0.847120441653958i|3.84409039754614-1.0537850464607e-15i,1.04641305735189+0i|-1.2363346997345+0i
9,CIP,base_ets,23.454155991549325,-6537.139607266162,13094.279214532324,13094.453956390942,13145.74693632685,23.287945437278484,23.40885372935915,3.819665768275782,7.346741769694533,0.49972515560416,,
9,Non CIP,base_ets,0.01389831269828567,-8525.852810026847,17071.705620053694,17071.88036191231,17123.173341848218,555.9074534074122,580.167800301759,0.09171928621526562,84.8497262204106,5.10702591327572e-15,,
9,<aggregated>,base_ets,0.012517644485094629,-8567.00263764624,17154.00527529248,17154.180017151095,17205.472997087003,590.3393909124849,615.6183258745451,0.0868041197059384,74.74087835086912,5.558886684298159e-13,,
9,CIP,mint_arima,24.408168785421793,-3825.8879496878585,7665.775899375717,7665.864717773814,7701.797790649718,NA,NA,NA,7.799446566959328,0.4533021388754588,0.744510281965367+0.933586364566646i|-1.07584852853139+0.518101345022146i|-0.759263309313983-0.952086075722264i|1.0971672707286-0.528367910169223i|0.270977937736325+1.18723191740907i|-1.21776379830189+8.4492826890372e-18i|-0.265712643236704-1.16416315492335i|1.19410177960546-5.68492261186944e-15i|-0.265712643236703+1.16416315492336i|-1.07584852853139-0.51810134502215i|0.270977937736326-1.18723191740907i|1.09716727072861+0.528367910169233i|-0.759263309313994+0.952086075722258i|0.744510281965372-0.933586364566646i|-12.6098391640772+0i,1.0567476086013+6.61786841689785e-18i|-5.56558093834212-4.63369677525846e-18i|16.5220741895187-1.98417164163939e-18i
9,Non CIP,mint_arima,583.6555159985137,-5839.997087305686,11693.994174611373,11694.08299300947,11730.016065885373,NA,NA,NA,40.82783867348992,2.2449393254353467e-6,0.733330445726761+0.91956729334187i|-1.0596931970902+0.510321347441644i|-0.261722605879433-1.14668165904299i|0.733330445726761-0.91956729334187i|-0.261722605879433+1.14668165904299i|-1.15870244609879+5.38850597307664e-18i|-1.0596931970902-0.510321347441644i|1.17617071448574-5.0674778390893e-17i|-5.31914376169812+4.50175608200798e-16i,1.06178362840454+3.15544362088405e-30i|-1.57565981655087+0.117218627161721i|-1.57565981655028-0.117218627161721i
9,<aggregated>,mint_arima,613.1035915758179,-5871.434551524513,11756.869103049026,11756.957921447123,11792.890994323026,NA,NA,NA,28.657268881027885,3.641331324364394e-4,0.675556009397341+0.847120441653959i|-0.976206717699136+0.47011637795331i|-0.738205916102578-0.925680939820594i|1.06673845590902-0.513714165271719i|0.263462641110593+1.1543052515063i|-1.15147820352059+3.32926714832098e-15i|-0.241103148283662-1.05634191263462i|1.08350771317091+3.77764632671513e-17i|-0.241103148283662+1.05634191263462i|-0.976206717699136-0.47011637795331i|0.263462641110593-1.1543052515063i|1.06673845590902+0.513714165271719i|-0.738205916102578+0.925680939820594i|-1.18399036183408-2.72060453446417e-15i|0.67555600939734-0.847120441653958i|3.84409039754614-1.0537850464607e-15i,1.04641305735189+0i|-1.2363346997345+0i
9,CIP,mint_ets,23.454155991549325,-6537.139607266162,13094.279214532324,13094.453956390942,13145.74693632685,23.287945437278484,23.40885372935915,3.819665768275782,7.346741769694533,0.49972515560416,,
9,Non CIP,mint_ets,0.01389831269828567,-8525.852810026847,17071.705620053694,17071.88036191231,17123.173341848218,555.9074534074122,580.167800301759,0.09171928621526562,84.8497262204106,5.10702591327572e-15,,
9,<aggregated>,mint_ets,0.012517644485094629,-8567.00263764624,17154.00527529248,17154.180017151095,17205.472997087003,590.3393909124849,615.6183258745451,0.0868041197059384,74.74087835086912,5.558886684298159e-13,,
9,CIP,mint_weather,22.900362918659482,-3781.0209445526807,7594.041889105361,7594.476393897694,7676.377640588792,NA,NA,NA,3.777384850046439,0.8766292546714693,-1.35131590945842+2.71649522470027e-15i|-0.797959840720005+2.12826648425611i|-0.797959840720007-2.12826648425611i|2.37656419710486-9.21006672126387e-16i,1.04030262047944-1.03249504622037e-16i|-1.52536371491315+1.03249504622037e-16i
9,Non CIP,mint_weather,532.8764807296459,-5778.177414022968,11586.354828045936,11586.73790865248,11663.544595061652,NA,NA,NA,23.855955925196344,0.00242273909442825,0.640168510374654+0.802745921430432i|-0.925070300010636+0.445490377097788i|-0.228473496107425-1.00100779099113i|0.64016851037466-0.80274592143043i|-0.228473496107428+1.00100779099113i|-0.925070300010634-0.445490377097791i|1.02675057148681+3.53924621689299e-15i,0.656305477277392+0.82298103789664i|-0.948388892806212+0.456720019534446i|-0.234232712915325-1.02624056850334i|0.656305477277392-0.82298103789664i|-0.234232712915326+1.02624056850334i|-0.948388892806212-0.456720019534446i|1.05263225688829-2.45152284942e-16i|1.0804172204996+1.3841068929551e-16i|-1.0908586983899+3.28826743236706i|-1.0908586983899-3.28826743236706i
9,<aggregated>,mint_weather,567.5840232336923,-5818.213450703843,11666.426901407685,11666.809982014229,11743.616668423401,NA,NA,NA,27.201347954375976,6.525502562357843e-4,0.637997403782805+0.800023439875415i|-0.921932960085712+0.443979513819373i|-0.227698637136041-0.99761291202053i|0.637997403782811-0.800023439875413i|-0.227698637136043+0.997612912020527i|-0.921932960085711-0.443979513819376i|1.02326838687789+3.65170058462462e-15i,0.651783350191887+0.817310469889547i|-0.941854229835636+0.453573091705355i|-0.232618784444426-1.019169485857i|0.651783350191887-0.817310469889547i|-0.232618784444425+1.019169485857i|-0.941854229835636-0.453573091705355i|1.04537932817635+2.2065444452583e-15i|1.08362862776948-2.28205964935006e-15i|-0.99850944964508+3.27055325548666i|-0.99850944964508-3.27055325548666i
10,CIP,arima_weather,18.15431864945567,-3635.074112755315,7298.14822551063,7298.483153740295,7370.1920080586315,NA,NA,NA,10.706383963357522,0.21889722218878227,1.12639962458134+1.41246045358316i|-1.6276946175211+0.78385641496779i|-0.402007371608415-1.76130937667572i|1.12639962458134-1.41246045358316i|-0.402007371608416+1.76130937667572i|-1.6276946175211-0.78385641496779i|1.80660472909636+3.75285649986882e-16i|3.96326435429453-1.47325012147827e-16i|-6.07638145940422-6.39581849825072e-17i,1.01512588226984+0i
10,Non CIP,arima_weather,379.7684641807903,-5563.007805083687,11156.015610167375,11156.398690773918,11233.20537718309,NA,NA,NA,15.996277102202567,0.0424334291036238,0.64176239771657+0.804744592939897i|-0.92737353395244+0.446599556105337i|-0.229042347913641-1.00350009359797i|0.641762397716569-0.804744592939897i|-0.22904234791364+1.00350009359797i|-0.92737353395244-0.446599556105337i|1.02930696829902-1.0698792021024e-15i|1.64328943321295+6.23227823801345e-16i,0.652588357064048+0.818319916578783i|-0.943017498469866+0.454133292354455i|-0.232906088070725-1.02042824528952i|1.06768325750043+1.037653254523e-13i|-0.232906088070726+1.02042824528952i|-0.943017498469867-0.454133292354454i|0.652588357064042-0.818319916578777i|1.04667045895362-1.13755104338604e-13i|2.61632833118648+5.48942257713717e-16i
10,<aggregated>,arima_weather,400.4642387625344,-5597.143917990739,11222.287835981479,11222.622764211144,11294.33161852948,NA,NA,NA,16.660143481424,0.033849090229551515,0.634411817220813+0.79552725653942i|-0.916751637382609+0.441484320313708i|-0.226418956108096-0.99200626310597i|0.634411817220817-0.79552725653941i|-0.226418956108094+0.992006263105965i|-0.916751637382604-0.441484320313708i|1.01751755253977-5.73380996545317e-15i|5.36101841500849+4.40815264917555e-16i,0.640116788710642+0.802681064515163i|-0.92499556004066+0.445454384225237i|-0.228455036859232-1.00092691574062i|0.64011678871063-0.802681064515111i|-0.228455036859253+1.00092691574063i|-0.924995560040653-0.445454384225248i|1.02666761637854-2.75603319616591e-13i|1.12644021511669+2.26962407940321e-13i
10,CIP,base_arima,18.723806970144523,-3659.6592404064045,7325.318480812809,7325.337453144824,7340.756434215952,NA,NA,NA,9.325962838026784,0.3155486716650535,15.4962121209951+0i,1.05633700607316+0i
10,Non CIP,base_arima,425.9472191749754,-5640.964552732943,11291.929105465886,11291.976611404129,11317.659027804459,NA,NA,NA,59.63856672386766,5.487382770397176e-10,3.48699497227641+0i,0.93033570443515+0.686057318601164i|-0.875875599104712+0.75434813067047i|-0.540534391750496-1.02177381973115i|1.11643603448038-0.299616001353095i|0.461837259417078+1.05967236123586i|-1.13587262103778+0.214458751581369i|0.0436736135603893-1.15511548462985i|1.06210031326128+1.78638100978637e-14i|0.0436736135603852+1.15511548462985i|-1.13587262103777-0.214458751581369i|0.461837259417073-1.05967236123587i|1.11643603448037+0.299616001353098i|-0.540534391750498+1.02177381973115i|-0.875875599104719-0.754348130670472i|0.930335704435164-0.686057318601176i
10,<aggregated>,base_arima,452.3222294029694,-5679.051541197319,11368.103082394638,11368.150588332881,11393.833004733211,NA,NA,NA,57.48585667900431,1.447464592629899e-9,3.66557030275628+0i,0.938116548975598+0.692306548295226i|-0.883699548357196+0.760543308765271i|-0.544833251301165-1.03078016305658i|1.12617315621718-0.301802979591287i|0.466198407081344+1.06864870818672i|-1.14559435888097+0.216713131061388i|0.0436390462652156-1.16509512483548i|1.06614330587424+1.24774179021244e-14i|0.0436390462652117+1.16509512483548i|-1.14559435888097-0.216713131061383i|0.466198407081341-1.06864870818673i|1.12617315621718+0.301802979591292i|-0.544833251301167+1.03078016305658i|-0.883699548357205-0.760543308765277i|0.938116548975616-0.69230654829523i
10,CIP,base_ets,18.778612308988922,-6399.475843445259,12804.951686890518,12804.97064423649,12820.392003428875,18.749039691179494,18.90629685154772,3.4388062479755495,13.730310202647953,0.0890712978817737,,
10,Non CIP,base_ets,0.012631319113679922,-8319.21920370142,16664.43840740284,16664.728216320036,16731.346445735722,392.41755557032945,417.02172399560146,0.08868444212818341,64.4157330468007,6.296174692721479e-11,,
10,<aggregated>,base_ets,0.011460499140598475,-8356.425425807762,16738.850851615523,16739.14066053272,16805.758889948407,412.4854989705369,439.70136537290705,0.08410846137007782,64.70840579565346,5.511135992009031e-11,,
10,CIP,mint_arima,18.723806970144523,-3659.6592404064045,7325.318480812809,7325.337453144824,7340.756434215952,NA,NA,NA,9.325962838026784,0.3155486716650535,15.4962121209951+0i,1.05633700607316+0i
10,Non CIP,mint_arima,425.9472191749754,-5640.964552732943,11291.929105465886,11291.976611404129,11317.659027804459,NA,NA,NA,59.63856672386766,5.487382770397176e-10,3.48699497227641+0i,0.93033570443515+0.686057318601164i|-0.875875599104712+0.75434813067047i|-0.540534391750496-1.02177381973115i|1.11643603448038-0.299616001353095i|0.461837259417078+1.05967236123586i|-1.13587262103778+0.214458751581369i|0.0436736135603893-1.15511548462985i|1.06210031326128+1.78638100978637e-14i|0.0436736135603852+1.15511548462985i|-1.13587262103777-0.214458751581369i|0.461837259417073-1.05967236123587i|1.11643603448037+0.299616001353098i|-0.540534391750498+1.02177381973115i|-0.875875599104719-0.754348130670472i|0.930335704435164-0.686057318601176i
10,<aggregated>,mint_arima,452.3222294029694,-5679.051541197319,11368.103082394638,11368.150588332881,11393.833004733211,NA,NA,NA,57.48585667900431,1.447464592629899e-9,3.66557030275628+0i,0.938116548975598+0.692306548295226i|-0.883699548357196+0.760543308765271i|-0.544833251301165-1.03078016305658i|1.12617315621718-0.301802979591287i|0.466198407081344+1.06864870818672i|-1.14559435888097+0.216713131061388i|0.0436390462652156-1.16509512483548i|1.06614330587424+1.24774179021244e-14i|0.0436390462652117+1.16509512483548i|-1.14559435888097-0.216713131061383i|0.466198407081341-1.06864870818673i|1.12617315621718+0.301802979591292i|-0.544833251301167+1.03078016305658i|-0.883699548357205-0.760543308765277i|0.938116548975616-0.69230654829523i
10,CIP,mint_ets,18.778612308988922,-6399.475843445259,12804.951686890518,12804.97064423649,12820.392003428875,18.749039691179494,18.90629685154772,3.4388062479755495,13.730310202647953,0.0890712978817737,,
10,Non CIP,mint_ets,0.012631319113679922,-8319.21920370142,16664.43840740284,16664.728216320036,16731.346445735722,392.41755557032945,417.02172399560146,0.08868444212818341,64.4157330468007,6.296174692721479e-11,,
10,<aggregated>,mint_ets,0.011460499140598475,-8356.425425807762,16738.850851615523,16739.14066053272,16805.758889948407,412.4854989705369,439.70136537290705,0.08410846137007782,64.70840579565346,5.511135992009031e-11,,
10,CIP,mint_weather,18.15431864945567,-3635.074112755315,7298.14822551063,7298.483153740295,7370.1920080586315,NA,NA,NA,10.706383963357522,0.21889722218878227,1.12639962458134+1.41246045358316i|-1.6276946175211+0.78385641496779i|-0.402007371608415-1.76130937667572i|1.12639962458134-1.41246045358316i|-0.402007371608416+1.76130937667572i|-1.6276946175211-0.78385641496779i|1.80660472909636+3.75285649986882e-16i|3.96326435429453-1.47325012147827e-16i|-6.07638145940422-6.39581849825072e-17i,1.01512588226984+0i
10,Non CIP,mint_weather,379.7684641807903,-5563.007805083687,11156.015610167375,11156.398690773918,11233.20537718309,NA,NA,NA,15.996277102202567,0.0424334291036238,0.64176239771657+0.804744592939897i|-0.92737353395244+0.446599556105337i|-0.229042347913641-1.00350009359797i|0.641762397716569-0.804744592939897i|-0.22904234791364+1.00350009359797i|-0.92737353395244-0.446599556105337i|1.02930696829902-1.0698792021024e-15i|1.64328943321295+6.23227823801345e-16i,0.652588357064048+0.818319916578783i|-0.943017498469866+0.454133292354455i|-0.232906088070725-1.02042824528952i|1.06768325750043+1.037653254523e-13i|-0.232906088070726+1.02042824528952i|-0.943017498469867-0.454133292354454i|0.652588357064042-0.818319916578777i|1.04667045895362-1.13755104338604e-13i|2.61632833118648+5.48942257713717e-16i
10,<aggregated>,mint_weather,400.4642387625344,-5597.143917990739,11222.287835981479,11222.622764211144,11294.33161852948,NA,NA,NA,16.660143481424,0.033849090229551515,0.634411817220813+0.79552725653942i|-0.916751637382609+0.441484320313708i|-0.226418956108096-0.99200626310597i|0.634411817220817-0.79552725653941i|-0.226418956108094+0.992006263105965i|-0.916751637382604-0.441484320313708i|1.01751755253977-5.73380996545317e-15i|5.36101841500849+4.40815264917555e-16i,0.640116788710642+0.802681064515163i|-0.92499556004066+0.445454384225237i|-0.228455036859232-1.00092691574062i|0.64011678871063-0.802681064515111i|-0.228455036859253+1.00092691574063i|-0.924995560040653-0.445454384225248i|1.02666761637854-2.75603319616591e-13i|1.12644021511669+2.26962407940321e-13i
13,CIP,arima_weather,34.357453403306806,-4040.378852687174,8104.757705374348,8105.00611301766,8166.509518986921,NA,NA,NA,10.312936910467208,0.24374514882534548,,1.05041336536169-9.24374334528008e-22i|-0.959319465035744+1.20294856030263i|-0.959319465035744-1.20294856030263i|1.38625679168019-0.667586086022736i|0.342377153059821+1.50005231901867i|-1.53862895940855-9.62323108043016e-16i|0.342377153059824-1.50005231901867i|1.3862567916802+0.667586086022738i
13,Non CIP,arima_weather,840.0271132189624,-6066.218885773233,12164.437771546465,12164.872276338798,12246.773523029895,NA,NA,NA,44.9957873100314,3.686755405407638e-7,1.44459739570885+1.58329712874394i|-2.70732818277648+2.06370955791588e-17i|1.44459739570885-1.58329712874394i,0.939924992446539+0.69876144224292i|-0.890395021167133+0.760870061752865i|-0.543661929046213-1.03738047576421i|0.939924992446535-0.698761442242919i|0.472089046830964+1.07184815923398i|-1.15002438366928+0.221744135338719i|0.039719953022282-1.17053358342379i|1.09925744063722-7.76317517388016e-15i|0.0397199530222846+1.17053358342379i|-1.15002438366928-0.221744135338716i|0.472089046830961-1.07184815923398i|1.13234734158285+0.299192317082671i|-0.543661929046211+1.03738047576421i|-0.890395021167135-0.760870061752862i|1.13234734158284-0.299192317082671i
13,<aggregated>,arima_weather,861.4440066943787,-6082.882936247279,12195.765872494558,12196.148953101101,12272.955639510274,NA,NA,NA,27.92033618196787,4.896355169347055e-4,0.68489566497278+0.858831999312989i|-0.989702911037529+0.476615802115599i|-0.736299526025994-0.923290402276445i|1.06398364243179-0.512387517021533i|0.26278225836967+1.15132429994682i|-1.18093274955092-3.76970067646726e-16i|-0.244436432766072-1.07094598616319i|1.09848735766164-8.05573437343281e-16i|-0.244436432766072+1.07094598616319i|-0.989702911037528-0.4766158021156i|0.68489566497278-0.85883199931299i|1.06398364243179+0.512387517021535i|-0.736299526025995+0.923290402276445i|0.26278225836967-1.15132429994682i|2.70107837133607+2.44427246412655e-16i|-10.0712193779275+4.73094796333291e-17i,1.06545927902398+0i
13,CIP,base_arima,34.74423446400161,-4051.40585369859,8110.81170739718,8110.8433529668,8131.395645268038,NA,NA,NA,5.916029122516766,0.6566374547575025,,0.980618800876376+0.755526615567604i|-0.954792197339256+0.787912152059692i|-0.55569629790411-1.10618051147131i|1.06208195265069+1.61487365024789e-14i|0.518375774486992+1.12415312830961i|-1.21131772383472+0.255231407524873i|0.0207113279640858-1.23774179066444i|1.20210031575064-0.295615510985965i|0.0207113279640875+1.23774179066444i|-1.21131772383472-0.255231407524871i|0.518375774486988-1.12415312830961i|1.20210031575063+0.295615510985951i|-0.555696297904111+1.10618051147131i|-0.954792197339257-0.787912152059693i|0.980618800876372-0.75552661556761i
13,Non CIP,base_arima,926.8510335655515,-6133.891208850184,12279.782417700368,12279.84897871463,12310.658324506654,NA,NA,NA,84.15656673248593,7.105427357601002e-15,,0.914109806307349+0.666982176745096i|-0.853668108874722+0.74277366806662i|-0.534191756556301-0.99754755741778i|0.914109806307349-0.666982176745096i|0.446850973198446+1.03960866186969i|-1.11297719809816+0.20431279596846i|0.048470477987323-1.13053641022595i|1.06103204484571+6.67103564622343e-15i|0.0484704779873202+1.13053641022594i|-1.11297719809816-0.204312795968462i|0.446850973198449-1.03960866186969i|1.09140580603606+0.298823239781729i|-0.534191756556301+0.997547557417779i|-0.853668108874721-0.74277366806662i|1.09140580603607-0.298823239781732i|-1.36706570758516+2.6935576068386i|-1.36706570758516-2.6935576068386i
13,<aggregated>,base_arima,963.6326312369371,-6158.587876391497,12329.175752782994,12329.242313797256,12360.05165958928,NA,NA,NA,73.55036765539818,9.618972285352356e-13,,0.913696518511887+0.665950508283322i|-0.852570341308982+0.742600310088707i|-0.53426702128883-0.996438737397698i|0.913696518511887-0.665950508283323i|0.445937136005184+1.03897616823248i|-1.11215721449124+0.203562613656432i|0.049019388144504-1.12957005405132i|1.06162633320027+6.50411680236788e-15i|0.049019388144502+1.12957005405132i|-1.11215721449124-0.203562613656434i|0.445937136005186-1.03897616823248i|1.09034153442748+0.299143353136732i|-0.534267021288829+0.996438737397697i|-0.852570341308981-0.742600310088706i|1.09034153442748-0.299143353136735i|-1.51014926677157+2.7324609548706i|-1.51014926677157-2.7324609548706i
13,CIP,base_ets,0.0592217512131548,-6778.633391999866,13563.266783999732,13563.285741345704,13578.70710053809,34.81796865235123,35.05618882373814,0.1964305537123317,12.385998544226322,0.1347946091317599,,
13,Non CIP,base_ets,792.4068921746821,-8770.844440683239,17567.688881366477,17567.978690283675,17634.59691969936,784.9195829572848,831.8528980972344,22.03458188873118,38.419973782291336,6.295615580076408e-6,,
13,<aggregated>,base_ets,836.731427864697,-8805.40630428103,17636.81260856206,17637.10241747926,17703.720646894944,828.825304136841,881.2561475697036,22.41768160669331,41.49728935892156,1.6824925026526216e-6,,
13,CIP,mint_arima,34.74423446400161,-4051.40585369859,8110.81170739718,8110.8433529668,8131.395645268038,NA,NA,NA,5.916029122516766,0.6566374547575025,,0.980618800876376+0.755526615567604i|-0.954792197339256+0.787912152059692i|-0.55569629790411-1.10618051147131i|1.06208195265069+1.61487365024789e-14i|0.518375774486992+1.12415312830961i|-1.21131772383472+0.255231407524873i|0.0207113279640858-1.23774179066444i|1.20210031575064-0.295615510985965i|0.0207113279640875+1.23774179066444i|-1.21131772383472-0.255231407524871i|0.518375774486988-1.12415312830961i|1.20210031575063+0.295615510985951i|-0.555696297904111+1.10618051147131i|-0.954792197339257-0.787912152059693i|0.980618800876372-0.75552661556761i
13,Non CIP,mint_arima,926.8510335655515,-6133.891208850184,12279.782417700368,12279.84897871463,12310.658324506654,NA,NA,NA,84.15656673248593,7.105427357601002e-15,,0.914109806307349+0.666982176745096i|-0.853668108874722+0.74277366806662i|-0.534191756556301-0.99754755741778i|0.914109806307349-0.666982176745096i|0.446850973198446+1.03960866186969i|-1.11297719809816+0.20431279596846i|0.048470477987323-1.13053641022595i|1.06103204484571+6.67103564622343e-15i|0.0484704779873202+1.13053641022594i|-1.11297719809816-0.204312795968462i|0.446850973198449-1.03960866186969i|1.09140580603606+0.298823239781729i|-0.534191756556301+0.997547557417779i|-0.853668108874721-0.74277366806662i|1.09140580603607-0.298823239781732i|-1.36706570758516+2.6935576068386i|-1.36706570758516-2.6935576068386i
13,<aggregated>,mint_arima,963.6326312369371,-6158.587876391497,12329.175752782994,12329.242313797256,12360.05165958928,NA,NA,NA,73.55036765539818,9.618972285352356e-13,,0.913696518511887+0.665950508283322i|-0.852570341308982+0.742600310088707i|-0.53426702128883-0.996438737397698i|0.913696518511887-0.665950508283323i|0.445937136005184+1.03897616823248i|-1.11215721449124+0.203562613656432i|0.049019388144504-1.12957005405132i|1.06162633320027+6.50411680236788e-15i|0.049019388144502+1.12957005405132i|-1.11215721449124-0.203562613656434i|0.445937136005186-1.03897616823248i|1.09034153442748+0.299143353136732i|-0.534267021288829+0.996438737397697i|-0.852570341308981-0.742600310088706i|1.09034153442748-0.299143353136735i|-1.51014926677157+2.7324609548706i|-1.51014926677157-2.7324609548706i
13,CIP,mint_ets,0.0592217512131548,-6778.633391999866,13563.266783999732,13563.285741345704,13578.70710053809,34.81796865235123,35.05618882373814,0.1964305537123317,12.385998544226322,0.1347946091317599,,
13,Non CIP,mint_ets,792.4068921746821,-8770.844440683239,17567.688881366477,17567.978690283675,17634.59691969936,784.9195829572848,831.8528980972344,22.03458188873118,38.419973782291336,6.295615580076408e-6,,
13,<aggregated>,mint_ets,836.731427864697,-8805.40630428103,17636.81260856206,17637.10241747926,17703.720646894944,828.825304136841,881.2561475697036,22.41768160669331,41.49728935892156,1.6824925026526216e-6,,
13,CIP,mint_weather,34.357453403306806,-4040.378852687174,8104.757705374348,8105.00611301766,8166.509518986921,NA,NA,NA,10.312936910467208,0.24374514882534548,,1.05041336536169-9.24374334528008e-22i|-0.959319465035744+1.20294856030263i|-0.959319465035744-1.20294856030263i|1.38625679168019-0.667586086022736i|0.342377153059821+1.50005231901867i|-1.53862895940855-9.62323108043016e-16i|0.342377153059824-1.50005231901867i|1.3862567916802+0.667586086022738i
13,Non CIP,mint_weather,840.0271132189624,-6066.218885773233,12164.437771546465,12164.872276338798,12246.773523029895,NA,NA,NA,44.9957873100314,3.686755405407638e-7,1.44459739570885+1.58329712874394i|-2.70732818277648+2.06370955791588e-17i|1.44459739570885-1.58329712874394i,0.939924992446539+0.69876144224292i|-0.890395021167133+0.760870061752865i|-0.543661929046213-1.03738047576421i|0.939924992446535-0.698761442242919i|0.472089046830964+1.07184815923398i|-1.15002438366928+0.221744135338719i|0.039719953022282-1.17053358342379i|1.09925744063722-7.76317517388016e-15i|0.0397199530222846+1.17053358342379i|-1.15002438366928-0.221744135338716i|0.472089046830961-1.07184815923398i|1.13234734158285+0.299192317082671i|-0.543661929046211+1.03738047576421i|-0.890395021167135-0.760870061752862i|1.13234734158284-0.299192317082671i
13,<aggregated>,mint_weather,861.4440066943787,-6082.882936247279,12195.765872494558,12196.148953101101,12272.955639510274,NA,NA,NA,27.92033618196787,4.896355169347055e-4,0.68489566497278+0.858831999312989i|-0.989702911037529+0.476615802115599i|-0.736299526025994-0.923290402276445i|1.06398364243179-0.512387517021533i|0.26278225836967+1.15132429994682i|-1.18093274955092-3.76970067646726e-16i|-0.244436432766072-1.07094598616319i|1.09848735766164-8.05573437343281e-16i|-0.244436432766072+1.07094598616319i|-0.989702911037528-0.4766158021156i|0.68489566497278-0.85883199931299i|1.06398364243179+0.512387517021535i|-0.736299526025995+0.923290402276445i|0.26278225836967-1.15132429994682i|2.70107837133607+2.44427246412655e-16i|-10.0712193779275+4.73094796333291e-17i,1.06545927902398+0i
14,CIP,arima_weather,44.76083727122509,-4207.833419382254,8441.666838764508,8441.956878605146,8508.564636844794,NA,NA,NA,10.627684148599617,0.22370029218912535,0.776701812277671+0.973953266786942i|-1.12236663762486+0.540503285676494i|-0.78514204070707-0.984536978478217i|1.13456312108007-0.546376802547202i|0.280213950036809+1.22769753126794i|-1.25927006081963+1.18249774677507e-14i|-0.277201667386294-1.21449985865734i|1.24573298546697+1.77773411497249e-14i|-0.2772016673863+1.21449985865733i|-1.12236663762487-0.540503285676484i|0.280213950036811-1.22769753126797i|1.13456312108004+0.546376802547226i|-0.785142040707046+0.984536978478195i|0.776701812277704-0.97395326678695i,1.03877431132751+0i
14,Non CIP,arima_weather,1869.5414276277272,-6574.905025826691,13179.810051653381,13180.193132259925,13256.999818669097,NA,NA,NA,26.018134857074998,0.001042821121416404,0.630296437437134+0.790366733516267i|-0.910804741292831+0.438620446096185i|-0.224950194068493-0.985571196151584i|0.630296437437133-0.790366733516267i|-0.224950194068493+0.985571196151584i|-0.910804741292831-0.438620446096185i|1.01091699584838-2.11688498043311e-16i|1.39182019308628-3.83996489405316e-17i,0.643266992437444+0.806631295044129i|-0.929547736318342+0.447646596780907i|-0.229579331552373-1.00585277264023i|1.06167808812831+3.84479452798987e-15i|-0.229579331552373+1.00585277264023i|-0.929547736318342-0.447646596780907i|0.643266992437443-0.806631295044129i|1.03172015086654-3.10039046720195e-15i|2.28342384844552-1.253388325689e-15i
14,<aggregated>,arima_weather,2016.6556330523601,-6622.26151462879,13274.52302925758,13274.906109864123,13351.712796273296,NA,NA,NA,19.506911798991588,0.012371561411836263,0.779728117491623+0.9777481334949i|-1.08243458998979+3.59997734668362e-16i|-0.278281743212132-1.21923198004096i|0.779728117491623-0.9777481334949i|-0.278281743212132+1.21923198004096i|-1.12673977536409+0.542609277816243i|-1.12673977536409-0.542609277816244i|1.2505868021692+3.48812344114436e-17i|3.51427402101591-9.80197581650832e-17i,1.10827545738043+1.03397576569128e-25i|-1.09481260331146-1.03397576569128e-25i
14,CIP,base_arima,49.576311383794526,-4276.572811614971,8563.145623229942,8563.193129168185,8588.875545568515,NA,NA,NA,12.38666247710703,0.13476775423781218,,0.926596463169336+0.711455991828496i|-0.899805415107662+0.74505090350225i|-0.526145380471924-1.04303483761313i|1.04783582659687+1.4135339061748e-16i|0.487431194337546+1.06167860704324i|-1.1435237523762+0.238964561427097i|0.0214847524224163-1.16802784182567i|1.13396213802649-0.280856731072957i|0.0214847524224179+1.16802784182567i|-1.1435237523762-0.238964561427095i|0.487431194337546-1.06167860704324i|1.13396213802649+0.280856731072959i|-0.526145380471924+1.04303483761313i|-0.899805415107662-0.745050903502252i|0.926596463169336-0.711455991828497i|-21.8416963527709-1.75046326641149e-16i
14,Non CIP,base_arima,2302.630042901797,-6711.304174937313,13434.608349874627,13434.674910888889,13465.484256680913,NA,NA,NA,88.62432245312858,8.881784197001252e-16,,0.92811238072829+0.656514914632373i|-0.846579148814845+0.758754353653288i|-0.551349215003848-0.994192369469071i|0.92811238072829-0.656514914632373i|0.43353028126269+1.05093097757378i|-1.12105150689812+0.188806629325693i|0.0653845753935183-1.13495783256317i|1.06478594243202-5.60432296902276e-15i|0.065384575393522+1.13495783256317i|-1.12105150689813-0.18880662932569i|0.433530281262688-1.05093097757378i|1.09195263333232+0.31629712448029i|-0.551349215003847+0.994192369469073i|-0.846579148814846-0.758754353653288i|1.09195263333232-0.316297124480288i|-1.71168752822838+2.5186650903383i|-1.71168752822838-2.5186650903383i
14,<aggregated>,base_arima,2410.429894352352,-6740.367594213105,13492.73518842621,13492.801749440472,13523.611095232496,NA,NA,NA,91.01323231306343,3.3306690738754696e-16,,0.92680438957676+0.654950556318694i|-0.844762956817541+0.757827259043777i|-0.550849505331286-0.992215415238644i|0.92680438957676-0.654950556318694i|0.432296200090677+1.04930767801826i|-1.11919429795664+0.187964707278385i|0.0657921208291112-1.13295984244708i|1.06110567076071-8.52139613392427e-15i|0.065792120829116+1.13295984244709i|-1.11919429795665-0.18796470727838i|0.432296200090675-1.04930767801827i|1.08991404960893+0.316249857274267i|-0.550849505331286+0.992215415238646i|-0.844762956817543-0.757827259043776i|1.08991404960892-0.316249857274264i|-1.84264082741737+2.51718316868247i|-1.84264082741737-2.51718316868247i
14,CIP,base_ets,46.566605471069686,-6972.645439624464,13965.290879248929,13965.465621107547,14016.758601043455,46.236605904739214,46.45538653220761,5.406428642450336,9.910186828803074,0.271386324975351,,
14,Non CIP,base_ets,0.006404408533789447,-9336.411645036429,18692.823290072858,18692.998031931475,18744.291011867383,1914.6923369101212,2085.7478116151265,0.061629452993923216,50.15483921437613,3.8160855586610865e-8,,
14,<aggregated>,base_ets,2012.31807414956,-9364.156368953203,18748.312737906406,18748.487479765023,18799.78045970093,1998.0575523642497,2195.1262263480166,34.629197029282416,51.526809339169375,2.076962368757762e-8,,
14,CIP,mint_arima,49.576311383794526,-4276.572811614971,8563.145623229942,8563.193129168185,8588.875545568515,NA,NA,NA,12.38666247710703,0.13476775423781218,,0.926596463169336+0.711455991828496i|-0.899805415107662+0.74505090350225i|-0.526145380471924-1.04303483761313i|1.04783582659687+1.4135339061748e-16i|0.487431194337546+1.06167860704324i|-1.1435237523762+0.238964561427097i|0.0214847524224163-1.16802784182567i|1.13396213802649-0.280856731072957i|0.0214847524224179+1.16802784182567i|-1.1435237523762-0.238964561427095i|0.487431194337546-1.06167860704324i|1.13396213802649+0.280856731072959i|-0.526145380471924+1.04303483761313i|-0.899805415107662-0.745050903502252i|0.926596463169336-0.711455991828497i|-21.8416963527709-1.75046326641149e-16i
14,Non CIP,mint_arima,2302.630042901797,-6711.304174937313,13434.608349874627,13434.674910888889,13465.484256680913,NA,NA,NA,88.62432245312858,8.881784197001252e-16,,0.92811238072829+0.656514914632373i|-0.846579148814845+0.758754353653288i|-0.551349215003848-0.994192369469071i|0.92811238072829-0.656514914632373i|0.43353028126269+1.05093097757378i|-1.12105150689812+0.188806629325693i|0.0653845753935183-1.13495783256317i|1.06478594243202-5.60432296902276e-15i|0.065384575393522+1.13495783256317i|-1.12105150689813-0.18880662932569i|0.433530281262688-1.05093097757378i|1.09195263333232+0.31629712448029i|-0.551349215003847+0.994192369469073i|-0.846579148814846-0.758754353653288i|1.09195263333232-0.316297124480288i|-1.71168752822838+2.5186650903383i|-1.71168752822838-2.5186650903383i
14,<aggregated>,mint_arima,2410.429894352352,-6740.367594213105,13492.73518842621,13492.801749440472,13523.611095232496,NA,NA,NA,91.01323231306343,3.3306690738754696e-16,,0.92680438957676+0.654950556318694i|-0.844762956817541+0.757827259043777i|-0.550849505331286-0.992215415238644i|0.92680438957676-0.654950556318694i|0.432296200090677+1.04930767801826i|-1.11919429795664+0.187964707278385i|0.0657921208291112-1.13295984244708i|1.06110567076071-8.52139613392427e-15i|0.065792120829116+1.13295984244709i|-1.11919429795665-0.18796470727838i|0.432296200090675-1.04930767801827i|1.08991404960893+0.316249857274267i|-0.550849505331286+0.992215415238646i|-0.844762956817543-0.757827259043776i|1.08991404960892-0.316249857274264i|-1.84264082741737+2.51718316868247i|-1.84264082741737-2.51718316868247i
14,CIP,mint_ets,46.566605471069686,-6972.645439624464,13965.290879248929,13965.465621107547,14016.758601043455,46.236605904739214,46.45538653220761,5.406428642450336,9.910186828803074,0.271386324975351,,
14,Non CIP,mint_ets,0.006404408533789447,-9336.411645036429,18692.823290072858,18692.998031931475,18744.291011867383,1914.6923369101212,2085.7478116151265,0.061629452993923216,50.15483921437613,3.8160855586610865e-8,,
14,<aggregated>,mint_ets,2012.31807414956,-9364.156368953203,18748.312737906406,18748.487479765023,18799.78045970093,1998.0575523642497,2195.1262263480166,34.629197029282416,51.526809339169375,2.076962368757762e-8,,
14,CIP,mint_weather,44.76083727122509,-4207.833419382254,8441.666838764508,8441.956878605146,8508.564636844794,NA,NA,NA,10.627684148599617,0.22370029218912535,0.776701812277671+0.973953266786942i|-1.12236663762486+0.540503285676494i|-0.78514204070707-0.984536978478217i|1.13456312108007-0.546376802547202i|0.280213950036809+1.22769753126794i|-1.25927006081963+1.18249774677507e-14i|-0.277201667386294-1.21449985865734i|1.24573298546697+1.77773411497249e-14i|-0.2772016673863+1.21449985865733i|-1.12236663762487-0.540503285676484i|0.280213950036811-1.22769753126797i|1.13456312108004+0.546376802547226i|-0.785142040707046+0.984536978478195i|0.776701812277704-0.97395326678695i,1.03877431132751+0i
14,Non CIP,mint_weather,1869.5414276277272,-6574.905025826691,13179.810051653381,13180.193132259925,13256.999818669097,NA,NA,NA,26.018134857074998,0.001042821121416404,0.630296437437134+0.790366733516267i|-0.910804741292831+0.438620446096185i|-0.224950194068493-0.985571196151584i|0.630296437437133-0.790366733516267i|-0.224950194068493+0.985571196151584i|-0.910804741292831-0.438620446096185i|1.01091699584838-2.11688498043311e-16i|1.39182019308628-3.83996489405316e-17i,0.643266992437444+0.806631295044129i|-0.929547736318342+0.447646596780907i|-0.229579331552373-1.00585277264023i|1.06167808812831+3.84479452798987e-15i|-0.229579331552373+1.00585277264023i|-0.929547736318342-0.447646596780907i|0.643266992437443-0.806631295044129i|1.03172015086654-3.10039046720195e-15i|2.28342384844552-1.253388325689e-15i
14,<aggregated>,mint_weather,2016.6556330523601,-6622.26151462879,13274.52302925758,13274.906109864123,13351.712796273296,NA,NA,NA,19.506911798991588,0.012371561411836263,0.779728117491623+0.9777481334949i|-1.08243458998979+3.59997734668362e-16i|-0.278281743212132-1.21923198004096i|0.779728117491623-0.9777481334949i|-0.278281743212132+1.21923198004096i|-1.12673977536409+0.542609277816243i|-1.12673977536409-0.542609277816244i|1.2505868021692+3.48812344114436e-17i|3.51427402101591-9.80197581650832e-17i,1.10827545738043+1.03397576569128e-25i|-1.09481260331146-1.03397576569128e-25i
17,CIP,arima_weather,14.439757396493295,-3489.953786326076,7005.907572652152,7006.19761249279,7072.80537073244,NA,NA,NA,18.085024027443744,0.02059800391881228,1.46553378600324+0.705763874344063i|-1.01418084731359+1.27174255774839i|-1.01418084731359-1.27174255774839i|1.46553378600324-0.705763874344068i|0.361956953701641+1.58583703069173i|-1.62661978478258+2.53483341339802e-15i|0.361956953701635-1.58583703069173i|19.2623584003299-2.51699339746248e-16i,1.04237836342961+0i
17,Non CIP,arima_weather,375.05263712359783,-5555.134171877289,11140.268343754578,11140.651424361122,11217.458110770294,NA,NA,NA,4.082884945510319,0.8495688859607301,0.640088517399377+0.802645613412142i|-0.92495470681222+0.445434710347325i|-0.228444946945088-1.00088270893824i|0.640088517399377-0.802645613412142i|-0.228444946945088+1.00088270893824i|-0.924954706812221-0.445434710347325i|1.02662227271586-4.64124159560807e-17i|2.24622705048874-9.51804290400186e-18i|-3.6323683791603+5.59304588600826e-17i,0.652674360126868+0.818427761008477i|-0.94314177649641+0.454193141497714i|-0.232936782208471-1.02056272509372i|1.08972288072588+1.79887888960237e-15i|-0.232936782208471+1.02056272509372i|-0.94314177649641-0.454193141497714i|0.652674360126868-0.818427761008477i|1.04680839715603-1.83311355582845e-15i
17,<aggregated>,arima_weather,389.0047298262912,-5578.28435413326,11186.56870826652,11186.951788873064,11263.758475282237,NA,NA,NA,4.081229547595014,0.8497212424543281,0.64009231189529+0.802650371559519i|-0.924960190017683+0.445437350919905i|-0.228446301185-1.00088864225097i|0.64009231189529-0.802650371559519i|-0.228446301185+1.00088864225097i|-0.924960190017683-0.445437350919905i|1.02662835861479-7.71130854246435e-17i|2.2010127599736-5.80555090545723e-17i|-3.69946271345286-1.364779905187e-16i,0.652029018706102+0.817618528462586i|-0.942209231124305+0.453744051315622i|-0.23270646252202-1.01955362861433i|1.08829905884323-2.72317459565007e-16i|-0.23270646252202+1.01955362861433i|-0.942209231124305-0.453744051315622i|0.652029018706102-0.817618528462586i|1.04577334988044+4.95841336742449e-16i
17,CIP,base_arima,14.578181492929144,-3501.30821260959,7006.61642521918,7006.625903892166,7016.908394154609,NA,NA,NA,16.44400754345487,0.03644836520925032,,1.07274678280598+0i
17,Non CIP,base_arima,403.595436581341,-5605.711265161752,11225.422530323503,11225.5113487216,11261.444421597504,NA,NA,NA,17.207000479502316,0.028024344173747107,,0.929572774778235+0.68414726478157i|-0.873843666502417+0.754029356212757i|-0.54067575717438-1.01972189793145i|0.929572774778235-0.684147264781571i|0.46014486245439+1.05850353285847i|-1.13435650387534+0.213068875326126i|0.0446912749091291-1.15332810312765i|1.0701579870237+2.20857133554408e-15i|0.044691274909127+1.15332810312765i|-1.13435650387534-0.213068875326127i|0.460144862454389-1.05850353285847i|1.11446701541037+0.300210418005938i|-0.540675757174382+1.01972189793145i|-0.873843666502418-0.754029356212759i|1.11446701541037-0.300210418005939i|0.248224606059008+2.28063984401128i|-3.26030587791166+2.61641354347804e-16i|0.248224606059008-2.28063984401128i
17,<aggregated>,base_arima,419.6836899623942,-5630.49522840926,11274.99045681852,11275.079275216616,11311.01234809252,NA,NA,NA,19.041779007249396,0.014637802917352172,,0.928644608098918+0.687345351856607i|-0.876755034341109+0.752412819287122i|-0.538451909913949-1.02220055839355i|0.928644608098918-0.687345351856607i|0.463469303325779+1.05831027857845i|-1.13490785257118+0.216352968646921i|0.0416122072912124-1.15459640787351i|1.07004962831374-1.60679588878267e-14i|0.0416122072912191+1.15459640787352i|-1.13490785257119-0.216352968646916i|0.463469303325773-1.05831027857845i|1.11638867811034+0.297490773398326i|-0.53845190991395+1.02220055839356i|-0.876755034341112-0.752412819287122i|1.11638867811033-0.297490773398319i|0.245315781148235+2.26792406925859i|-3.14375169651734+1.42562606574934e-16i|0.245315781148234-2.26792406925859i
17,CIP,base_ets,0.10838666322038404,-6231.950581147314,12475.901162294627,12475.967670608166,12506.781795371344,14.512339226093166,14.594944046299883,0.2591693843902327,16.593218567189634,0.0346348734892723,,
17,Non CIP,base_ets,0.012683329482405158,-8308.680095630776,16637.360191261552,16637.53493312017,16688.827913056077,386.3596875655235,408.03817589078074,0.0896964253065081,31.846279970354274,9.92345051330501e-5,,
17,<aggregated>,base_ets,0.01155293728556244,-8332.751637514612,16685.503275029223,16685.67801688784,16736.97099682375,401.28289013243085,425.9858647413894,0.08482480753500692,35.81579940930848,1.8977243802176247e-5,,
17,CIP,mint_arima,14.578181492929144,-3501.30821260959,7006.61642521918,7006.625903892166,7016.908394154609,NA,NA,NA,16.44400754345487,0.03644836520925032,,1.07274678280598+0i
17,Non CIP,mint_arima,403.595436581341,-5605.711265161752,11225.422530323503,11225.5113487216,11261.444421597504,NA,NA,NA,17.207000479502316,0.028024344173747107,,0.929572774778235+0.68414726478157i|-0.873843666502417+0.754029356212757i|-0.54067575717438-1.01972189793145i|0.929572774778235-0.684147264781571i|0.46014486245439+1.05850353285847i|-1.13435650387534+0.213068875326126i|0.0446912749091291-1.15332810312765i|1.0701579870237+2.20857133554408e-15i|0.044691274909127+1.15332810312765i|-1.13435650387534-0.213068875326127i|0.460144862454389-1.05850353285847i|1.11446701541037+0.300210418005938i|-0.540675757174382+1.01972189793145i|-0.873843666502418-0.754029356212759i|1.11446701541037-0.300210418005939i|0.248224606059008+2.28063984401128i|-3.26030587791166+2.61641354347804e-16i|0.248224606059008-2.28063984401128i
17,<aggregated>,mint_arima,419.6836899623942,-5630.49522840926,11274.99045681852,11275.079275216616,11311.01234809252,NA,NA,NA,19.041779007249396,0.014637802917352172,,0.928644608098918+0.687345351856607i|-0.876755034341109+0.752412819287122i|-0.538451909913949-1.02220055839355i|0.928644608098918-0.687345351856607i|0.463469303325779+1.05831027857845i|-1.13490785257118+0.216352968646921i|0.0416122072912124-1.15459640787351i|1.07004962831374-1.60679588878267e-14i|0.0416122072912191+1.15459640787352i|-1.13490785257119-0.216352968646916i|0.463469303325773-1.05831027857845i|1.11638867811034+0.297490773398326i|-0.53845190991395+1.02220055839356i|-0.876755034341112-0.752412819287122i|1.11638867811033-0.297490773398319i|0.245315781148235+2.26792406925859i|-3.14375169651734+1.42562606574934e-16i|0.245315781148234-2.26792406925859i
17,CIP,mint_ets,0.10838666322038404,-6231.950581147314,12475.901162294627,12475.967670608166,12506.781795371344,14.512339226093166,14.594944046299883,0.2591693843902327,16.593218567189634,0.0346348734892723,,
17,Non CIP,mint_ets,0.012683329482405158,-8308.680095630776,16637.360191261552,16637.53493312017,16688.827913056077,386.3596875655235,408.03817589078074,0.0896964253065081,31.846279970354274,9.92345051330501e-5,,
17,<aggregated>,mint_ets,0.01155293728556244,-8332.751637514612,16685.503275029223,16685.67801688784,16736.97099682375,401.28289013243085,425.9858647413894,0.08482480753500692,35.81579940930848,1.8977243802176247e-5,,
17,CIP,mint_weather,14.439757396493295,-3489.953786326076,7005.907572652152,7006.19761249279,7072.80537073244,NA,NA,NA,18.085024027443744,0.02059800391881228,1.46553378600324+0.705763874344063i|-1.01418084731359+1.27174255774839i|-1.01418084731359-1.27174255774839i|1.46553378600324-0.705763874344068i|0.361956953701641+1.58583703069173i|-1.62661978478258+2.53483341339802e-15i|0.361956953701635-1.58583703069173i|19.2623584003299-2.51699339746248e-16i,1.04237836342961+0i
17,Non CIP,mint_weather,375.05263712359783,-5555.134171877289,11140.268343754578,11140.651424361122,11217.458110770294,NA,NA,NA,4.082884945510319,0.8495688859607301,0.640088517399377+0.802645613412142i|-0.92495470681222+0.445434710347325i|-0.228444946945088-1.00088270893824i|0.640088517399377-0.802645613412142i|-0.228444946945088+1.00088270893824i|-0.924954706812221-0.445434710347325i|1.02662227271586-4.64124159560807e-17i|2.24622705048874-9.51804290400186e-18i|-3.6323683791603+5.59304588600826e-17i,0.652674360126868+0.818427761008477i|-0.94314177649641+0.454193141497714i|-0.232936782208471-1.02056272509372i|1.08972288072588+1.79887888960237e-15i|-0.232936782208471+1.02056272509372i|-0.94314177649641-0.454193141497714i|0.652674360126868-0.818427761008477i|1.04680839715603-1.83311355582845e-15i
17,<aggregated>,mint_weather,389.0047298262912,-5578.28435413326,11186.56870826652,11186.951788873064,11263.758475282237,NA,NA,NA,4.081229547595014,0.8497212424543281,0.64009231189529+0.802650371559519i|-0.924960190017683+0.445437350919905i|-0.228446301185-1.00088864225097i|0.64009231189529-0.802650371559519i|-0.228446301185+1.00088864225097i|-0.924960190017683-0.445437350919905i|1.02662835861479-7.71130854246435e-17i|2.2010127599736-5.80555090545723e-17i|-3.69946271345286-1.364779905187e-16i,0.652029018706102+0.817618528462586i|-0.942209231124305+0.453744051315622i|-0.23270646252202-1.01955362861433i|1.08829905884323-2.72317459565007e-16i|-0.23270646252202+1.01955362861433i|-0.942209231124305-0.453744051315622i|0.652029018706102-0.817618528462586i|1.04577334988044+4.95841336742449e-16i
18,CIP,arima_weather,37.154020476828,-4090.563630393655,8203.12726078731,8203.337284653659,8259.73308993217,NA,NA,NA,17.352406179964163,0.02664168208666151,,1.05005071775618+0i
18,Non CIP,arima_weather,882.2226378285638,-6097.15937277279,12226.31874554558,12226.753250337913,12308.65449702901,NA,NA,NA,16.98656280330493,0.030249304649563213,0.809642422113518+1.01525948501952i|-1.16996719799222+0.563426507390417i|-0.288958034922555-1.26600787030004i|0.809642422113518-1.01525948501952i|-0.288958034922555+1.26600787030004i|-1.48157707313453+2.03494830707165e-17i|-1.16996719799222-0.563426507390417i|1.29856562160252+1.02237713178629e-15i|0.329681914042157+1.4444308426475i|-0.923748195767088+1.15834359947941i|0.329681914042157-1.4444308426475i|1.33485481829219+0.642832200282456i|1.3348548182922-0.642832200282458i|-0.923748195767083-1.1583435994794i|5.29322176524651-5.82345537458378e-15i,1.10332687758198+4.3105930202245e-16i|-0.861334275374113+5.32456965684982i|-0.861334275374113-5.32456965684982i
18,<aggregated>,arima_weather,923.663523600587,-6126.793782319757,12283.587564639514,12283.970645246058,12360.77733165523,NA,NA,NA,17.11397232303793,0.028943935043096225,-1.06754051182302-2.58493941422821e-26i|3.99899859401968+2.58493941422821e-26i,1.2720363302679+0.612580410858089i|-1.0653304512688-4.99695122892295e-16i|1.10566144505885+1.37307631049823e-16i|0.314167028763786+1.37645568883499i|-1.41185381158549+3.89782587668015e-16i|-0.880276453238935-1.10383175854002i|1.2720363302679-0.61258041085809i|-0.880276453238935+1.10383175854002i|0.314167028763786-1.37645568883499i
18,CIP,base_arima,38.977434947300644,-4123.359060339279,8258.718120678557,8258.78468169282,8289.594027484844,NA,NA,NA,10.277878173455406,0.2460616720468386,-1.58363056781702+0i,0.959894213765768+0.751997813121483i|-0.946740214858245+0.768492406033175i|-0.538555180117251-1.09400910897916i|1.18641981819165-0.28161254865966i|0.519547100965406+1.10316291745097i|-1.191114426048+0.261044127727163i|0.0105486881006759-1.21933848366229i|1.05901358165426-3.46715733487758e-15i|0.01054868810068+1.21933848366229i|-1.19111442604799-0.261044127727158i|0.519547100965398-1.10316291745097i|1.18641981819163+0.281612548659659i|-0.538555180117264+1.09400910897915i|-0.946740214858237-0.768492406033153i|0.95989421376577-0.751997813121473i|-1.46054912089471-2.21604472525483e-14i
18,Non CIP,base_arima,991.4499082784876,-6176.474892991539,12364.949785983077,12365.01634699734,12395.825692789364,NA,NA,NA,74.08509272320117,7.519540545786185e-13,,0.948402816343209+0.687267610746873i|-0.881075857315129+0.771692947023527i|-0.556287171030963-1.03070328134522i|0.948402816343209-0.687267610746873i|0.458996896396152+1.07755580826616i|-1.15267565248144+0.207710161055999i|0.0539920290816002-1.16999552632695i|1.0662902622647-2.94784009854386e-14i|0.053992029081615+1.16999552632696i|-1.15267565248145-0.207710161055987i|0.458996896396143-1.07755580826617i|1.12864693900659+0.312986833429974i|-0.556287171030959+1.03070328134523i|-0.881075857315134-0.771692947023525i|1.12864693900657-0.312986833429962i|-1.41886991818075+2.60565190068361i|-1.41886991818075-2.60565190068361i
18,<aggregated>,base_arima,1046.9053752890752,-6211.030751798056,12434.061503596113,12434.128064610375,12464.9374104024,NA,NA,NA,71.57889850786559,2.3814283878209608e-12,,0.940746939712461+0.685015214109455i|-0.877176340145877+0.764730224607389i|-0.550366742805176-1.02535218171797i|0.940746939712461-0.685015214109455i|0.458504564863148+1.06959067504323i|-1.14480066770562+0.209002582186281i|0.0509796626801862-1.16260557461797i|1.06386642242544+7.46158187682514e-15i|0.0509796626801846+1.16260557461797i|-1.14480066770562-0.209002582186283i|0.458504564863152-1.06959067504323i|1.12211258340089+0.308405574387323i|-0.550366742805171+1.02535218171797i|-0.877176340145876-0.764730224607384i|1.12211258340089-0.308405574387327i|-1.4533635054599+2.61242071950298i|-1.4533635054599-2.61242071950298i
18,CIP,base_ets,38.27632050363413,-6848.152278607772,13716.304557215544,13716.479299074163,13767.77227901007,38.005070988254076,38.2045641389085,4.915702893833001,17.53463420676506,0.02499922973115165,,
18,Non CIP,base_ets,0.007520541039961969,-8854.00906458395,17728.0181291679,17728.192871026517,17779.485850962425,897.534047730068,961.274851482849,0.06793235335431154,50.18261090361475,3.7694590671044637e-8,,
18,<aggregated>,base_ets,0.006713422896412295,-8882.23135665608,17790.46271331216,17790.75252222936,17857.370751645045,943.3537292229631,1013.4131404477312,0.06388204685183078,48.42519242943644,8.192250977590021e-8,,
18,CIP,mint_arima,38.977434947300644,-4123.359060339279,8258.718120678557,8258.78468169282,8289.594027484844,NA,NA,NA,10.277878173455406,0.2460616720468386,-1.58363056781702+0i,0.959894213765768+0.751997813121483i|-0.946740214858245+0.768492406033175i|-0.538555180117251-1.09400910897916i|1.18641981819165-0.28161254865966i|0.519547100965406+1.10316291745097i|-1.191114426048+0.261044127727163i|0.0105486881006759-1.21933848366229i|1.05901358165426-3.46715733487758e-15i|0.01054868810068+1.21933848366229i|-1.19111442604799-0.261044127727158i|0.519547100965398-1.10316291745097i|1.18641981819163+0.281612548659659i|-0.538555180117264+1.09400910897915i|-0.946740214858237-0.768492406033153i|0.95989421376577-0.751997813121473i|-1.46054912089471-2.21604472525483e-14i
18,Non CIP,mint_arima,991.4499082784876,-6176.474892991539,12364.949785983077,12365.01634699734,12395.825692789364,NA,NA,NA,74.08509272320117,7.519540545786185e-13,,0.948402816343209+0.687267610746873i|-0.881075857315129+0.771692947023527i|-0.556287171030963-1.03070328134522i|0.948402816343209-0.687267610746873i|0.458996896396152+1.07755580826616i|-1.15267565248144+0.207710161055999i|0.0539920290816002-1.16999552632695i|1.0662902622647-2.94784009854386e-14i|0.053992029081615+1.16999552632696i|-1.15267565248145-0.207710161055987i|0.458996896396143-1.07755580826617i|1.12864693900659+0.312986833429974i|-0.556287171030959+1.03070328134523i|-0.881075857315134-0.771692947023525i|1.12864693900657-0.312986833429962i|-1.41886991818075+2.60565190068361i|-1.41886991818075-2.60565190068361i
18,<aggregated>,mint_arima,1046.9053752890752,-6211.030751798056,12434.061503596113,12434.128064610375,12464.9374104024,NA,NA,NA,71.57889850786559,2.3814283878209608e-12,,0.940746939712461+0.685015214109455i|-0.877176340145877+0.764730224607389i|-0.550366742805176-1.02535218171797i|0.940746939712461-0.685015214109455i|0.458504564863148+1.06959067504323i|-1.14480066770562+0.209002582186281i|0.0509796626801862-1.16260557461797i|1.06386642242544+7.46158187682514e-15i|0.0509796626801846+1.16260557461797i|-1.14480066770562-0.209002582186283i|0.458504564863152-1.06959067504323i|1.12211258340089+0.308405574387323i|-0.550366742805171+1.02535218171797i|-0.877176340145876-0.764730224607384i|1.12211258340089-0.308405574387327i|-1.4533635054599+2.61242071950298i|-1.4533635054599-2.61242071950298i
18,CIP,mint_ets,38.27632050363413,-6848.152278607772,13716.304557215544,13716.479299074163,13767.77227901007,38.005070988254076,38.2045641389085,4.915702893833001,17.53463420676506,0.02499922973115165,,
18,Non CIP,mint_ets,0.007520541039961969,-8854.00906458395,17728.0181291679,17728.192871026517,17779.485850962425,897.534047730068,961.274851482849,0.06793235335431154,50.18261090361475,3.7694590671044637e-8,,
18,<aggregated>,mint_ets,0.006713422896412295,-8882.23135665608,17790.46271331216,17790.75252222936,17857.370751645045,943.3537292229631,1013.4131404477312,0.06388204685183078,48.42519242943644,8.192250977590021e-8,,
18,CIP,mint_weather,37.154020476828,-4090.563630393655,8203.12726078731,8203.337284653659,8259.73308993217,NA,NA,NA,17.352406179964163,0.02664168208666151,,1.05005071775618+0i
18,Non CIP,mint_weather,882.2226378285638,-6097.15937277279,12226.31874554558,12226.753250337913,12308.65449702901,NA,NA,NA,16.98656280330493,0.030249304649563213,0.809642422113518+1.01525948501952i|-1.16996719799222+0.563426507390417i|-0.288958034922555-1.26600787030004i|0.809642422113518-1.01525948501952i|-0.288958034922555+1.26600787030004i|-1.48157707313453+2.03494830707165e-17i|-1.16996719799222-0.563426507390417i|1.29856562160252+1.02237713178629e-15i|0.329681914042157+1.4444308426475i|-0.923748195767088+1.15834359947941i|0.329681914042157-1.4444308426475i|1.33485481829219+0.642832200282456i|1.3348548182922-0.642832200282458i|-0.923748195767083-1.1583435994794i|5.29322176524651-5.82345537458378e-15i,1.10332687758198+4.3105930202245e-16i|-0.861334275374113+5.32456965684982i|-0.861334275374113-5.32456965684982i
18,<aggregated>,mint_weather,923.663523600587,-6126.793782319757,12283.587564639514,12283.970645246058,12360.77733165523,NA,NA,NA,17.11397232303793,0.028943935043096225,-1.06754051182302-2.58493941422821e-26i|3.99899859401968+2.58493941422821e-26i,1.2720363302679+0.612580410858089i|-1.0653304512688-4.99695122892295e-16i|1.10566144505885+1.37307631049823e-16i|0.314167028763786+1.37645568883499i|-1.41185381158549+3.89782587668015e-16i|-0.880276453238935-1.10383175854002i|1.2720363302679-0.61258041085809i|-0.880276453238935+1.10383175854002i|0.314167028763786-1.37645568883499i
19,CIP,arima_weather,25.162407251189503,-3842.1779281950585,7710.355856390117,7710.645896230754,7777.253654470404,NA,NA,NA,8.237808463911689,0.4105919378211246,1.30507304113837+0.628490052302194i|-0.903138566513341+1.13249994182128i|-0.903138566513337-1.13249994182128i|1.30507304113837-0.628490052302191i|0.322326422522702+1.41220432866235i|-1.44852179429547-2.13448086889801e-15i|0.322326422522706-1.41220432866235i|-23.3774413551955+5.42628336911781e-16i,1.07789814033658+0i
19,Non CIP,arima_weather,893.9221855473775,-6106.127662496758,12242.255324993515,12242.638405600059,12319.445092009231,NA,NA,NA,11.237037107031043,0.18862667488912865,,0.938846069358956+0.72350054747063i|-0.914273782402918+0.754313220719169i|-0.531955957454817-1.05920151221068i|0.938846069358956-0.72350054747063i|0.496447974012981+1.07630125580131i|-1.15978620303513+0.24450142615211i|0.0197054441650706-1.18511462720335i|1.08357977695035-4.16581122165575e-15i|0.0197054441650707+1.18511462720335i|-1.15978620303513-0.244501426152109i|0.496447974012979-1.07630125580131i|1.15101645535586+0.282924201229053i|-0.53195595745482+1.05920151221068i|-0.914273782402918-0.754313220719171i|1.15101645535586-0.28292420122905i|-0.897961413021323+2.58974502336111i|-0.897961413021323-2.58974502336111i
19,<aggregated>,arima_weather,918.1582196064868,-6123.1071457017115,12276.214291403423,12276.597372009966,12353.404058419139,NA,NA,NA,11.183558711323604,0.19151386178183671,,0.933297737761584+0.719728391043497i|-0.909361581884042+0.749743381150046i|-0.528593760751927-1.05339558584564i|0.933297737761585-0.719728391043497i|0.494005013351998+1.0700526486898i|-1.15315065166196+0.243510161505736i|0.0191953066483061-1.17842486582201i|1.08469163633148-5.21681625263857e-15i|0.0191953066483076+1.17842486582202i|-1.15315065166196-0.243510161505734i|0.494005013351996-1.0700526486898i|1.14460793653604+0.280938241974388i|-0.528593760751929+1.05339558584564i|-0.909361581884044-0.749743381150047i|1.14460793653604-0.280938241974385i|-0.831999290651504+2.5626584190625i|-0.831999290651504-2.5626584190625i
19,CIP,base_arima,26.64091420714775,-3883.8703136451036,7771.740627290207,7771.750105963193,7782.032596225636,NA,NA,NA,8.948150994403603,0.34668876305250185,,1.07146732763259+0i
19,Non CIP,base_arima,971.1448470578789,-6163.469529693715,12338.93905938743,12339.005620401693,12369.814966193717,NA,NA,NA,33.43832965257792,5.133601040185898e-5,,0.911692101169201+0.687161375989201i|-0.872803383457906+0.735926285581726i|-0.523258053074632-1.01467938477049i|0.911692101169201-0.687161375989201i|0.467062227792376+1.04174186790937i|-1.11955434745735+0.223542629212023i|0.0311863302297486-1.14122769717199i|1.05057510637434-3.40574962867654e-15i|0.0311863302297507+1.14122769717199i|-1.11955434745735-0.223542629212022i|0.467062227792375-1.04174186790937i|1.10567512479857+0.284351476851029i|-0.523258053074632+1.0146793847705i|-0.872803383457907-0.735926285581726i|1.10567512479856-0.284351476851027i|-0.906318434619307+2.30205227245809i|-0.906318434619306-2.30205227245809i
19,<aggregated>,base_arima,1006.6718170421088,-6186.280734905558,12384.561469811117,12384.628030825379,12415.437376617403,NA,NA,NA,36.295562492044326,1.5501892198011014e-5,,0.907758515302471+0.68470889766956i|-0.869537088689205+0.732637050691481i|-0.520778105132918-1.0107630592113i|0.907758515302471-0.68470889766956i|0.465546543425399+1.03736117748674i|-1.11494621858878+0.223039741540818i|0.030651204317473-1.13662320068081i|1.05134665293592-3.57011023999456e-15i|0.0306512043174745+1.13662320068082i|-1.11494621858878-0.223039741540817i|0.465546543425398-1.03736117748674i|1.10130514936556+0.282805170803004i|-0.520778105132918+1.0107630592113i|-0.869537088689205-0.732637050691481i|1.10130514936556-0.282805170803002i|-0.876274421157338+2.30330414309112i|-0.876274421157338-2.30330414309112i
19,CIP,base_ets,0.06373299090450539,-6604.119327371347,13228.238654742694,13228.413396601312,13279.70637653722,25.985518509964802,26.12037668540613,0.2013740232059859,13.889218089961378,0.0846989957191453,,
19,Non CIP,base_ets,0.012229815873954039,-8856.176162332553,17732.352324665106,17732.527066523722,17783.82004645963,904.0075677942642,965.9324455804746,0.08618907866275953,44.42366575355269,4.7313069828636145e-7,,
19,<aggregated>,base_ets,0.01088018652271537,-8873.652068986295,17767.30413797259,17767.478879831207,17818.77185976712,929.2771027456188,989.5930705847064,0.0807421107081803,44.375317954006604,4.832004825150449e-7,,
19,CIP,mint_arima,26.64091420714775,-3883.8703136451036,7771.740627290207,7771.750105963193,7782.032596225636,NA,NA,NA,8.948150994403603,0.34668876305250185,,1.07146732763259+0i
19,Non CIP,mint_arima,971.1448470578789,-6163.469529693715,12338.93905938743,12339.005620401693,12369.814966193717,NA,NA,NA,33.43832965257792,5.133601040185898e-5,,0.911692101169201+0.687161375989201i|-0.872803383457906+0.735926285581726i|-0.523258053074632-1.01467938477049i|0.911692101169201-0.687161375989201i|0.467062227792376+1.04174186790937i|-1.11955434745735+0.223542629212023i|0.0311863302297486-1.14122769717199i|1.05057510637434-3.40574962867654e-15i|0.0311863302297507+1.14122769717199i|-1.11955434745735-0.223542629212022i|0.467062227792375-1.04174186790937i|1.10567512479857+0.284351476851029i|-0.523258053074632+1.0146793847705i|-0.872803383457907-0.735926285581726i|1.10567512479856-0.284351476851027i|-0.906318434619307+2.30205227245809i|-0.906318434619306-2.30205227245809i
19,<aggregated>,mint_arima,1006.6718170421088,-6186.280734905558,12384.561469811117,12384.628030825379,12415.437376617403,NA,NA,NA,36.295562492044326,1.5501892198011014e-5,,0.907758515302471+0.68470889766956i|-0.869537088689205+0.732637050691481i|-0.520778105132918-1.0107630592113i|0.907758515302471-0.68470889766956i|0.465546543425399+1.03736117748674i|-1.11494621858878+0.223039741540818i|0.030651204317473-1.13662320068081i|1.05134665293592-3.57011023999456e-15i|0.0306512043174745+1.13662320068082i|-1.11494621858878-0.223039741540817i|0.465546543425398-1.03736117748674i|1.10130514936556+0.282805170803004i|-0.520778105132918+1.0107630592113i|-0.869537088689205-0.732637050691481i|1.10130514936556-0.282805170803002i|-0.876274421157338+2.30330414309112i|-0.876274421157338-2.30330414309112i
19,CIP,mint_ets,0.06373299090450539,-6604.119327371347,13228.238654742694,13228.413396601312,13279.70637653722,25.985518509964802,26.12037668540613,0.2013740232059859,13.889218089961378,0.0846989957191453,,
19,Non CIP,mint_ets,0.012229815873954039,-8856.176162332553,17732.352324665106,17732.527066523722,17783.82004645963,904.0075677942642,965.9324455804746,0.08618907866275953,44.42366575355269,4.7313069828636145e-7,,
19,<aggregated>,mint_ets,0.01088018652271537,-8873.652068986295,17767.30413797259,17767.478879831207,17818.77185976712,929.2771027456188,989.5930705847064,0.0807421107081803,44.375317954006604,4.832004825150449e-7,,
19,CIP,mint_weather,25.162407251189503,-3842.1779281950585,7710.355856390117,7710.645896230754,7777.253654470404,NA,NA,NA,8.237808463911689,0.4105919378211246,1.30507304113837+0.628490052302194i|-0.903138566513341+1.13249994182128i|-0.903138566513337-1.13249994182128i|1.30507304113837-0.628490052302191i|0.322326422522702+1.41220432866235i|-1.44852179429547-2.13448086889801e-15i|0.322326422522706-1.41220432866235i|-23.3774413551955+5.42628336911781e-16i,1.07789814033658+0i
19,Non CIP,mint_weather,893.9221855473775,-6106.127662496758,12242.255324993515,12242.638405600059,12319.445092009231,NA,NA,NA,11.237037107031043,0.18862667488912865,,0.938846069358956+0.72350054747063i|-0.914273782402918+0.754313220719169i|-0.531955957454817-1.05920151221068i|0.938846069358956-0.72350054747063i|0.496447974012981+1.07630125580131i|-1.15978620303513+0.24450142615211i|0.0197054441650706-1.18511462720335i|1.08357977695035-4.16581122165575e-15i|0.0197054441650707+1.18511462720335i|-1.15978620303513-0.244501426152109i|0.496447974012979-1.07630125580131i|1.15101645535586+0.282924201229053i|-0.53195595745482+1.05920151221068i|-0.914273782402918-0.754313220719171i|1.15101645535586-0.28292420122905i|-0.897961413021323+2.58974502336111i|-0.897961413021323-2.58974502336111i
19,<aggregated>,mint_weather,918.1582196064868,-6123.1071457017115,12276.214291403423,12276.597372009966,12353.404058419139,NA,NA,NA,11.183558711323604,0.19151386178183671,,0.933297737761584+0.719728391043497i|-0.909361581884042+0.749743381150046i|-0.528593760751927-1.05339558584564i|0.933297737761585-0.719728391043497i|0.494005013351998+1.0700526486898i|-1.15315065166196+0.243510161505736i|0.0191953066483061-1.17842486582201i|1.08469163633148-5.21681625263857e-15i|0.0191953066483076+1.17842486582202i|-1.15315065166196-0.243510161505734i|0.494005013351996-1.0700526486898i|1.14460793653604+0.280938241974388i|-0.528593760751929+1.05339558584564i|-0.909361581884044-0.749743381150047i|1.14460793653604-0.280938241974385i|-0.831999290651504+2.5626584190625i|-0.831999290651504-2.5626584190625i
20,CIP,arima_weather,12.12925892557263,-3379.881429297768,6783.762858595536,6784.011266238848,6845.514672208109,NA,NA,NA,7.4351081151608085,0.4904954772076834,9.80498307815553+0i,1.0318678666835+0i
20,Non CIP,arima_weather,384.0656236772835,-5570.043151156615,11170.08630231323,11170.469382919773,11247.276069328946,NA,NA,NA,6.460811246371698,0.5957576778229414,0.649766287353488+0.814781153091621i|-0.938939489583938+0.45216942677972i|-0.231898903052122-1.01601547939865i|0.649766287353488-0.814781153091621i|-0.231898903052122+1.01601547939865i|-0.938939489583938-0.45216942677972i|1.04214421056514-2.57369292385656e-16i|3.72960756838637+9.91447829596422e-17i|-15.4167548146915-1.08099975700999e-16i,0.662091871726168+0.830236947033477i|-0.95675047504895+0.46074674531562i|-0.236297853184088-1.0352885392034i|0.662091871726168-0.830236947033477i|-0.236297853184088+1.0352885392034i|-0.95675047504895-0.46074674531562i|1.06191291301374-1.7214309649102e-15i|1.12033112216723+1.81613074012926e-15i
20,<aggregated>,arima_weather,401.4102173108102,-5597.685282411841,11227.370564823683,11227.805069616015,11309.706316307113,NA,NA,NA,4.791200636860981,0.7796419997020582,0.644698299793174+0.808426097699218i|-0.931616035373227+0.448642637109842i|-0.230090159233315-1.00809085494384i|0.644698299793182-0.808426097699222i|-0.230090159233317+1.00809085494383i|-0.931616035373227-0.448642637109845i|1.03401578962667+1.05668308537509e-13i|1.07435780497311-9.46277681425208e-14i|6.80819600957498-7.63531025291322e-18i,0.657478346036229+0.824451768801506i|-0.950083737268298+0.457536213610208i|-0.234651304928918-1.02807453994427i|1.05451339232244+1.96166495571744e-12i|-0.234651304928935+1.02807453994426i|-0.950083737268292-0.45753621361022i|0.657478346036256-0.824451768801479i|1.01797409944867-1.76550851575689e-12i|1.25865629105076-2.06766829871903e-13i
20,CIP,base_arima,12.749821416924666,-3414.845634975596,6839.691269951192,6839.738775889435,6865.421192289764,NA,NA,NA,6.225648207224289,0.6219721086809384,-2.49217388600129+0i,1.05358166115722-6.46234853557053e-27i|-0.992316712871058+1.24432580034014i|-0.992316712871058-1.24432580034014i|1.43393919632811-0.690548721864887i|0.354153734464062+1.55164889340356i|-1.59155243584222-7.85497020075812e-15i|0.354153734464058-1.55164889340356i|1.43393919632811+0.690548721864882i|-2.07029379744049+7.92797221785402e-15i
20,Non CIP,base_arima,406.78684508625076,-5611.625684777624,11233.251369555248,11233.29887549349,11258.98129189382,NA,NA,NA,12.975456088207075,0.11269688467424333,0.712462298442939+0.893399464327454i|-1.02953785055931+0.495799297931022i|-0.764981203859781-0.959256088697633i|1.10542986774359-0.532346967177076i|0.273018630672764+1.19617277734774i|-1.22693458911314+1.4426712217568e-17i|-0.254274850343271-1.11405090998845i|1.14270080491928-1.09540206563057e-16i|-0.254274850343271+1.11405090998845i|-1.02953785055931-0.495799297931022i|0.273018630672762-1.19617277734774i|1.10542986774359+0.532346967177076i|-0.764981203859799+0.959256088697629i|0.712462298442958-0.893399464327449i,1.11109520812953+4.34744064749595e-15i|-4.42697643396639-4.34744064749595e-15i
20,<aggregated>,base_arima,428.7508995714913,-5644.058856843176,11302.117713686352,11302.206532084449,11338.139604960352,NA,NA,NA,13.323184099777047,0.10120308925441268,0.702408451794792+0.880792339389734i|-1.01500962121916+0.488802871424593i|-0.756886304974365-0.949105406557931i|1.09373239993764-0.526713763577415i|0.270129594709554+1.18351508375571i|-1.21395137934567+3.80816871826958e-17i|-0.250686674018125-1.09833008232959i|1.12657568688499+3.32084560926969e-17i|-0.250686674018125+1.09833008232959i|-1.01500962121916-0.488802871424592i|0.270129594709554-1.18351508375572i|1.09373239993764+0.526713763577414i|-0.756886304974387+0.949105406557931i|0.702408451794814-0.880792339389733i,1.07531012266179-1.32348898008484e-22i|-2.47296086206928+6.0746076234363e-23i|0.525646380412701-2.65656888249656i|0.525646380412701+2.65656888249656i
20,CIP,base_ets,12.396691320555554,-6132.252114429375,12284.50422885875,12284.678970717368,12335.971950653277,12.308840752142164,12.405106605614431,2.7947445159273947,14.743139510033979,0.06433664095692082,,
20,Non CIP,base_ets,0.015101651184547545,-8324.116199570457,16668.232399140914,16668.40714099953,16719.700120935442,395.5875235561538,418.87597809308465,0.09722011840770149,35.67860486353423,2.010559327281225e-5,,
20,<aggregated>,base_ets,0.014133361059739452,-8357.334962443863,16734.669924887727,16734.844666746343,16786.137646682255,416.79146208746056,441.85407641970636,0.09379236365817942,37.703750096392355,8.538698691995528e-6,,
20,CIP,mint_arima,12.749821416924666,-3414.845634975596,6839.691269951192,6839.738775889435,6865.421192289764,NA,NA,NA,6.225648207224289,0.6219721086809384,-2.49217388600129+0i,1.05358166115722-6.46234853557053e-27i|-0.992316712871058+1.24432580034014i|-0.992316712871058-1.24432580034014i|1.43393919632811-0.690548721864887i|0.354153734464062+1.55164889340356i|-1.59155243584222-7.85497020075812e-15i|0.354153734464058-1.55164889340356i|1.43393919632811+0.690548721864882i|-2.07029379744049+7.92797221785402e-15i
20,Non CIP,mint_arima,406.78684508625076,-5611.625684777624,11233.251369555248,11233.29887549349,11258.98129189382,NA,NA,NA,12.975456088207075,0.11269688467424333,0.712462298442939+0.893399464327454i|-1.02953785055931+0.495799297931022i|-0.764981203859781-0.959256088697633i|1.10542986774359-0.532346967177076i|0.273018630672764+1.19617277734774i|-1.22693458911314+1.4426712217568e-17i|-0.254274850343271-1.11405090998845i|1.14270080491928-1.09540206563057e-16i|-0.254274850343271+1.11405090998845i|-1.02953785055931-0.495799297931022i|0.273018630672762-1.19617277734774i|1.10542986774359+0.532346967177076i|-0.764981203859799+0.959256088697629i|0.712462298442958-0.893399464327449i,1.11109520812953+4.34744064749595e-15i|-4.42697643396639-4.34744064749595e-15i
20,<aggregated>,mint_arima,428.7508995714913,-5644.058856843176,11302.117713686352,11302.206532084449,11338.139604960352,NA,NA,NA,13.323184099777047,0.10120308925441268,0.702408451794792+0.880792339389734i|-1.01500962121916+0.488802871424593i|-0.756886304974365-0.949105406557931i|1.09373239993764-0.526713763577415i|0.270129594709554+1.18351508375571i|-1.21395137934567+3.80816871826958e-17i|-0.250686674018125-1.09833008232959i|1.12657568688499+3.32084560926969e-17i|-0.250686674018125+1.09833008232959i|-1.01500962121916-0.488802871424592i|0.270129594709554-1.18351508375572i|1.09373239993764+0.526713763577414i|-0.756886304974387+0.949105406557931i|0.702408451794814-0.880792339389733i,1.07531012266179-1.32348898008484e-22i|-2.47296086206928+6.0746076234363e-23i|0.525646380412701-2.65656888249656i|0.525646380412701+2.65656888249656i
20,CIP,mint_ets,12.396691320555554,-6132.252114429375,12284.50422885875,12284.678970717368,12335.971950653277,12.308840752142164,12.405106605614431,2.7947445159273947,14.743139510033979,0.06433664095692082,,
20,Non CIP,mint_ets,0.015101651184547545,-8324.116199570457,16668.232399140914,16668.40714099953,16719.700120935442,395.5875235561538,418.87597809308465,0.09722011840770149,35.67860486353423,2.010559327281225e-5,,
20,<aggregated>,mint_ets,0.014133361059739452,-8357.334962443863,16734.669924887727,16734.844666746343,16786.137646682255,416.79146208746056,441.85407641970636,0.09379236365817942,37.703750096392355,8.538698691995528e-6,,
20,CIP,mint_weather,12.12925892557263,-3379.881429297768,6783.762858595536,6784.011266238848,6845.514672208109,NA,NA,NA,7.4351081151608085,0.4904954772076834,9.80498307815553+0i,1.0318678666835+0i
20,Non CIP,mint_weather,384.0656236772835,-5570.043151156615,11170.08630231323,11170.469382919773,11247.276069328946,NA,NA,NA,6.460811246371698,0.5957576778229414,0.649766287353488+0.814781153091621i|-0.938939489583938+0.45216942677972i|-0.231898903052122-1.01601547939865i|0.649766287353488-0.814781153091621i|-0.231898903052122+1.01601547939865i|-0.938939489583938-0.45216942677972i|1.04214421056514-2.57369292385656e-16i|3.72960756838637+9.91447829596422e-17i|-15.4167548146915-1.08099975700999e-16i,0.662091871726168+0.830236947033477i|-0.95675047504895+0.46074674531562i|-0.236297853184088-1.0352885392034i|0.662091871726168-0.830236947033477i|-0.236297853184088+1.0352885392034i|-0.95675047504895-0.46074674531562i|1.06191291301374-1.7214309649102e-15i|1.12033112216723+1.81613074012926e-15i
20,<aggregated>,mint_weather,401.4102173108102,-5597.685282411841,11227.370564823683,11227.805069616015,11309.706316307113,NA,NA,NA,4.791200636860981,0.7796419997020582,0.644698299793174+0.808426097699218i|-0.931616035373227+0.448642637109842i|-0.230090159233315-1.00809085494384i|0.644698299793182-0.808426097699222i|-0.230090159233317+1.00809085494383i|-0.931616035373227-0.448642637109845i|1.03401578962667+1.05668308537509e-13i|1.07435780497311-9.46277681425208e-14i|6.80819600957498-7.63531025291322e-18i,0.657478346036229+0.824451768801506i|-0.950083737268298+0.457536213610208i|-0.234651304928918-1.02807453994427i|1.05451339232244+1.96166495571744e-12i|-0.234651304928935+1.02807453994426i|-0.950083737268292-0.45753621361022i|0.657478346036256-0.824451768801479i|1.01797409944867-1.76550851575689e-12i|1.25865629105076-2.06766829871903e-13i
23,CIP,arima_weather,21.878222293228003,-3754.486491219808,7530.972982439616,7531.183006305965,7587.578811584474,NA,NA,NA,20.585528098989577,0.00833385623534133,,1.05679740900522+0i
23,Non CIP,arima_weather,721.4901627667789,-5969.709460180518,11971.418920361037,11971.85342515337,12053.754671844466,NA,NA,NA,14.366748685199674,0.07269302765303098,0.632753256624184+0.793447487333633i|-0.914354947880002+0.440330135480095i|-0.225827022684511-0.989412833325916i|0.632753256624181-0.793447487333644i|-0.225827022684507+0.98941283332592i|-0.914354947880017-0.4403301354801i|-1.25660045117599+9.73621505722498e-15i|1.01485742788068+3.18844891666928e-15i|2.6738681488671-4.13202263278853e-16i,0.640997614770723+0.803785585458884i|-0.926268390575825+0.446067347105015i|-0.228769400040431-1.00230423082932i|0.640997614770718-0.803785585458877i|-0.228769400040433+1.00230423082933i|-0.926268390575818-0.446067347105016i|1.02808035169107-4.63928260698646e-14i|1.11351433070231+3.78464709335339e-14i|-1.31712855819451-1.63324807036206e-15i
23,<aggregated>,arima_weather,747.597598399825,-5992.300461113849,12016.600922227699,12017.035427020031,12098.936673711129,NA,NA,NA,15.984061993308245,0.042608802756552655,0.632007811730486+0.792512729003014i|-0.913277748798369+0.439811383742986i|-0.225560976482214-0.988247208753236i|0.632007811730479-0.792512729003032i|-0.2255609764822+0.988247208753236i|-0.913277748798403-0.439811383742987i|-1.22891887527778+1.62536802847537e-14i|1.01366182710023+5.07852566181747e-15i|2.81553208496772-3.11529743966014e-15i,0.640107991698058+0.802670033410292i|-0.924982847989164+0.445448262423882i|-0.228451897241811-1.00091316017785i|0.640107991698058-0.802670033410282i|-0.228451897241819+1.00091316017785i|-0.924982847989156-0.445448262423888i|1.02665350706581-3.85147620280176e-14i|1.11882712401126+3.32772710879701e-14i|-1.27835306866468-2.20735828964865e-15i
23,CIP,base_arima,22.785559114278243,-3784.2272737057833,7574.454547411567,7574.473519743582,7589.89250081471,NA,NA,NA,14.585539833952614,0.06772339514359749,,1.06163738051309-2.25665459016307e-18i|-0.954696694179627+1.19715178899895i|-0.954696694179627-1.19715178899895i|1.37957669424734-0.664369120647912i|0.34072730524306+1.49282386343557i|-1.53121461062155-8.65017241728572e-16i|0.340727305243063-1.49282386343557i|1.37957669424734+0.664369120647913i
23,Non CIP,base_arima,756.0829792710816,-6004.440503284464,12020.881006568929,12020.94756758319,12051.756913375215,NA,NA,NA,24.668380774939784,0.0017689056194192254,0.697931369619404+0.875178255913341i|-1.00854005002964+0.485687290145151i|-0.74864937101057-0.938776618063386i|1.08182968549673-0.520981718407757i|0.267189867013774+1.1706352951719i|-1.20074036299987+7.09107979212758e-17i|-0.249088821889516-1.09132943474096i|1.11939500459951+2.29838683486033e-16i|-0.249088821889515+1.09132943474096i|-1.00854005002964-0.485687290145151i|0.697931369619403-0.875178255913341i|1.08182968549673+0.520981718407756i|-0.74864937101057+0.938776618063386i|0.267189867013774-1.1706352951719i|1.77423726649443-1.17087493683696e-15i,1.05126629139616+1.21731340014652e-17i|5.54777385794771-1.21731340014652e-17i
23,<aggregated>,base_arima,790.3770639615368,-6032.606827601547,12077.213655203093,12077.280216217356,12108.08956200938,NA,NA,NA,25.88873147312643,0.001097344890127805,0.696220608710078+0.873033029585823i|-1.00606792888968+0.484496779349527i|-0.749300135257363-0.939592650618033i|1.08277006707949-0.521434582310006i|0.267422122084427+1.17165287112352i|-1.2017841078131-1.34630423084211e-17i|-0.248478258390025-1.08865438126519i|1.11665115713925+4.58195212756375e-17i|-0.248478258390026+1.08865438126519i|-1.00606792888968-0.484496779349527i|0.69622060871008-0.873033029585823i|1.08277006707949+0.521434582310005i|-0.749300135257363+0.939592650618033i|0.267422122084425-1.17165287112352i|1.7424559600853+1.89535206155168e-16i,1.04971893884084+1.87716053638709e-16i|4.97983117732024-1.87716053638709e-16i
23,CIP,base_ets,0.10106908018186432,-6512.002936337369,13044.005872674737,13044.180614533356,13095.473594469264,22.523429333160603,22.629156127629216,0.2537458615714518,27.6065861928867,5.551354696533561e-4,,
23,Non CIP,base_ets,0.013747904363580265,-8749.775893569158,17519.551787138316,17519.726528996933,17571.01950893284,769.2531849588747,873.5886517324107,0.09139348627738393,83.4735433002895,9.769962616701378e-15,,
23,<aggregated>,base_ets,0.012561971420139399,-8771.507321198766,17563.01464239753,17563.189384256148,17614.48236419206,796.2781088253262,901.9281934311256,0.08742208749716748,77.00723923565256,1.9528823003156504e-13,,
23,CIP,mint_arima,22.785559114278243,-3784.2272737057833,7574.454547411567,7574.473519743582,7589.89250081471,NA,NA,NA,14.585539833952614,0.06772339514359749,,1.06163738051309-2.25665459016307e-18i|-0.954696694179627+1.19715178899895i|-0.954696694179627-1.19715178899895i|1.37957669424734-0.664369120647912i|0.34072730524306+1.49282386343557i|-1.53121461062155-8.65017241728572e-16i|0.340727305243063-1.49282386343557i|1.37957669424734+0.664369120647913i
23,Non CIP,mint_arima,756.0829792710816,-6004.440503284464,12020.881006568929,12020.94756758319,12051.756913375215,NA,NA,NA,24.668380774939784,0.0017689056194192254,0.697931369619404+0.875178255913341i|-1.00854005002964+0.485687290145151i|-0.74864937101057-0.938776618063386i|1.08182968549673-0.520981718407757i|0.267189867013774+1.1706352951719i|-1.20074036299987+7.09107979212758e-17i|-0.249088821889516-1.09132943474096i|1.11939500459951+2.29838683486033e-16i|-0.249088821889515+1.09132943474096i|-1.00854005002964-0.485687290145151i|0.697931369619403-0.875178255913341i|1.08182968549673+0.520981718407756i|-0.74864937101057+0.938776618063386i|0.267189867013774-1.1706352951719i|1.77423726649443-1.17087493683696e-15i,1.05126629139616+1.21731340014652e-17i|5.54777385794771-1.21731340014652e-17i
23,<aggregated>,mint_arima,790.3770639615368,-6032.606827601547,12077.213655203093,12077.280216217356,12108.08956200938,NA,NA,NA,25.88873147312643,0.001097344890127805,0.696220608710078+0.873033029585823i|-1.00606792888968+0.484496779349527i|-0.749300135257363-0.939592650618033i|1.08277006707949-0.521434582310006i|0.267422122084427+1.17165287112352i|-1.2017841078131-1.34630423084211e-17i|-0.248478258390025-1.08865438126519i|1.11665115713925+4.58195212756375e-17i|-0.248478258390026+1.08865438126519i|-1.00606792888968-0.484496779349527i|0.69622060871008-0.873033029585823i|1.08277006707949+0.521434582310005i|-0.749300135257363+0.939592650618033i|0.267422122084425-1.17165287112352i|1.7424559600853+1.89535206155168e-16i,1.04971893884084+1.87716053638709e-16i|4.97983117732024-1.87716053638709e-16i
23,CIP,mint_ets,0.10106908018186432,-6512.002936337369,13044.005872674737,13044.180614533356,13095.473594469264,22.523429333160603,22.629156127629216,0.2537458615714518,27.6065861928867,5.551354696533561e-4,,
23,Non CIP,mint_ets,0.013747904363580265,-8749.775893569158,17519.551787138316,17519.726528996933,17571.01950893284,769.2531849588747,873.5886517324107,0.09139348627738393,83.4735433002895,9.769962616701378e-15,,
23,<aggregated>,mint_ets,0.012561971420139399,-8771.507321198766,17563.01464239753,17563.189384256148,17614.48236419206,796.2781088253262,901.9281934311256,0.08742208749716748,77.00723923565256,1.9528823003156504e-13,,
23,CIP,mint_weather,21.878222293228003,-3754.486491219808,7530.972982439616,7531.183006305965,7587.578811584474,NA,NA,NA,20.585528098989577,0.00833385623534133,,1.05679740900522+0i
23,Non CIP,mint_weather,721.4901627667789,-5969.709460180518,11971.418920361037,11971.85342515337,12053.754671844466,NA,NA,NA,14.366748685199674,0.07269302765303098,0.632753256624184+0.793447487333633i|-0.914354947880002+0.440330135480095i|-0.225827022684511-0.989412833325916i|0.632753256624181-0.793447487333644i|-0.225827022684507+0.98941283332592i|-0.914354947880017-0.4403301354801i|-1.25660045117599+9.73621505722498e-15i|1.01485742788068+3.18844891666928e-15i|2.6738681488671-4.13202263278853e-16i,0.640997614770723+0.803785585458884i|-0.926268390575825+0.446067347105015i|-0.228769400040431-1.00230423082932i|0.640997614770718-0.803785585458877i|-0.228769400040433+1.00230423082933i|-0.926268390575818-0.446067347105016i|1.02808035169107-4.63928260698646e-14i|1.11351433070231+3.78464709335339e-14i|-1.31712855819451-1.63324807036206e-15i
23,<aggregated>,mint_weather,747.597598399825,-5992.300461113849,12016.600922227699,12017.035427020031,12098.936673711129,NA,NA,NA,15.984061993308245,0.042608802756552655,0.632007811730486+0.792512729003014i|-0.913277748798369+0.439811383742986i|-0.225560976482214-0.988247208753236i|0.632007811730479-0.792512729003032i|-0.2255609764822+0.988247208753236i|-0.913277748798403-0.439811383742987i|-1.22891887527778+1.62536802847537e-14i|1.01366182710023+5.07852566181747e-15i|2.81553208496772-3.11529743966014e-15i,0.640107991698058+0.802670033410292i|-0.924982847989164+0.445448262423882i|-0.228451897241811-1.00091316017785i|0.640107991698058-0.802670033410282i|-0.228451897241819+1.00091316017785i|-0.924982847989156-0.445448262423888i|1.02665350706581-3.85147620280176e-14i|1.11882712401126+3.32772710879701e-14i|-1.27835306866468-2.20735828964865e-15i
24,CIP,arima_weather,25.425160821675302,-3846.9314594513726,7725.862918902745,7726.297423695078,7808.198670386176,NA,NA,NA,12.991362306343932,0.11214715307665757,1.51022670031821+1.44028728309136i|-1.61384279055898+1.71364131229295i|-1.61384279055898-1.71364131229295i|1.51022670031821-1.44028728309136i,1.37183277880158+0.660639847519046i|-0.949337738416688+1.19043187102092i|-0.949337738416672-1.19043187102094i|1.10982659181922+3.19301486788536e-14i|0.338814716075041+1.48444426277832i|-1.52261951291992-7.775847931915e-15i|0.338814716075054-1.48444426277833i|1.37183277880162-0.660639847519046i
24,Non CIP,arima_weather,563.7979059645324,-5813.583474747842,11657.166949495684,11657.550030102228,11734.3567165114,NA,NA,NA,15.421191675329567,0.05145484821142243,0.657472541673128+0.824444490360392i|-0.950075349720601+0.457532174380128i|-0.234649233375728-1.02806546387665i|0.657472541673128-0.824444490360392i|-0.234649233375728+1.02806546387665i|-0.950075349720601-0.457532174380128i|1.0545040828464+3.64910462255322e-17i|3.53475966313328-3.9211253574539e-16i,0.677497186479878+0.849554600723839i|-0.979011799856433+0.471467234323934i|-0.241795946363266-1.05937725934696i|1.08662111947964+3.25809707863985e-15i|-0.241795946363266+1.05937725934696i|-0.979011799856433-0.471467234323934i|0.677497186479851-0.849554600723819i|1.11644144499617-2.38236453922218e-14i|-0.359931725555583+1.57696392642679i|-1.45733380464618+0.701814971447812i|-0.35993172555558-1.57696392642679i|1.61751849210845+3.83516348544691e-15i|1.00850628414754+1.26462688060461i|-1.45733380464618-0.701814971447812i|1.00850628414755-1.26462688060462i
24,<aggregated>,arima_weather,583.2853049302659,-5835.6181965708765,11699.236393141753,11699.571321371419,11771.280175689755,NA,NA,NA,19.414680121328114,0.0127925300240882,3.58464759279478+0i,0.937684867348362+0.720600210076235i|-0.911187770766467+0.753826518253149i|-0.53216815982731-1.05608457184169i|0.937684867348362-0.720600210076234i|0.493878745888347+1.07452378176371i|-1.15748158694086+0.242392139123571i|0.0212490216382871-1.1823984321266i|1.1153828466432-2.46547990169207e-15i|0.0212490216382874+1.1823984321266i|-1.15748158694086-0.242392139123571i|0.493878745888346-1.07452378176371i|1.14802488265964+0.283824667727016i|-0.53216815982731+1.05608457184169i|-0.911187770766467-0.753826518253149i|1.14802488265964-0.283824667727014i
24,CIP,base_arima,25.80906907188896,-3862.491557756102,7732.983115512204,7733.014761081824,7753.567053383062,NA,NA,NA,12.330290873895336,0.13706431290159782,0.911559919218649+1.1430599841032i|-1.317242248382+0.634350433641734i|-0.325331968505292-1.42537248600231i|0.911559919218648-1.14305998410319i|-0.325331968505286+1.4253724860023i|-1.317242248382-0.634350433641731i|1.46202859533728-1.53693721703478e-14i|7.5801946939868+6.69812116200464e-17i,1.09106667541221+0i
24,Non CIP,base_arima,568.026455375464,-5823.573430030139,11657.146860060278,11657.19436599852,11682.876782398851,NA,NA,NA,14.566959654612877,0.06813314999838649,0.635287284188532+0.796625057393874i|-0.918016723804938+0.442093553825299i|-0.226731406651351-0.993375198380417i|0.635287284188532-0.796625057393874i|-0.226731406651351+0.993375198380418i|-0.918016723804938-0.442093553825299i|1.01892169253551-1.08789230699528e-16i|3.62610616802588-6.33451698499385e-17i,0.646300019411776+0.810434590573002i|-0.93393058728276+0.449757266563387i|-0.230661806346717-1.01059540459165i|0.646300019411775-0.810434590573002i|-0.230661806346717+1.01059540459165i|-0.93393058728276-0.449757266563387i|1.0365847484354+7.3032165388067e-16i|1.12187335004745-6.50235438965091e-16i
24,<aggregated>,base_arima,589.1926500329158,-5846.294973901762,11704.589947803524,11704.656508817787,11735.46585460981,NA,NA,NA,16.047940140638406,0.041699058633195785,0.632808889967815+0.793517249340002i|-0.914435340390809+0.440368850472836i|-0.225846877994969-0.98949982512497i|0.632808889967815-0.793517249340002i|-0.225846877994969+0.989499825124971i|-0.914435340390809-0.440368850472836i|1.01494665683593-3.90236549129529e-17i|6.59468600291906-2.31871898989308e-15i|9.01685893106239+2.41496321471117e-15i,0.641397119571144+0.804286548633318i|-0.926845691738866+0.446345360692545i|-0.228911981652886-1.00292892169004i|0.641397119571117-0.804286548633275i|-0.2289119816529+1.00292892169006i|-0.926845691738856-0.446345360692552i|1.02872110764132-2.49834036566676e-13i|1.1324929114158+1.9710040007153e-13i
24,CIP,base_ets,0.07928631500457262,-6557.973291458599,13135.946582917199,13136.121324775817,13187.414304711725,25.765960484712885,26.364238286163495,0.22426315945470301,24.39408059509088,0.0019677032659486393,,
24,Non CIP,base_ets,600.6710414260751,-8596.444433068516,17212.888866137033,17213.06360799565,17264.356587931557,596.414317510457,653.3093707966475,19.197499872336522,96.80993438013496,0,,
24,<aggregated>,base_ets,619.696332117508,-8616.245091016135,17252.49018203227,17252.664923890887,17303.9579038268,615.3047833072258,670.3067125535164,19.49588496452236,100.1037874490034,0,,
24,CIP,mint_arima,25.80906907188896,-3862.491557756102,7732.983115512204,7733.014761081824,7753.567053383062,NA,NA,NA,12.330290873895336,0.13706431290159782,0.911559919218649+1.1430599841032i|-1.317242248382+0.634350433641734i|-0.325331968505292-1.42537248600231i|0.911559919218648-1.14305998410319i|-0.325331968505286+1.4253724860023i|-1.317242248382-0.634350433641731i|1.46202859533728-1.53693721703478e-14i|7.5801946939868+6.69812116200464e-17i,1.09106667541221+0i
24,Non CIP,mint_arima,568.026455375464,-5823.573430030139,11657.146860060278,11657.19436599852,11682.876782398851,NA,NA,NA,14.566959654612877,0.06813314999838649,0.635287284188532+0.796625057393874i|-0.918016723804938+0.442093553825299i|-0.226731406651351-0.993375198380417i|0.635287284188532-0.796625057393874i|-0.226731406651351+0.993375198380418i|-0.918016723804938-0.442093553825299i|1.01892169253551-1.08789230699528e-16i|3.62610616802588-6.33451698499385e-17i,0.646300019411776+0.810434590573002i|-0.93393058728276+0.449757266563387i|-0.230661806346717-1.01059540459165i|0.646300019411775-0.810434590573002i|-0.230661806346717+1.01059540459165i|-0.93393058728276-0.449757266563387i|1.0365847484354+7.3032165388067e-16i|1.12187335004745-6.50235438965091e-16i
24,<aggregated>,mint_arima,589.1926500329158,-5846.294973901762,11704.589947803524,11704.656508817787,11735.46585460981,NA,NA,NA,16.047940140638406,0.041699058633195785,0.632808889967815+0.793517249340002i|-0.914435340390809+0.440368850472836i|-0.225846877994969-0.98949982512497i|0.632808889967815-0.793517249340002i|-0.225846877994969+0.989499825124971i|-0.914435340390809-0.440368850472836i|1.01494665683593-3.90236549129529e-17i|6.59468600291906-2.31871898989308e-15i|9.01685893106239+2.41496321471117e-15i,0.641397119571144+0.804286548633318i|-0.926845691738866+0.446345360692545i|-0.228911981652886-1.00292892169004i|0.641397119571117-0.804286548633275i|-0.2289119816529+1.00292892169006i|-0.926845691738856-0.446345360692552i|1.02872110764132-2.49834036566676e-13i|1.1324929114158+1.9710040007153e-13i
24,CIP,mint_ets,0.07928631500457262,-6557.973291458599,13135.946582917199,13136.121324775817,13187.414304711725,25.765960484712885,26.364238286163495,0.22426315945470301,24.39408059509088,0.0019677032659486393,,
24,Non CIP,mint_ets,600.6710414260751,-8596.444433068516,17212.888866137033,17213.06360799565,17264.356587931557,596.414317510457,653.3093707966475,19.197499872336522,96.80993438013496,0,,
24,<aggregated>,mint_ets,619.696332117508,-8616.245091016135,17252.49018203227,17252.664923890887,17303.9579038268,615.3047833072258,670.3067125535164,19.49588496452236,100.1037874490034,0,,
24,CIP,mint_weather,25.425160821675302,-3846.9314594513726,7725.862918902745,7726.297423695078,7808.198670386176,NA,NA,NA,12.991362306343932,0.11214715307665757,1.51022670031821+1.44028728309136i|-1.61384279055898+1.71364131229295i|-1.61384279055898-1.71364131229295i|1.51022670031821-1.44028728309136i,1.37183277880158+0.660639847519046i|-0.949337738416688+1.19043187102092i|-0.949337738416672-1.19043187102094i|1.10982659181922+3.19301486788536e-14i|0.338814716075041+1.48444426277832i|-1.52261951291992-7.775847931915e-15i|0.338814716075054-1.48444426277833i|1.37183277880162-0.660639847519046i
24,Non CIP,mint_weather,563.7979059645324,-5813.583474747842,11657.166949495684,11657.550030102228,11734.3567165114,NA,NA,NA,15.421191675329567,0.05145484821142243,0.657472541673128+0.824444490360392i|-0.950075349720601+0.457532174380128i|-0.234649233375728-1.02806546387665i|0.657472541673128-0.824444490360392i|-0.234649233375728+1.02806546387665i|-0.950075349720601-0.457532174380128i|1.0545040828464+3.64910462255322e-17i|3.53475966313328-3.9211253574539e-16i,0.677497186479878+0.849554600723839i|-0.979011799856433+0.471467234323934i|-0.241795946363266-1.05937725934696i|1.08662111947964+3.25809707863985e-15i|-0.241795946363266+1.05937725934696i|-0.979011799856433-0.471467234323934i|0.677497186479851-0.849554600723819i|1.11644144499617-2.38236453922218e-14i|-0.359931725555583+1.57696392642679i|-1.45733380464618+0.701814971447812i|-0.35993172555558-1.57696392642679i|1.61751849210845+3.83516348544691e-15i|1.00850628414754+1.26462688060461i|-1.45733380464618-0.701814971447812i|1.00850628414755-1.26462688060462i
24,<aggregated>,mint_weather,583.2853049302659,-5835.6181965708765,11699.236393141753,11699.571321371419,11771.280175689755,NA,NA,NA,19.414680121328114,0.0127925300240882,3.58464759279478+0i,0.937684867348362+0.720600210076235i|-0.911187770766467+0.753826518253149i|-0.53216815982731-1.05608457184169i|0.937684867348362-0.720600210076234i|0.493878745888347+1.07452378176371i|-1.15748158694086+0.242392139123571i|0.0212490216382871-1.1823984321266i|1.1153828466432-2.46547990169207e-15i|0.0212490216382874+1.1823984321266i|-1.15748158694086-0.242392139123571i|0.493878745888346-1.07452378176371i|1.14802488265964+0.283824667727016i|-0.53216815982731+1.05608457184169i|-0.911187770766467-0.753826518253149i|1.14802488265964-0.283824667727014i
25,CIP,arima_weather,21.87510862738665,-3753.548739157642,7535.097478315284,7535.432406544949,7607.141260863285,NA,NA,NA,6.200641530244027,0.6247681980551958,-2.35190293590226+0i,1.01223737025421+0i|-3.01577740648105+3.98080669791145e-23i|-6.62842201181459-3.98080669791145e-23i
25,Non CIP,arima_weather,662.4437242881123,-5915.698445628817,11863.396891257635,11863.831396049967,11945.732642741064,NA,NA,NA,13.320335047370284,0.10129290048594297,0.637569438745263+0.79948678869243i|-0.92131453268846+0.443681694881282i|-0.227545898182539-0.996943718941037i|0.637569438745263-0.79948678869243i|-0.227545898182539+0.996943718941037i|-0.92131453268846-0.443681694881282i|1.02258198425148+5.80099209249707e-16i|1.33315281905716-6.26322607431845e-16i|-0.383038012691734+1.67819918495012i|-1.55088925128373+0.746868899999653i|-0.383038012691733-1.67819918495012i|1.7213572039336+9.07692880899672e-16i|1.07324866200866+1.34581125460843i|-1.55088925128373-0.746868899999655i|1.07324866200866-1.34581125460843i,0.651430286432387+0.816867741938468i|-0.941344037921115+0.453327396228601i|-0.232492777447557-1.01861741313201i|1.03879464597826+5.51179946948613e-14i|-0.232492777447557+1.01861741313201i|-0.941344037921115-0.453327396228601i|0.651430286432387-0.816867741938468i|1.04481305787262-5.51166310015947e-14i|2.00868147547488+4.87960930304589e-16i
25,<aggregated>,arima_weather,686.4812660240808,-5938.319961050671,11908.639922101342,11909.074426893674,11990.975673584771,NA,NA,NA,11.91667468906379,0.1549605550825539,0.637729251132021+0.799687187086893i|-0.921545468278338+0.443792907599946i|-0.227602934563011-0.997193611651549i|0.637729251132021-0.799687187086892i|-0.227602934563011+0.997193611651549i|-0.921545468278338-0.443792907599946i|1.02283830341866-8.9335032263954e-16i|1.1733353926561+6.09797427219313e-16i|11.4593275209118-3.17459075330119e-16i,0.652411843130382+0.81809857510692i|-0.942762428445448+0.454010457104676i|-0.232843090977174-1.02015223698865i|1.04638735258451-3.13095697046704e-14i|-0.232843090977174+1.02015223698865i|-0.942762428445448-0.454010457104676i|0.652411843130381-0.81809857510692i|1.02767560119523+2.97737029651702e-14i|1.48867684625762+1.13850028068801e-15i
25,CIP,base_arima,23.409339651855838,-3800.5796043484556,7611.159208696911,7611.206714635154,7636.889131035483,NA,NA,NA,12.130734834973792,0.145465445155869,-1.82558084975131+0i,1.03446545139139-9.0989867380833e-23i|-2.02695244885912+9.16628562332503e-15i|-7.88859447276378-9.16628553233516e-15i
25,Non CIP,base_arima,680.6265488209036,-5937.932876091085,11889.86575218217,11889.954570580267,11925.88764345617,NA,NA,NA,11.89650830144549,0.15588150506304344,0.62975580191134+0.789688798009791i|-0.910023500322778+0.438244220273835i|-0.224757243483302-0.984725824402372i|0.62975580191135-0.789688798009791i|-0.224757243483305+0.984725824402369i|-0.910023500322776-0.438244220273839i|1.01004988378947+8.1149902010756e-15i|2.39432965343105-3.83412544609183e-16i|-3.40675124829368-8.29253121246483e-17i,0.641682494586963+0.804644397584515i|-0.927258070584781+0.44654395187807i|-0.229013830816866-1.00337515203341i|0.641682494586947-0.804644397584533i|-0.229013830816852+1.00337515203342i|-0.927258070584778-0.446543951878063i|1.02917881362954+1.08531795441459e-13i|1.08313223631316-1.07770981215813e-13i|-9.19457915324867+1.68862869795246e-16i
25,<aggregated>,base_arima,743.0699828311687,-5993.49084265326,11998.98168530652,11999.048246320783,12029.857592112807,NA,NA,NA,23.178125354579716,0.003142925327452195,0.697573797840431+0.874729875084641i|-1.00802334383824+0.485438457557992i|-0.749960206679512-0.940420354001432i|1.0837238979203-0.521893923033579i|0.267657698847505+1.17268500036055i|-1.20284278017659+9.44605204263393e-18i|-0.248961205999125-1.09077031299287i|1.11882150399387-2.37146990616339e-16i|-0.248961205999125+1.09077031299288i|-1.00802334383824-0.485438457557992i|0.267657698847491-1.17268500036055i|1.0837238979203+0.521893923033585i|-0.749960206679534+0.940420354001429i|0.697573797840468-0.874729875084639i,1.08685140497943+0i|-1.06898559433714+2.82833217189373i|-1.06898559433714-2.82833217189373i
25,CIP,base_ets,0.07901957394971748,-6521.450851910404,13062.901703820808,13063.076445679426,13114.369425615334,22.765362686906947,22.879911763809304,0.2228856790571244,11.308719532617957,0.18481273026441436,,
25,Non CIP,base_ets,710.0033013652894,-8702.630521932833,17425.261043865667,17425.435785724283,17476.72876566019,704.9717819067944,757.6439196377579,20.827254476058307,57.513200629168686,1.429774854067034e-9,,
25,<aggregated>,base_ets,737.5412974602897,-8726.793836171344,17473.587672342688,17473.762414201305,17525.055394137213,732.3146268483671,786.7423036103902,21.181185972679305,54.29591761108964,6.048683665049737e-9,,
25,CIP,mint_arima,23.409339651855838,-3800.5796043484556,7611.159208696911,7611.206714635154,7636.889131035483,NA,NA,NA,12.130734834973792,0.145465445155869,-1.82558084975131+0i,1.03446545139139-9.0989867380833e-23i|-2.02695244885912+9.16628562332503e-15i|-7.88859447276378-9.16628553233516e-15i
25,Non CIP,mint_arima,680.6265488209036,-5937.932876091085,11889.86575218217,11889.954570580267,11925.88764345617,NA,NA,NA,11.89650830144549,0.15588150506304344,0.62975580191134+0.789688798009791i|-0.910023500322778+0.438244220273835i|-0.224757243483302-0.984725824402372i|0.62975580191135-0.789688798009791i|-0.224757243483305+0.984725824402369i|-0.910023500322776-0.438244220273839i|1.01004988378947+8.1149902010756e-15i|2.39432965343105-3.83412544609183e-16i|-3.40675124829368-8.29253121246483e-17i,0.641682494586963+0.804644397584515i|-0.927258070584781+0.44654395187807i|-0.229013830816866-1.00337515203341i|0.641682494586947-0.804644397584533i|-0.229013830816852+1.00337515203342i|-0.927258070584778-0.446543951878063i|1.02917881362954+1.08531795441459e-13i|1.08313223631316-1.07770981215813e-13i|-9.19457915324867+1.68862869795246e-16i
25,<aggregated>,mint_arima,743.0699828311687,-5993.49084265326,11998.98168530652,11999.048246320783,12029.857592112807,NA,NA,NA,23.178125354579716,0.003142925327452195,0.697573797840431+0.874729875084641i|-1.00802334383824+0.485438457557992i|-0.749960206679512-0.940420354001432i|1.0837238979203-0.521893923033579i|0.267657698847505+1.17268500036055i|-1.20284278017659+9.44605204263393e-18i|-0.248961205999125-1.09077031299287i|1.11882150399387-2.37146990616339e-16i|-0.248961205999125+1.09077031299288i|-1.00802334383824-0.485438457557992i|0.267657698847491-1.17268500036055i|1.0837238979203+0.521893923033585i|-0.749960206679534+0.940420354001429i|0.697573797840468-0.874729875084639i,1.08685140497943+0i|-1.06898559433714+2.82833217189373i|-1.06898559433714-2.82833217189373i
25,CIP,mint_ets,0.07901957394971748,-6521.450851910404,13062.901703820808,13063.076445679426,13114.369425615334,22.765362686906947,22.879911763809304,0.2228856790571244,11.308719532617957,0.18481273026441436,,
25,Non CIP,mint_ets,710.0033013652894,-8702.630521932833,17425.261043865667,17425.435785724283,17476.72876566019,704.9717819067944,757.6439196377579,20.827254476058307,57.513200629168686,1.429774854067034e-9,,
25,<aggregated>,mint_ets,737.5412974602897,-8726.793836171344,17473.587672342688,17473.762414201305,17525.055394137213,732.3146268483671,786.7423036103902,21.181185972679305,54.29591761108964,6.048683665049737e-9,,
25,CIP,mint_weather,21.87510862738665,-3753.548739157642,7535.097478315284,7535.432406544949,7607.141260863285,NA,NA,NA,6.200641530244027,0.6247681980551958,-2.35190293590226+0i,1.01223737025421+0i|-3.01577740648105+3.98080669791145e-23i|-6.62842201181459-3.98080669791145e-23i
25,Non CIP,mint_weather,662.4437242881123,-5915.698445628817,11863.396891257635,11863.831396049967,11945.732642741064,NA,NA,NA,13.320335047370284,0.10129290048594297,0.637569438745263+0.79948678869243i|-0.92131453268846+0.443681694881282i|-0.227545898182539-0.996943718941037i|0.637569438745263-0.79948678869243i|-0.227545898182539+0.996943718941037i|-0.92131453268846-0.443681694881282i|1.02258198425148+5.80099209249707e-16i|1.33315281905716-6.26322607431845e-16i|-0.383038012691734+1.67819918495012i|-1.55088925128373+0.746868899999653i|-0.383038012691733-1.67819918495012i|1.7213572039336+9.07692880899672e-16i|1.07324866200866+1.34581125460843i|-1.55088925128373-0.746868899999655i|1.07324866200866-1.34581125460843i,0.651430286432387+0.816867741938468i|-0.941344037921115+0.453327396228601i|-0.232492777447557-1.01861741313201i|1.03879464597826+5.51179946948613e-14i|-0.232492777447557+1.01861741313201i|-0.941344037921115-0.453327396228601i|0.651430286432387-0.816867741938468i|1.04481305787262-5.51166310015947e-14i|2.00868147547488+4.87960930304589e-16i
25,<aggregated>,mint_weather,686.4812660240808,-5938.319961050671,11908.639922101342,11909.074426893674,11990.975673584771,NA,NA,NA,11.91667468906379,0.1549605550825539,0.637729251132021+0.799687187086893i|-0.921545468278338+0.443792907599946i|-0.227602934563011-0.997193611651549i|0.637729251132021-0.799687187086892i|-0.227602934563011+0.997193611651549i|-0.921545468278338-0.443792907599946i|1.02283830341866-8.9335032263954e-16i|1.1733353926561+6.09797427219313e-16i|11.4593275209118-3.17459075330119e-16i,0.652411843130382+0.81809857510692i|-0.942762428445448+0.454010457104676i|-0.232843090977174-1.02015223698865i|1.04638735258451-3.13095697046704e-14i|-0.232843090977174+1.02015223698865i|-0.942762428445448-0.454010457104676i|0.652411843130381-0.81809857510692i|1.02767560119523+2.97737029651702e-14i|1.48867684625762+1.13850028068801e-15i
26,CIP,arima_weather,8.312252022964818,-3136.825065492007,6307.650130984014,6308.1389488753875,6395.145258034709,NA,NA,NA,5.338852406776564,0.7208208401377405,1.09810661630029-1.13091099372484e-26i|-1.2731460518012+1.05147892684674i|-0.741814506344275-1.47520169502239i|1.30841780336347-1.00724954934775i|0.69084534858218+1.49974714774261i|-1.61587290773523+0.339799277319744i|0.0282857485857192-1.65097205283635i|1.60328456534934-0.394952408946094i|0.0282857485857195+1.65097205283635i|-1.61587290773523-0.339799277319744i|0.69084534858218-1.49974714774261i|1.60328456534934+0.394952408946094i|-0.741814506344275+1.47520169502239i|-1.2731460518012-1.05147892684674i|1.30841780336347+1.00724954934775i|-403.743555094553-4.20628547095452e-16i,1.18519982149464-2.58493941422821e-26i|21.0762391049368+2.58493941422821e-26i
26,Non CIP,arima_weather,504.560984176494,-5742.860580257189,11517.721160514378,11518.155665306711,11600.056911997808,NA,NA,NA,28.655877171942407,3.643374257843446e-4,1.08096116951064-5.45636601764592e-16i|1.80764855028602+4.69702614663568i|1.80764855028602-4.69702614663568i,1.01684514585675-1.13495215152025e-16i|-0.839155175181198+1.05226730682162i|-0.839155175181198-1.05226730682162i|1.27543677390085+4.96082315614018e-16i|0.299491014542533+1.31215586926527i|-1.34590040234745-6.95435225519462e-18i|0.299491014542533-1.31215586926527i|1.2126143618124-0.583964299050269i|1.21261436181238+0.583964299050268i
26,<aggregated>,arima_weather,513.0338059253273,-5753.305475648394,11538.610951296789,11539.045456089121,11620.946702780218,NA,NA,NA,29.674672066837765,2.4126907074395465e-4,1.17192130655605+0i|-12.6865207345546+0i,1.04330707641375-3.92910790962688e-23i|-0.840484274975356+1.05393394524829i|-0.840484274975356-1.05393394524829i|1.21453496666158-0.584889213598465i|0.299965364767084+1.3142341333901i|-1.34803211290662-1.81593441271817e-16i|0.299965364767084-1.3142341333901i|1.36502212367088+6.09218981057725e-16i|1.21453496666158+0.584889213598465i|-4.73788108412779+1.89364217601757e-16i
26,CIP,base_arima,8.557393058351842,-3161.8929737324497,6339.785947464899,6339.9001425481665,6380.960124900521,NA,NA,NA,5.498289140087878,0.7032295360731293,0.633621096517157+0.794535724138867i|-0.91560901286+0.440934061344792i|-0.226136751156304-0.990769842426055i|0.633621096517157-0.794535724138867i|-0.226136751156304+0.990769842426055i|-0.91560901286-0.440934061344792i|1.01624933499829+2.01900481121702e-15i|1.08248178256556-2.02615701994091e-15i|-507.375458528953+2.73790328629886e-16i,0.636663263736324+0.79835048117224i|-0.920005071860888+0.4430510917824i|-0.227222488066236-0.995526766639813i|0.636663263736338-0.798350481172194i|-0.227222488066259+0.995526766639803i|-0.920005071860887-0.443051091782411i|1.02112859238155-1.39582906925699e-13i|1.17169949884754+1.14748733942458e-13i|24.5899948394167-1.02887941632946e-16i
26,Non CIP,base_arima,531.9957927806289,-5781.9046581861785,11573.809316372357,11573.8568223106,11599.53923871093,NA,NA,NA,41.2959842167196,1.8350544036538352e-6,4.17189804586316+0i|93.1794632899612+0i,1.16073989974126+0.558982874752585i|-0.803256933598715+1.00725233568535i|-0.803256933598715-1.00725233568535i|1.08069607496256+3.68160011787885e-16i|0.28667908045715+1.25602311839642i|-1.28832409319939+3.03638566228931e-15i|0.28667908045714-1.25602311839642i|1.16073989974127-0.558982874752586i
26,<aggregated>,base_arima,543.1557594431428,-5794.577861661721,11601.155723323442,11601.222284337704,11632.031630129728,NA,NA,NA,38.06279483768906,7.32982804441118e-6,0.798283590947814+1.00101596125552i|-1.15355321138723+0.555521948048006i|-0.28490411501543-1.24824648668126i|0.798283590947814-1.00101596125552i|-0.28490411501543+1.24824648668126i|-1.25882020922545-1.76827700647162e-16i|-1.15355321138723-0.555521948048006i|1.28034747090969-9.95488808615055e-17i|3.91508073847149+3.10834467210111e-18i,1.07757840611882-3.23117426778526e-27i|-1.27477270330117+3.23117426778526e-27i
26,CIP,base_ets,8.597283351310761,-5899.852690960853,11819.705381921705,11819.880123780324,11871.173103716232,8.536357721262108,8.564677258505121,2.3054253242725253,8.522774353107854,0.3841368808929003,,
26,Non CIP,base_ets,532.7177488261033,-8520.209063146738,17060.418126293476,17060.592868152093,17111.885848088,528.9425836769427,564.128568337902,18.415127518236062,105.33906785581215,0,,
26,<aggregated>,base_ets,541.1152476393041,-8530.140813181884,17080.28162636377,17080.456368222385,17131.749348158293,537.2805726560332,572.2180961803988,18.56891225312842,97.94597499464128,0,,
26,CIP,mint_arima,8.557393058351842,-3161.8929737324497,6339.785947464899,6339.9001425481665,6380.960124900521,NA,NA,NA,5.498289140087878,0.7032295360731293,0.633621096517157+0.794535724138867i|-0.91560901286+0.440934061344792i|-0.226136751156304-0.990769842426055i|0.633621096517157-0.794535724138867i|-0.226136751156304+0.990769842426055i|-0.91560901286-0.440934061344792i|1.01624933499829+2.01900481121702e-15i|1.08248178256556-2.02615701994091e-15i|-507.375458528953+2.73790328629886e-16i,0.636663263736324+0.79835048117224i|-0.920005071860888+0.4430510917824i|-0.227222488066236-0.995526766639813i|0.636663263736338-0.798350481172194i|-0.227222488066259+0.995526766639803i|-0.920005071860887-0.443051091782411i|1.02112859238155-1.39582906925699e-13i|1.17169949884754+1.14748733942458e-13i|24.5899948394167-1.02887941632946e-16i
26,Non CIP,mint_arima,531.9957927806289,-5781.9046581861785,11573.809316372357,11573.8568223106,11599.53923871093,NA,NA,NA,41.2959842167196,1.8350544036538352e-6,4.17189804586316+0i|93.1794632899612+0i,1.16073989974126+0.558982874752585i|-0.803256933598715+1.00725233568535i|-0.803256933598715-1.00725233568535i|1.08069607496256+3.68160011787885e-16i|0.28667908045715+1.25602311839642i|-1.28832409319939+3.03638566228931e-15i|0.28667908045714-1.25602311839642i|1.16073989974127-0.558982874752586i
26,<aggregated>,mint_arima,543.1557594431428,-5794.577861661721,11601.155723323442,11601.222284337704,11632.031630129728,NA,NA,NA,38.06279483768906,7.32982804441118e-6,0.798283590947814+1.00101596125552i|-1.15355321138723+0.555521948048006i|-0.28490411501543-1.24824648668126i|0.798283590947814-1.00101596125552i|-0.28490411501543+1.24824648668126i|-1.25882020922545-1.76827700647162e-16i|-1.15355321138723-0.555521948048006i|1.28034747090969-9.95488808615055e-17i|3.91508073847149+3.10834467210111e-18i,1.07757840611882-3.23117426778526e-27i|-1.27477270330117+3.23117426778526e-27i
26,CIP,mint_ets,8.597283351310761,-5899.852690960853,11819.705381921705,11819.880123780324,11871.173103716232,8.536357721262108,8.564677258505121,2.3054253242725253,8.522774353107854,0.3841368808929003,,
26,Non CIP,mint_ets,532.7177488261033,-8520.209063146738,17060.418126293476,17060.592868152093,17111.885848088,528.9425836769427,564.128568337902,18.415127518236062,105.33906785581215,0,,
26,<aggregated>,mint_ets,541.1152476393041,-8530.140813181884,17080.28162636377,17080.456368222385,17131.749348158293,537.2805726560332,572.2180961803988,18.56891225312842,97.94597499464128,0,,
26,CIP,mint_weather,8.312252022964818,-3136.825065492007,6307.650130984014,6308.1389488753875,6395.145258034709,NA,NA,NA,5.338852406776564,0.7208208401377405,1.09810661630029-1.13091099372484e-26i|-1.2731460518012+1.05147892684674i|-0.741814506344275-1.47520169502239i|1.30841780336347-1.00724954934775i|0.69084534858218+1.49974714774261i|-1.61587290773523+0.339799277319744i|0.0282857485857192-1.65097205283635i|1.60328456534934-0.394952408946094i|0.0282857485857195+1.65097205283635i|-1.61587290773523-0.339799277319744i|0.69084534858218-1.49974714774261i|1.60328456534934+0.394952408946094i|-0.741814506344275+1.47520169502239i|-1.2731460518012-1.05147892684674i|1.30841780336347+1.00724954934775i|-403.743555094553-4.20628547095452e-16i,1.18519982149464-2.58493941422821e-26i|21.0762391049368+2.58493941422821e-26i
26,Non CIP,mint_weather,504.560984176494,-5742.860580257189,11517.721160514378,11518.155665306711,11600.056911997808,NA,NA,NA,28.655877171942407,3.643374257843446e-4,1.08096116951064-5.45636601764592e-16i|1.80764855028602+4.69702614663568i|1.80764855028602-4.69702614663568i,1.01684514585675-1.13495215152025e-16i|-0.839155175181198+1.05226730682162i|-0.839155175181198-1.05226730682162i|1.27543677390085+4.96082315614018e-16i|0.299491014542533+1.31215586926527i|-1.34590040234745-6.95435225519462e-18i|0.299491014542533-1.31215586926527i|1.2126143618124-0.583964299050269i|1.21261436181238+0.583964299050268i
26,<aggregated>,mint_weather,513.0338059253273,-5753.305475648394,11538.610951296789,11539.045456089121,11620.946702780218,NA,NA,NA,29.674672066837765,2.4126907074395465e-4,1.17192130655605+0i|-12.6865207345546+0i,1.04330707641375-3.92910790962688e-23i|-0.840484274975356+1.05393394524829i|-0.840484274975356-1.05393394524829i|1.21453496666158-0.584889213598465i|0.299965364767084+1.3142341333901i|-1.34803211290662-1.81593441271817e-16i|0.299965364767084-1.3142341333901i|1.36502212367088+6.09218981057725e-16i|1.21453496666158+0.584889213598465i|-4.73788108412779+1.89364217601757e-16i
28,CIP,arima_weather,23.225608819181332,-3792.41247920097,7614.82495840194,7615.207733521557,7692.02654109373,NA,NA,NA,12.475019348932314,0.13123466565362085,1.01987248070097-6.06037420090464e-15i|-1.75340259765019+0.844394187579521i|-0.433054678724821-1.89733651698876i|1.21339224598591-1.52154575049381i|1.21339224598592+1.52154575049381i|-1.75340259765017-0.844394187579503i|1.94613006077816+1.43428960343715e-14i|-0.433054678724812+1.89733651698874i|19.377958722199-9.06206538370282e-16i,1.06394689992623+0i
28,Non CIP,arima_weather,549.1796301791353,-5797.117218434303,11624.234436868606,11624.61751747515,11701.424203884322,NA,NA,NA,14.794775260492429,0.06326093391168908,0.648186165539559+0.812799743008267i|-0.936656147406398+0.451069827140968i|-0.231334964105962-1.01354470143811i|0.648186165539549-0.812799743008266i|-0.231334964105958+1.01354470143811i|-0.9366561474064-0.451069827140963i|1.03960989194561-1.33202184313215e-14i|1.51192150010935+3.90200747058208e-15i,0.667177307850617+0.836613882233254i|-0.964099143165375+0.46428567736253i|-0.238112824323334-1.04324044733175i|1.07006931927616+3.05960391687149e-14i|-0.238112824323334+1.04324044733175i|-0.964099143165375-0.46428567736253i|0.667177307850617-0.836613882233252i|1.05024063426512-3.18323807442015e-14i|2.39389737909197-4.54081384053169e-16i
28,<aggregated>,arima_weather,578.1331824534227,-5829.729835387816,11689.459670775632,11689.842751382175,11766.649437791348,NA,NA,NA,15.236943785423144,0.054698713346690075,0.64472291835148+0.80845696839489i|-0.931651610220689+0.448659769053453i|-0.230098945495047-1.00812935007169i|0.644722918351467-0.808456968394889i|-0.230098945495041+1.00812935007169i|-0.931651610220691-0.448659769053447i|1.03405527472851-1.62127711117527e-14i|1.48879584323392+4.14565070959944e-15i,0.661381373707464+0.829346010698034i|-0.955723775664854+0.460252312951094i|-0.236044279377067-1.0341775597649i|1.06077336266889-3.45900521063159e-14i|-0.236044279377067+1.0341775597649i|-0.955723775664854-0.460252312951094i|0.661381373707463-0.829346010698035i|1.04829337611975+3.33116259396191e-14i|2.37320718057709+1.43968609362578e-15i
28,CIP,base_arima,24.31243595005232,-3826.116213982209,7664.232427964418,7664.298936277957,7695.113061041134,NA,NA,NA,13.114948530485975,0.10795532000402186,1.01337202048605+1.88183589355814e-23i|-1.46565319349158+0.705821377959743i|-0.361986444915788-1.5859662401433i|1.01426347985939-1.27184617568343i|1.01426347985939+1.27184617568343i|-1.46565319349156-0.705821377959737i|1.62675231709593+2.53308165903527e-14i|-0.361986444915794+1.58596624014327i|14.1286302466995-5.61578569076151e-16i,1.06430652510195+0i
28,Non CIP,base_arima,559.8206410357848,-5814.185743747004,11640.371487494009,11640.438048508271,11671.247394300295,NA,NA,NA,16.069486967688675,0.04139626988540346,0.63487495230735+0.796108009568918i|-0.917420886973154+0.441806613930161i|-0.226584247106757-0.99273045028855i|0.63487495230735-0.796108009568917i|-0.226584247106757+0.99273045028855i|-0.917420886973154-0.441806613930162i|1.01826036354512-4.51532339820492e-16i|1.41245175144882+4.51532339820492e-16i,0.65122270022372+0.816607437066153i|-0.94104406715839+0.453182937922888i|-0.232418690787453-1.01829281826549i|1.0444801154443-4.40253045277551e-13i|-0.232418690787453+1.01829281826549i|-0.94104406715839-0.453182937922888i|0.651222700223718-0.816607437066155i|1.03815777130908+4.41787016754987e-13i|2.18947998225189-1.41514684884615e-16i
28,<aggregated>,base_arima,592.4767654470845,-5850.288716451807,11712.577432903614,11712.643993917876,11743.4533397099,NA,NA,NA,17.939841084191794,0.021682056419193962,0.631935787593994+0.792422413592491i|-0.913173670905646+0.439761262471463i|-0.225535271365501-0.988134587278409i|0.63193578759398-0.79242241359249i|-0.225535271365495+0.988134587278415i|-0.913173670905648-0.439761262471456i|1.01354630935431-1.95128818012545e-14i|1.44735432884376+5.74126680492333e-15i,0.645854143397952+0.809875479736152i|-0.933286277774887+0.449446983457739i|-0.230502675039792-1.00989820478188i|1.03586961883348-1.53662019774891e-13i|-0.230502675039791+1.00989820478188i|-0.933286277774887-0.449446983457739i|0.645854143397952-0.809875479736152i|1.04063233194327+1.52559638336834e-13i|2.32225792847134+6.5276595662378e-17i
28,CIP,base_ets,0.0767370654023084,-6551.46889237764,13122.93778475528,13123.112526613899,13174.405506549807,23.801935336592255,24.054767031182166,0.2189740551457814,17.513293409494825,0.025186537964997147,,
28,Non CIP,base_ets,581.3710914324506,-8575.706496327082,17171.412992654165,17171.58773451278,17222.880714448693,577.2511388160016,618.5202542488657,18.64200414094656,75.48403495211188,3.9457326295178063e-13,,
28,<aggregated>,base_ets,614.1585455300824,-8610.545039642162,17241.090079284324,17241.26482114294,17292.557801078852,609.8062408767204,656.2772397271759,19.207723835979493,72.2388313206056,1.7584822487037854e-12,,
28,CIP,mint_arima,24.31243595005232,-3826.116213982209,7664.232427964418,7664.298936277957,7695.113061041134,NA,NA,NA,13.114948530485975,0.10795532000402186,1.01337202048605+1.88183589355814e-23i|-1.46565319349158+0.705821377959743i|-0.361986444915788-1.5859662401433i|1.01426347985939-1.27184617568343i|1.01426347985939+1.27184617568343i|-1.46565319349156-0.705821377959737i|1.62675231709593+2.53308165903527e-14i|-0.361986444915794+1.58596624014327i|14.1286302466995-5.61578569076151e-16i,1.06430652510195+0i
28,Non CIP,mint_arima,559.8206410357848,-5814.185743747004,11640.371487494009,11640.438048508271,11671.247394300295,NA,NA,NA,16.069486967688675,0.04139626988540346,0.63487495230735+0.796108009568918i|-0.917420886973154+0.441806613930161i|-0.226584247106757-0.99273045028855i|0.63487495230735-0.796108009568917i|-0.226584247106757+0.99273045028855i|-0.917420886973154-0.441806613930162i|1.01826036354512-4.51532339820492e-16i|1.41245175144882+4.51532339820492e-16i,0.65122270022372+0.816607437066153i|-0.94104406715839+0.453182937922888i|-0.232418690787453-1.01829281826549i|1.0444801154443-4.40253045277551e-13i|-0.232418690787453+1.01829281826549i|-0.94104406715839-0.453182937922888i|0.651222700223718-0.816607437066155i|1.03815777130908+4.41787016754987e-13i|2.18947998225189-1.41514684884615e-16i
28,<aggregated>,mint_arima,592.4767654470845,-5850.288716451807,11712.577432903614,11712.643993917876,11743.4533397099,NA,NA,NA,17.939841084191794,0.021682056419193962,0.631935787593994+0.792422413592491i|-0.913173670905646+0.439761262471463i|-0.225535271365501-0.988134587278409i|0.63193578759398-0.79242241359249i|-0.225535271365495+0.988134587278415i|-0.913173670905648-0.439761262471456i|1.01354630935431-1.95128818012545e-14i|1.44735432884376+5.74126680492333e-15i,0.645854143397952+0.809875479736152i|-0.933286277774887+0.449446983457739i|-0.230502675039792-1.00989820478188i|1.03586961883348-1.53662019774891e-13i|-0.230502675039791+1.00989820478188i|-0.933286277774887-0.449446983457739i|0.645854143397952-0.809875479736152i|1.04063233194327+1.52559638336834e-13i|2.32225792847134+6.5276595662378e-17i
28,CIP,mint_ets,0.0767370654023084,-6551.46889237764,13122.93778475528,13123.112526613899,13174.405506549807,23.801935336592255,24.054767031182166,0.2189740551457814,17.513293409494825,0.025186537964997147,,
28,Non CIP,mint_ets,581.3710914324506,-8575.706496327082,17171.412992654165,17171.58773451278,17222.880714448693,577.2511388160016,618.5202542488657,18.64200414094656,75.48403495211188,3.9457326295178063e-13,,
28,<aggregated>,mint_ets,614.1585455300824,-8610.545039642162,17241.090079284324,17241.26482114294,17292.557801078852,609.8062408767204,656.2772397271759,19.207723835979493,72.2388313206056,1.7584822487037854e-12,,
28,CIP,mint_weather,23.225608819181332,-3792.41247920097,7614.82495840194,7615.207733521557,7692.02654109373,NA,NA,NA,12.475019348932314,0.13123466565362085,1.01987248070097-6.06037420090464e-15i|-1.75340259765019+0.844394187579521i|-0.433054678724821-1.89733651698876i|1.21339224598591-1.52154575049381i|1.21339224598592+1.52154575049381i|-1.75340259765017-0.844394187579503i|1.94613006077816+1.43428960343715e-14i|-0.433054678724812+1.89733651698874i|19.377958722199-9.06206538370282e-16i,1.06394689992623+0i
28,Non CIP,mint_weather,549.1796301791353,-5797.117218434303,11624.234436868606,11624.61751747515,11701.424203884322,NA,NA,NA,14.794775260492429,0.06326093391168908,0.648186165539559+0.812799743008267i|-0.936656147406398+0.451069827140968i|-0.231334964105962-1.01354470143811i|0.648186165539549-0.812799743008266i|-0.231334964105958+1.01354470143811i|-0.9366561474064-0.451069827140963i|1.03960989194561-1.33202184313215e-14i|1.51192150010935+3.90200747058208e-15i,0.667177307850617+0.836613882233254i|-0.964099143165375+0.46428567736253i|-0.238112824323334-1.04324044733175i|1.07006931927616+3.05960391687149e-14i|-0.238112824323334+1.04324044733175i|-0.964099143165375-0.46428567736253i|0.667177307850617-0.836613882233252i|1.05024063426512-3.18323807442015e-14i|2.39389737909197-4.54081384053169e-16i
28,<aggregated>,mint_weather,578.1331824534227,-5829.729835387816,11689.459670775632,11689.842751382175,11766.649437791348,NA,NA,NA,15.236943785423144,0.054698713346690075,0.64472291835148+0.80845696839489i|-0.931651610220689+0.448659769053453i|-0.230098945495047-1.00812935007169i|0.644722918351467-0.808456968394889i|-0.230098945495041+1.00812935007169i|-0.931651610220691-0.448659769053447i|1.03405527472851-1.62127711117527e-14i|1.48879584323392+4.14565070959944e-15i,0.661381373707464+0.829346010698034i|-0.955723775664854+0.460252312951094i|-0.236044279377067-1.0341775597649i|1.06077336266889-3.45900521063159e-14i|-0.236044279377067+1.0341775597649i|-0.955723775664854-0.460252312951094i|0.661381373707463-0.829346010698035i|1.04829337611975+3.33116259396191e-14i|2.37320718057709+1.43968609362578e-15i
30,CIP,arima_weather,12.823499611819082,-3414.6247137429177,6857.249427485835,6857.5843557155,6929.293210033837,NA,NA,NA,9.50775037428345,0.3012871534246543,1.44334329431703+0i,1.0120106129171-2.64402122623117e-15i|-0.933210400545691+1.17020882897862i|-0.933210400545691-1.17020882897862i|1.34852810036004-0.649416905882126i|0.333058935828791+1.45922654182644i|-1.49675327128628+1.1900326794264e-16i|0.333058935828791-1.45922654182644i|1.51453284311824+2.40543621851586e-15i|1.34852810036004+0.649416905882126i
30,Non CIP,arima_weather,359.7992988973443,-5528.770668382969,11087.541336765938,11087.924417372482,11164.731103781654,NA,NA,NA,12.520636318666813,0.12944203094131468,3.07915360745135+2.24626361348262e-16i|-14.730492311781-2.24626361348262e-16i,0.997082521465628+0.741737399404671i|-0.94501222809682+0.807031482059617i|-0.576512514273143-1.10090019764478i|1.06042443964846+2.51424710779751e-17i|0.501268760280751+1.13713567979132i|-1.2201681068672+0.235664412400266i|0.041757133166844-1.24201621008644i|1.20158443432401-0.317084801714404i|0.0417571331668841+1.2420162100865i|-1.22016810686724-0.235664412400226i|0.501268760280684-1.13713567979137i|1.20158443432397+0.317084801714422i|-0.576512514273154+1.1009001976448i|-0.945012228096842-0.807031482059625i|0.997082521465635-0.741737399404741i
30,<aggregated>,arima_weather,373.5201223027618,-5552.518713585479,11135.037427170959,11135.420507777502,11212.227194186675,NA,NA,NA,14.694568863539793,0.06536363810362478,0.876699221937381+1.09934605236923i|-1.26686708126594+0.610091031740452i|-0.312890329693768-1.37086210473174i|0.87669922193738-1.09934605236923i|-0.312890329693766+1.37086210473174i|-1.26686708126594-0.610091031740451i|1.40611637804466+7.79809341238585e-16i|1.98119185117169-4.90391757051047e-16i|-1.31329908737041+2.94304771058534i|-1.31329908737041-2.94304771058534i,1.05278227481883+0i
30,CIP,base_arima,13.265150783595082,-3441.10559261808,6888.21118523616,6888.230157568176,6903.649138639304,NA,NA,NA,13.219089623182258,0.10453046201987803,,1.31564307028053+0.633580310057115i|-0.910453253635473+1.14167226935484i|-0.910453253635452-1.14167226935484i|1.04519280812699-4.54241988587275e-14i|0.324937004131526+1.42364203401533i|-1.46025364155316-6.33824486934394e-15i|0.324937004131514-1.42364203401531i|1.31564307028052-0.63358031005709i
30,Non CIP,base_arima,364.09425600862687,-5540.75112039854,11095.50224079708,11095.591059195176,11131.52413207108,NA,NA,NA,11.194390791804036,0.19092616056018752,0.633386630383737+0.794241712907033i|-0.915270199480602+0.440770897420761i|-0.226053071162097-0.990403216416688i|0.633386630383734-0.794241712906979i|-0.22605307116212+0.99040321641669i|-0.915270199480596-0.440770897420774i|1.01587328051791-2.81416096478483e-13i|1.11236991204588+2.37290945422976e-13i,0.64471501306443+0.808447055478487i|-0.931640186749939+0.448654267799877i|-0.230096124130767-1.00811698886712i|1.01230879201296+9.14873159802624e-14i|-0.230096124130767+1.00811698886712i|-0.931640186749939-0.448654267799877i|0.644715013064395-0.808447055478468i|1.03404259563271-5.65854333310594e-14i|1.27668324377933-5.54855279739648e-14i|-5.26274579373822+9.87990038139128e-16i
30,<aggregated>,base_arima,388.91841617763447,-5582.2550055126485,11178.510011025297,11178.598829423394,11214.531902299297,NA,NA,NA,14.557214838595963,0.06834895243962713,0.717755747864751+0.900037239951829i|-1.03718710659951+0.49948298549274i|-0.761439026313543-0.95481433854569i|1.1003112728857-0.529881981809555i|0.271754442143171+1.19063400550346i|-1.22125337743065+1.49365657569925e-18i|-0.256164060568812-1.12232808080609i|1.15119083860713+1.29461370566979e-16i|-0.256164060568812+1.12232808080609i|-1.03718710659951-0.49948298549274i|0.271754442143171-1.19063400550346i|1.10031127288569+0.529881981809555i|-0.761439026313542+0.95481433854569i|0.71775574786475-0.90003723995183i|1.86439523921898-2.39649676513944e-15i|-1.18526293316235+2.75619562635911i|-1.18526293316235-2.75619562635911i,1.042155433527+0i
30,CIP,base_ets,0.11900736839341859,-6181.055361150217,12368.110722300435,12368.129679646407,12383.551038838792,13.300969473082848,13.348182251168046,0.2740186494531796,19.659011676834776,0.011706052736432881,,
30,Non CIP,base_ets,383.94741303889913,-8312.255368066883,16644.510736133765,16644.68547799238,16695.978457928293,381.2265258598833,405.75552525304795,15.445484773479702,88.47496831343022,9.992007221626409e-16,,
30,<aggregated>,base_ets,397.1081341792762,-8333.656788234248,16687.313576468496,16687.488318327112,16738.78129826302,394.29398204729694,420.46540163724086,15.795604754920339,73.00243851494005,1.237787650154587e-12,,
30,CIP,mint_arima,13.265150783595082,-3441.10559261808,6888.21118523616,6888.230157568176,6903.649138639304,NA,NA,NA,13.219089623182258,0.10453046201987803,,1.31564307028053+0.633580310057115i|-0.910453253635473+1.14167226935484i|-0.910453253635452-1.14167226935484i|1.04519280812699-4.54241988587275e-14i|0.324937004131526+1.42364203401533i|-1.46025364155316-6.33824486934394e-15i|0.324937004131514-1.42364203401531i|1.31564307028052-0.63358031005709i
30,Non CIP,mint_arima,364.09425600862687,-5540.75112039854,11095.50224079708,11095.591059195176,11131.52413207108,NA,NA,NA,11.194390791804036,0.19092616056018752,0.633386630383737+0.794241712907033i|-0.915270199480602+0.440770897420761i|-0.226053071162097-0.990403216416688i|0.633386630383734-0.794241712906979i|-0.22605307116212+0.99040321641669i|-0.915270199480596-0.440770897420774i|1.01587328051791-2.81416096478483e-13i|1.11236991204588+2.37290945422976e-13i,0.64471501306443+0.808447055478487i|-0.931640186749939+0.448654267799877i|-0.230096124130767-1.00811698886712i|1.01230879201296+9.14873159802624e-14i|-0.230096124130767+1.00811698886712i|-0.931640186749939-0.448654267799877i|0.644715013064395-0.808447055478468i|1.03404259563271-5.65854333310594e-14i|1.27668324377933-5.54855279739648e-14i|-5.26274579373822+9.87990038139128e-16i
30,<aggregated>,mint_arima,388.91841617763447,-5582.2550055126485,11178.510011025297,11178.598829423394,11214.531902299297,NA,NA,NA,14.557214838595963,0.06834895243962713,0.717755747864751+0.900037239951829i|-1.03718710659951+0.49948298549274i|-0.761439026313543-0.95481433854569i|1.1003112728857-0.529881981809555i|0.271754442143171+1.19063400550346i|-1.22125337743065+1.49365657569925e-18i|-0.256164060568812-1.12232808080609i|1.15119083860713+1.29461370566979e-16i|-0.256164060568812+1.12232808080609i|-1.03718710659951-0.49948298549274i|0.271754442143171-1.19063400550346i|1.10031127288569+0.529881981809555i|-0.761439026313542+0.95481433854569i|0.71775574786475-0.90003723995183i|1.86439523921898-2.39649676513944e-15i|-1.18526293316235+2.75619562635911i|-1.18526293316235-2.75619562635911i,1.042155433527+0i
30,CIP,mint_ets,0.11900736839341859,-6181.055361150217,12368.110722300435,12368.129679646407,12383.551038838792,13.300969473082848,13.348182251168046,0.2740186494531796,19.659011676834776,0.011706052736432881,,
30,Non CIP,mint_ets,383.94741303889913,-8312.255368066883,16644.510736133765,16644.68547799238,16695.978457928293,381.2265258598833,405.75552525304795,15.445484773479702,88.47496831343022,9.992007221626409e-16,,
30,<aggregated>,mint_ets,397.1081341792762,-8333.656788234248,16687.313576468496,16687.488318327112,16738.78129826302,394.29398204729694,420.46540163724086,15.795604754920339,73.00243851494005,1.237787650154587e-12,,
30,CIP,mint_weather,12.823499611819082,-3414.6247137429177,6857.249427485835,6857.5843557155,6929.293210033837,NA,NA,NA,9.50775037428345,0.3012871534246543,1.44334329431703+0i,1.0120106129171-2.64402122623117e-15i|-0.933210400545691+1.17020882897862i|-0.933210400545691-1.17020882897862i|1.34852810036004-0.649416905882126i|0.333058935828791+1.45922654182644i|-1.49675327128628+1.1900326794264e-16i|0.333058935828791-1.45922654182644i|1.51453284311824+2.40543621851586e-15i|1.34852810036004+0.649416905882126i
30,Non CIP,mint_weather,359.7992988973443,-5528.770668382969,11087.541336765938,11087.924417372482,11164.731103781654,NA,NA,NA,12.520636318666813,0.12944203094131468,3.07915360745135+2.24626361348262e-16i|-14.730492311781-2.24626361348262e-16i,0.997082521465628+0.741737399404671i|-0.94501222809682+0.807031482059617i|-0.576512514273143-1.10090019764478i|1.06042443964846+2.51424710779751e-17i|0.501268760280751+1.13713567979132i|-1.2201681068672+0.235664412400266i|0.041757133166844-1.24201621008644i|1.20158443432401-0.317084801714404i|0.0417571331668841+1.2420162100865i|-1.22016810686724-0.235664412400226i|0.501268760280684-1.13713567979137i|1.20158443432397+0.317084801714422i|-0.576512514273154+1.1009001976448i|-0.945012228096842-0.807031482059625i|0.997082521465635-0.741737399404741i
30,<aggregated>,mint_weather,373.5201223027618,-5552.518713585479,11135.037427170959,11135.420507777502,11212.227194186675,NA,NA,NA,14.694568863539793,0.06536363810362478,0.876699221937381+1.09934605236923i|-1.26686708126594+0.610091031740452i|-0.312890329693768-1.37086210473174i|0.87669922193738-1.09934605236923i|-0.312890329693766+1.37086210473174i|-1.26686708126594-0.610091031740451i|1.40611637804466+7.79809341238585e-16i|1.98119185117169-4.90391757051047e-16i|-1.31329908737041+2.94304771058534i|-1.31329908737041-2.94304771058534i,1.05278227481883+0i
32,CIP,arima_weather,22.53036812555931,-3772.994670568426,7575.989341136852,7576.372116256469,7653.190923828642,NA,NA,NA,11.990684042393408,0.15162002215878612,0.953419971718211+0.782503987056946i|-0.97504088093472+0.755392224435238i|-0.519485956775848-1.11868515362628i|1.04887518262289+7.79917815222573e-16i|0.550729075816042+1.10363926048415i|-1.19851746833318+0.291338309069373i|-0.0173386229831323-1.23329700574689i|1.20623388149263-0.25753049405926i|-0.0173386229831358+1.23329700574689i|-1.19851746833318-0.291338309069386i|0.550729075816044-1.10363926048414i|1.20623388149262+0.257530494059274i|-0.519485956775852+1.11868515362627i|-0.975040880934716-0.75539222443523i|0.953419971718218-0.782503987056957i,1.07345627663669+0i
32,Non CIP,arima_weather,670.1297878780349,-5923.03237070174,11878.06474140348,11878.499246195812,11960.400492886909,NA,NA,NA,33.60237861215937,4.7948689153920476e-5,0.705492251383793+0.884659301763642i|-1.01946584073752+0.490948873640469i|-1.01946584073752-0.490948873640468i|1.0884549950977-0.524172299353333i|0.26882618335353+1.17780446548062i|-1.20809390188119-7.91401940861006e-17i|-0.251787269348849-1.10315210553819i|1.0996727733778-3.71331238622317e-16i|-0.251787269348847+1.1031521055382i|-0.753234227510646+0.944525846268355i|0.268826183353524-1.17780446548062i|1.13152171740505+2.07561704720632e-15i|1.08845499509771+0.524172299353328i|-0.753234227510646-0.944525846268353i|0.705492251383798-0.884659301763642i,1.01175555332133+6.72084247699335e-24i|1.36826029781062-6.40378350196692e-24i|-6.1751076900372-3.17058975026429e-25i
32,<aggregated>,arima_weather,700.482725170666,-5950.780097855273,11933.560195710546,11933.994700502879,12015.895947193976,NA,NA,NA,30.46968193636021,1.7454260448634962e-4,-1.21252649200744-1.75393788898968e-17i|3.09912403742322+1.75393788898968e-17i,0.966381475081381+0.708679609494712i|-0.9059516404837+0.784456225291722i|-0.563195064762005-1.05779547329423i|0.966381475081381-0.708679609494712i|0.47587142369732+1.09984832245284i|-1.17816418236988+0.219201057649728i|0.0484609647323257-1.1974019705977i|1.10726140741773-7.32459565039539e-16i|0.0484609647323259+1.1974019705977i|-1.17816418236988-0.219201057649728i|0.47587142369732-1.09984832245284i|1.15659702410456+0.313692951987335i|-0.563195064762005+1.05779547329423i|-0.905951640483697-0.78445622529173i|1.15659702410456-0.313692951987332i|-1.28659840804654+6.2894083533386e-15i
32,CIP,base_arima,23.81023995339624,-3812.681522797496,7637.363045594992,7637.4295539085315,7668.243678671708,NA,NA,NA,12.050083587954218,0.1489832270025211,0.631180455009296+1.18330682585182i|-1.08209153011579+0.792263675391558i|-0.531611953039401-1.23125648923322i|1.02619553650755+4.95099949886336e-14i|1.01318798885459+0.878665983257609i|-1.29408971754186+0.352044903166741i|-0.0552563498679137-1.33998154714627i|1.31868110670119-0.244302987543666i|-0.0552563498679482+1.33998154714628i|-1.29408971754186-0.352044903166776i|0.631180455009331-1.18330682585182i|1.31868110670118+0.24430298754367i|-0.531611953039426+1.2312564892332i|-1.08209153011576-0.792263675391581i|1.01318798885461-0.878665983257584i,1.06066257059478+0i
32,Non CIP,base_arima,725.8896338912797,-5978.054348173124,11970.108696346248,11970.197514744345,12006.130587620248,NA,NA,NA,36.52176189120883,1.4089506879755298e-5,-1.27468822951486+0i,0.93429648274362+0.681048457584567i|-0.871873676779786+0.759324180428834i|-0.546276193045694-1.01897950919384i|0.934296482743623-0.681048457584568i|0.456072624915363+1.06241925813129i|-1.13726789563978+0.208227406439467i|0.0500592036772255-1.15508917204371i|1.11498945412904-0.305835636292513i|0.0500592036772239+1.15508917204371i|-1.13726789563977-0.208227406439474i|0.456072624915364-1.06241925813129i|1.11513814125701+3.89617574840239e-15i|-0.546276193045696+1.01897950919384i|-0.871873676779781-0.759324180428835i|1.11498945412904+0.305835636292515i|-1.84286856746586+0.160657614798847i|-1.84286856746586-0.160657614798848i
32,<aggregated>,base_arima,757.6233392114914,-6005.216301361121,12024.432602722241,12024.521421120338,12060.454493996242,NA,NA,NA,36.99588583266219,1.1528969809160294e-5,-1.29130302867781+0i,0.935271202906085+0.680615567100675i|-0.871668535405015+0.760370789516563i|-0.547342209708771-1.01901240357333i|0.935271202906084-0.680615567100674i|0.455433692258801+1.06327321282946i|-1.13795826401928+0.20741447036159i|0.0510053791669542-1.15558133615129i|1.11036611601444-2.29617765040776e-15i|0.051005379166955+1.15558133615129i|-1.13795826401929-0.207414470361587i|0.455433692258801-1.06327321282946i|1.11525873480123+0.306867606004151i|-0.54734220970877+1.01901240357333i|-0.871668535405018-0.760370789516562i|1.11525873480123-0.306867606004152i|-1.81753954134666+0.316307536821078i|-1.81753954134666-0.316307536821077i
32,CIP,base_ets,0.06607125066950678,-6533.857868333316,13087.715736666632,13087.89047852525,13139.183458461159,23.183628624823445,23.196531912447366,0.20230819692186144,17.359174014720377,0.02657891241933885,,
32,Non CIP,base_ets,719.2159605483272,-8710.816976960994,17441.633953921988,17441.808695780604,17493.101675716513,714.1191545286944,781.9763939904933,21.000588857335263,73.30316095145905,1.077804512306102e-12,,
32,<aggregated>,base_ets,745.9419989264471,-8733.985696660728,17487.971393321455,17488.14613518007,17539.43911511598,740.6557957844486,810.8544572534364,21.344990645301703,76.32759126901516,2.673417043297377e-13,,
32,CIP,mint_arima,23.81023995339624,-3812.681522797496,7637.363045594992,7637.4295539085315,7668.243678671708,NA,NA,NA,12.050083587954218,0.1489832270025211,0.631180455009296+1.18330682585182i|-1.08209153011579+0.792263675391558i|-0.531611953039401-1.23125648923322i|1.02619553650755+4.95099949886336e-14i|1.01318798885459+0.878665983257609i|-1.29408971754186+0.352044903166741i|-0.0552563498679137-1.33998154714627i|1.31868110670119-0.244302987543666i|-0.0552563498679482+1.33998154714628i|-1.29408971754186-0.352044903166776i|0.631180455009331-1.18330682585182i|1.31868110670118+0.24430298754367i|-0.531611953039426+1.2312564892332i|-1.08209153011576-0.792263675391581i|1.01318798885461-0.878665983257584i,1.06066257059478+0i
32,Non CIP,mint_arima,725.8896338912797,-5978.054348173124,11970.108696346248,11970.197514744345,12006.130587620248,NA,NA,NA,36.52176189120883,1.4089506879755298e-5,-1.27468822951486+0i,0.93429648274362+0.681048457584567i|-0.871873676779786+0.759324180428834i|-0.546276193045694-1.01897950919384i|0.934296482743623-0.681048457584568i|0.456072624915363+1.06241925813129i|-1.13726789563978+0.208227406439467i|0.0500592036772255-1.15508917204371i|1.11498945412904-0.305835636292513i|0.0500592036772239+1.15508917204371i|-1.13726789563977-0.208227406439474i|0.456072624915364-1.06241925813129i|1.11513814125701+3.89617574840239e-15i|-0.546276193045696+1.01897950919384i|-0.871873676779781-0.759324180428835i|1.11498945412904+0.305835636292515i|-1.84286856746586+0.160657614798847i|-1.84286856746586-0.160657614798848i
32,<aggregated>,mint_arima,757.6233392114914,-6005.216301361121,12024.432602722241,12024.521421120338,12060.454493996242,NA,NA,NA,36.99588583266219,1.1528969809160294e-5,-1.29130302867781+0i,0.935271202906085+0.680615567100675i|-0.871668535405015+0.760370789516563i|-0.547342209708771-1.01901240357333i|0.935271202906084-0.680615567100674i|0.455433692258801+1.06327321282946i|-1.13795826401928+0.20741447036159i|0.0510053791669542-1.15558133615129i|1.11036611601444-2.29617765040776e-15i|0.051005379166955+1.15558133615129i|-1.13795826401929-0.207414470361587i|0.455433692258801-1.06327321282946i|1.11525873480123+0.306867606004151i|-0.54734220970877+1.01901240357333i|-0.871668535405018-0.760370789516562i|1.11525873480123-0.306867606004152i|-1.81753954134666+0.316307536821078i|-1.81753954134666-0.316307536821077i
32,CIP,mint_ets,0.06607125066950678,-6533.857868333316,13087.715736666632,13087.89047852525,13139.183458461159,23.183628624823445,23.196531912447366,0.20230819692186144,17.359174014720377,0.02657891241933885,,
32,Non CIP,mint_ets,719.2159605483272,-8710.816976960994,17441.633953921988,17441.808695780604,17493.101675716513,714.1191545286944,781.9763939904933,21.000588857335263,73.30316095145905,1.077804512306102e-12,,
32,<aggregated>,mint_ets,745.9419989264471,-8733.985696660728,17487.971393321455,17488.14613518007,17539.43911511598,740.6557957844486,810.8544572534364,21.344990645301703,76.32759126901516,2.673417043297377e-13,,
32,CIP,mint_weather,22.53036812555931,-3772.994670568426,7575.989341136852,7576.372116256469,7653.190923828642,NA,NA,NA,11.990684042393408,0.15162002215878612,0.953419971718211+0.782503987056946i|-0.97504088093472+0.755392224435238i|-0.519485956775848-1.11868515362628i|1.04887518262289+7.79917815222573e-16i|0.550729075816042+1.10363926048415i|-1.19851746833318+0.291338309069373i|-0.0173386229831323-1.23329700574689i|1.20623388149263-0.25753049405926i|-0.0173386229831358+1.23329700574689i|-1.19851746833318-0.291338309069386i|0.550729075816044-1.10363926048414i|1.20623388149262+0.257530494059274i|-0.519485956775852+1.11868515362627i|-0.975040880934716-0.75539222443523i|0.953419971718218-0.782503987056957i,1.07345627663669+0i
32,Non CIP,mint_weather,670.1297878780349,-5923.03237070174,11878.06474140348,11878.499246195812,11960.400492886909,NA,NA,NA,33.60237861215937,4.7948689153920476e-5,0.705492251383793+0.884659301763642i|-1.01946584073752+0.490948873640469i|-1.01946584073752-0.490948873640468i|1.0884549950977-0.524172299353333i|0.26882618335353+1.17780446548062i|-1.20809390188119-7.91401940861006e-17i|-0.251787269348849-1.10315210553819i|1.0996727733778-3.71331238622317e-16i|-0.251787269348847+1.1031521055382i|-0.753234227510646+0.944525846268355i|0.268826183353524-1.17780446548062i|1.13152171740505+2.07561704720632e-15i|1.08845499509771+0.524172299353328i|-0.753234227510646-0.944525846268353i|0.705492251383798-0.884659301763642i,1.01175555332133+6.72084247699335e-24i|1.36826029781062-6.40378350196692e-24i|-6.1751076900372-3.17058975026429e-25i
32,<aggregated>,mint_weather,700.482725170666,-5950.780097855273,11933.560195710546,11933.994700502879,12015.895947193976,NA,NA,NA,30.46968193636021,1.7454260448634962e-4,-1.21252649200744-1.75393788898968e-17i|3.09912403742322+1.75393788898968e-17i,0.966381475081381+0.708679609494712i|-0.9059516404837+0.784456225291722i|-0.563195064762005-1.05779547329423i|0.966381475081381-0.708679609494712i|0.47587142369732+1.09984832245284i|-1.17816418236988+0.219201057649728i|0.0484609647323257-1.1974019705977i|1.10726140741773-7.32459565039539e-16i|0.0484609647323259+1.1974019705977i|-1.17816418236988-0.219201057649728i|0.47587142369732-1.09984832245284i|1.15659702410456+0.313692951987335i|-0.563195064762005+1.05779547329423i|-0.905951640483697-0.78445622529173i|1.15659702410456-0.313692951987332i|-1.28659840804654+6.2894083533386e-15i
33,CIP,arima_weather,15.72429352315144,-3543.5212808357405,7115.042561671481,7115.377489901146,7187.086344219482,NA,NA,NA,5.8070672370345,0.6688330400924238,0.915461244266284+0.440862899740601i|-0.633518837477471+0.794407495358937i|-0.633518837477475-0.794407495358936i|0.915461244266285-0.440862899740602i|0.226100255327587+0.99060994375287i|-1.0160853242328+1.8328062002292e-15i|0.226100255327586-0.990609943752872i|17.3109713053072+1.34314510778894e-16i,0.913733467166685+0.440030846142478i|-0.63232317862636+0.792908186582264i|-0.63232317862636-0.792908186582264i|0.913733467166686-0.440030846142478i|0.225673529624215+0.988740336288687i|-1.01416763632908+7.02488892387722e-16i|0.225673529624216-0.988740336288689i|1.04018177014229+1.78408579614651e-15i
33,Non CIP,arima_weather,493.4337878277674,-5729.3107889665625,11488.621577933125,11489.004658539669,11565.811344948841,NA,NA,NA,22.91324833119531,0.00347742920866001,0.639577625503413+0.80200497523777i|-0.924216446632576+0.445079182982731i|-0.228262611738479-1.00008384620143i|0.639577625503413-0.80200497523777i|-0.228262611738479+1.00008384620143i|-0.924216446632576-0.445079182982731i|1.02580286573528-1.74366682041083e-15i|1.11668717197176+1.74366682041083e-15i,0.650839918504483+0.816127443972245i|-0.940490931547819+0.452916561852078i|-0.232282077573551-1.01769427666746i|1.04386618123393-5.70681367604444e-14i|-0.232282077573551+1.01769427666746i|-0.940490931547819-0.452916561852079i|0.650839918504484-0.816127443972247i|1.01298427324766+5.53769250473779e-14i|1.48926244440698+3.88820692287732e-15i
33,<aggregated>,arima_weather,503.34249638415025,-5741.937314623148,11513.874629246297,11514.25770985284,11591.064396262012,NA,NA,NA,23.05859370943133,0.00328982766427377,0.640398066589677+0.803033775819334i|-0.925402018352382+0.445650124231766i|-0.228555423771991-1.00136673954292i|0.640398066589656-0.803033775819286i|-0.228555423772009+1.00136673954293i|-0.925402018352373-0.445650124231775i|1.02711875106947-2.69322689307595e-13i|1.12879762479057+2.17407115024451e-13i,0.652921683755822+0.81873789502975i|-0.943499169495169+0.454365252894856i|-0.233025050989676-1.02094945589267i|1.0472050734589-9.05962993452428e-13i|-0.233025050989676+1.02094945589267i|-0.943499169495169-0.454365252894858i|0.652921683755815-0.818737895029766i|1.01347453725181+8.80322184879177e-13i|1.52684221587991+4.65657366925445e-14i
33,CIP,base_arima,15.922614249085461,-3555.895838560806,7121.791677121612,7121.839183059855,7147.521599460184,NA,NA,NA,5.96368496807874,0.6512998567435656,0.917514977294561+0.441851925440828i|-0.634940064830036+0.796189658089852i|-0.634940064830038-0.796189658089853i|0.917514977294563-0.441851925440826i|0.226607485497052+0.992832264328828i|-1.01836479592315+1.30033627446861e-15i|0.226607485497052-0.99283226432883i|16.7781809376577+0i,0.915706809340646+0.44098115764768i|-0.633688773781613+0.794620588744257i|-0.633688773781613-0.794620588744257i|0.915706809340646-0.44098115764768i|0.226160904892339+0.990875666858053i|-1.01635788090274+1.76762689432937e-15i|0.226160904892338-0.990875666858057i|1.05026851745756+1.82879584494823e-15i
33,Non CIP,base_arima,517.4924362197075,-5764.756066542701,11537.512133085402,11537.543778655023,11558.096070956259,NA,NA,NA,22.64202779715856,0.0038555660328992714,0.822379393041111+1.03123114138468i|-1.18837265425298+0.572290107973171i|-0.293503807216076-1.28592420002498i|0.822379393041111-1.03123114138468i|-0.293503807216076+1.28592420002498i|-1.18837265425298-0.57229010797317i|1.31899413685589+1.72755570963314e-16i|5.23247330157246+7.94166964858823e-17i,1.11918693246051+0i
33,<aggregated>,base_arima,528.964212702918,-5778.6705525997095,11565.341105199419,11565.37275076904,11585.925043070276,NA,NA,NA,23.782248582809444,0.002492526424658026,0.8180550182912+1.0258085469631i|-1.18212375168682+0.569280795101904i|-0.291960455736615-1.27916233538204i|0.8180550182912-1.0258085469631i|-0.291960455736615+1.27916233538204i|-1.18212375168682-0.569280795101904i|1.31205837826446+1.28824139412629e-16i|4.90682392871008+2.13040429401071e-16i,1.11556926906114+0i
33,CIP,base_ets,15.94221206755097,-6295.495774082151,12596.991548164302,12597.010505510274,12612.43186470266,15.917106221775304,16.02338696737236,3.1531173173071956,9.71471149356342,0.28562308870865494,,
33,Non CIP,base_ets,520.6981468705086,-8505.71758162691,17031.43516325382,17031.609905112437,17082.902885048345,517.00816000292,547.503639946291,17.876999170925497,50.401109751608764,3.42184385271338e-8,,
33,<aggregated>,base_ets,533.2920821088818,-8520.893300119547,17061.786600239095,17061.96134209771,17113.254322033623,529.5128468813386,561.5501412175015,18.076891289585557,52.04085683472145,1.6528052038111696e-8,,
33,CIP,mint_arima,15.922614249085461,-3555.895838560806,7121.791677121612,7121.839183059855,7147.521599460184,NA,NA,NA,5.96368496807874,0.6512998567435656,0.917514977294561+0.441851925440828i|-0.634940064830036+0.796189658089852i|-0.634940064830038-0.796189658089853i|0.917514977294563-0.441851925440826i|0.226607485497052+0.992832264328828i|-1.01836479592315+1.30033627446861e-15i|0.226607485497052-0.99283226432883i|16.7781809376577+0i,0.915706809340646+0.44098115764768i|-0.633688773781613+0.794620588744257i|-0.633688773781613-0.794620588744257i|0.915706809340646-0.44098115764768i|0.226160904892339+0.990875666858053i|-1.01635788090274+1.76762689432937e-15i|0.226160904892338-0.990875666858057i|1.05026851745756+1.82879584494823e-15i
33,Non CIP,mint_arima,517.4924362197075,-5764.756066542701,11537.512133085402,11537.543778655023,11558.096070956259,NA,NA,NA,22.64202779715856,0.0038555660328992714,0.822379393041111+1.03123114138468i|-1.18837265425298+0.572290107973171i|-0.293503807216076-1.28592420002498i|0.822379393041111-1.03123114138468i|-0.293503807216076+1.28592420002498i|-1.18837265425298-0.57229010797317i|1.31899413685589+1.72755570963314e-16i|5.23247330157246+7.94166964858823e-17i,1.11918693246051+0i
33,<aggregated>,mint_arima,528.964212702918,-5778.6705525997095,11565.341105199419,11565.37275076904,11585.925043070276,NA,NA,NA,23.782248582809444,0.002492526424658026,0.8180550182912+1.0258085469631i|-1.18212375168682+0.569280795101904i|-0.291960455736615-1.27916233538204i|0.8180550182912-1.0258085469631i|-0.291960455736615+1.27916233538204i|-1.18212375168682-0.569280795101904i|1.31205837826446+1.28824139412629e-16i|4.90682392871008+2.13040429401071e-16i,1.11556926906114+0i
33,CIP,mint_ets,15.94221206755097,-6295.495774082151,12596.991548164302,12597.010505510274,12612.43186470266,15.917106221775304,16.02338696737236,3.1531173173071956,9.71471149356342,0.28562308870865494,,
33,Non CIP,mint_ets,520.6981468705086,-8505.71758162691,17031.43516325382,17031.609905112437,17082.902885048345,517.00816000292,547.503639946291,17.876999170925497,50.401109751608764,3.42184385271338e-8,,
33,<aggregated>,mint_ets,533.2920821088818,-8520.893300119547,17061.786600239095,17061.96134209771,17113.254322033623,529.5128468813386,561.5501412175015,18.076891289585557,52.04085683472145,1.6528052038111696e-8,,
33,CIP,mint_weather,15.72429352315144,-3543.5212808357405,7115.042561671481,7115.377489901146,7187.086344219482,NA,NA,NA,5.8070672370345,0.6688330400924238,0.915461244266284+0.440862899740601i|-0.633518837477471+0.794407495358937i|-0.633518837477475-0.794407495358936i|0.915461244266285-0.440862899740602i|0.226100255327587+0.99060994375287i|-1.0160853242328+1.8328062002292e-15i|0.226100255327586-0.990609943752872i|17.3109713053072+1.34314510778894e-16i,0.913733467166685+0.440030846142478i|-0.63232317862636+0.792908186582264i|-0.63232317862636-0.792908186582264i|0.913733467166686-0.440030846142478i|0.225673529624215+0.988740336288687i|-1.01416763632908+7.02488892387722e-16i|0.225673529624216-0.988740336288689i|1.04018177014229+1.78408579614651e-15i
33,Non CIP,mint_weather,493.4337878277674,-5729.3107889665625,11488.621577933125,11489.004658539669,11565.811344948841,NA,NA,NA,22.91324833119531,0.00347742920866001,0.639577625503413+0.80200497523777i|-0.924216446632576+0.445079182982731i|-0.228262611738479-1.00008384620143i|0.639577625503413-0.80200497523777i|-0.228262611738479+1.00008384620143i|-0.924216446632576-0.445079182982731i|1.02580286573528-1.74366682041083e-15i|1.11668717197176+1.74366682041083e-15i,0.650839918504483+0.816127443972245i|-0.940490931547819+0.452916561852078i|-0.232282077573551-1.01769427666746i|1.04386618123393-5.70681367604444e-14i|-0.232282077573551+1.01769427666746i|-0.940490931547819-0.452916561852079i|0.650839918504484-0.816127443972247i|1.01298427324766+5.53769250473779e-14i|1.48926244440698+3.88820692287732e-15i
33,<aggregated>,mint_weather,503.34249638415025,-5741.937314623148,11513.874629246297,11514.25770985284,11591.064396262012,NA,NA,NA,23.05859370943133,0.00328982766427377,0.640398066589677+0.803033775819334i|-0.925402018352382+0.445650124231766i|-0.228555423771991-1.00136673954292i|0.640398066589656-0.803033775819286i|-0.228555423772009+1.00136673954293i|-0.925402018352373-0.445650124231775i|1.02711875106947-2.69322689307595e-13i|1.12879762479057+2.17407115024451e-13i,0.652921683755822+0.81873789502975i|-0.943499169495169+0.454365252894856i|-0.233025050989676-1.02094945589267i|1.0472050734589-9.05962993452428e-13i|-0.233025050989676+1.02094945589267i|-0.943499169495169-0.454365252894858i|0.652921683755815-0.818737895029766i|1.01347453725181+8.80322184879177e-13i|1.52684221587991+4.65657366925445e-14i
34,CIP,arima_weather,20.9517928911287,-3727.2388914569033,7478.477782913807,7478.726190557119,7540.229596526379,NA,NA,NA,11.063425904151694,0.19813123642996033,1.15514462121452+1.44850553926738i|-1.66923234114902+0.803859928390066i|-0.412266342129391-1.80625686333821i|1.1551446212145-1.44850553926741i|-0.41226634212935+1.80625686333822i|-1.66923234114904-0.80385992839003i|1.85270812412779-1.66375459056952e-14i,1.0125884005341+0i
34,Non CIP,arima_weather,656.3354081465523,-5909.929231172873,11851.858462345746,11852.292967138079,11934.194213829176,NA,NA,NA,19.153055082985638,0.014062193953750968,0.631222111192788+0.791527491691473i|-0.912142378625779+0.439264618284902i|-0.225280563206903-0.987018637920913i|0.631222111192788-0.791527491691473i|-0.225280563206903+0.987018637920913i|-0.912142378625779-0.439264618284902i|1.01240166127979-1.9881526103613e-15i|1.42598714427386+3.19973535616361e-15i|-0.453535121345793+1.98706719899706i|-1.83632621689933+0.884328097909565i|-0.45353512134579-1.98706719899706i|2.03816833446704+6.84428098544341e-16i|1.2707771710116+1.59350417045576i|-1.83632621689933-0.884328097909568i|1.2707771710116-1.59350417045576i,0.638749244865135+0.800966218772882i|-0.923019401927696+0.444502716635283i|-0.227966966111636-0.998788538076487i|1.02447424634856+1.81452132643766e-14i|-0.227966966111636+0.998788538076487i|-0.923019401927714-0.444502716635296i|0.638749244865202-0.800966218772916i|1.02330595988328+2.4509795395821e-14i|3.16118160013509+4.09670856023184e-15i
34,<aggregated>,arima_weather,679.8439379636865,-5932.316273020671,11896.632546041343,11897.067050833675,11978.968297524772,NA,NA,NA,9.997822070312118,0.2651788108284384,0.630225165615493+0.790277361478737i|-0.910701750526558+0.438570848357176i|-0.224924757449871-0.985459751043629i|0.630225165615468-0.790277361478766i|-0.224924757449853+0.985459751043646i|-0.910701750526554-0.438570848357167i|1.01080268472197+7.88733663074509e-14i|1.13525006731591-7.55442224834261e-14i,0.63759549338397+0.799519460175982i|-0.921352182732246+0.443699826186766i|-0.227555196975434-0.996984459614648i|1.0226237726474+2.99760216648792e-14i|-0.921352182732246-0.443699826186766i|0.63759549338397-0.799519460175981i|1.01158932635737-2.94795451870534e-14i|-0.227555196975434+0.996984459614649i|1.46796159396105-1.22821671099168e-15i|-5.24876285236014+8.96726925297578e-17i
34,CIP,base_arima,22.287018674437256,-3768.5003501536726,7551.000700307345,7551.089518705442,7587.022591581346,NA,NA,NA,6.687791150713197,0.5706613218901216,1.83212231193782-1.32348898008484e-22i|16.9195883986106+1.32348898008484e-22i,0.941485098943713+0.733271549437605i|-0.924387044278443+0.754711831839042i|-0.530094162083801-1.06914991281501i|1.02851761568173-1.6439005799657e-15i|0.505386757232627+1.08104837188794i|-1.16640336540083+0.252159762708689i|0.0137115752449337-1.19327002369622i|1.16030114034176-0.278895357561314i|0.013711575244943+1.19327002369622i|-1.16640336540082-0.252159762708687i|0.50538675723264-1.08104837188793i|1.16030114034184+0.278895357561247i|-0.530094162083801+1.06914991281502i|-0.924387044278446-0.754711831839037i|0.941485098943673-0.733271549437564i|1.79560039099847+3.04428477061779e-15i
34,Non CIP,base_arima,658.7760878670489,-5917.485624159366,11846.971248318732,11847.037809332995,11877.847155125019,NA,NA,NA,19.21740922212294,0.01373919996635986,0.62979198756961+0.78973417339003i|-0.910075790113976+0.438269401710104i|-0.22477015799521-0.984782406576047i|0.629791987569595-0.789734173390028i|-0.224770157995204+0.984782406576054i|-0.910075790113978-0.438269401710097i|1.01010792107915-2.0312653526337e-14i|1.43637686150352+5.17019689693917e-15i,0.637717793238435+0.799672819342782i|-0.921528911142388+0.443784934103512i|-0.227598845288136-0.997175695367692i|1.02281992638416+1.47230294845335e-13i|-0.227598845288136+0.997175695367692i|-0.921528911142404-0.443784934103525i|0.6377177932385-0.79967281934281i|1.02149749629664-1.03255471122117e-13i|3.2649988965902-3.85249939566095e-15i
34,<aggregated>,base_arima,690.2278356905271,-5946.628973515157,11907.257947030314,11907.34676542841,11943.279838304314,NA,NA,NA,20.49569811752701,0.008614832785311388,0.629745788331286+0.789676241377565i|-0.910009030280352+0.438237251868669i|-0.224753669677958-0.984710166538095i|0.629745788331286-0.789676241377565i|-0.224753669677958+0.984710166538095i|-0.910009030280352-0.438237251868669i|1.01003382325405-4.36056779867638e-18i|1.3912467393128+1.70000792418641e-16i,0.638208919178+0.800288671791794i|-0.922238608687477+0.444126706428257i|-0.227774126106581-0.997943650810509i|1.02360763122885-3.61609385081505e-13i|-0.227774126106583+0.997943650810511i|-0.922238608687478-0.444126706428256i|0.638208919177988-0.800288671791788i|1.01916239794705+3.52781985545091e-13i|-0.489080901615807+2.14280343796287i|-1.98024814298143+0.953637244600598i|-0.489080901615805-2.14280343796287i|2.19790962099694+1.3992479024389e-14i|1.37037423409877+1.71839493731477i|-1.98024814298143-0.953637244600601i|1.37037423409878-1.71839493731477i|2.90979691693197-7.12907776832281e-15i
34,CIP,base_ets,0.07864625443418263,-6467.639184227053,12955.278368454106,12955.453110312725,13006.746090248633,21.420489750200552,21.448729414098583,0.22409536514195483,11.272201976832921,0.18674769840871086,,
34,Non CIP,base_ets,0.015765700011850754,-8701.180681324071,17422.361362648142,17422.53610450676,17473.829084442666,707.5861018416487,795.3239823755423,0.09780742031663042,79.67321762641774,5.684341886080802e-14,,
34,<aggregated>,base_ets,0.014216712864029646,-8730.475446439781,17480.950892879562,17481.12563473818,17532.41861467409,737.4181653944003,824.8167740526394,0.09276663921216433,73.53245571894038,9.698908343125368e-13,,
34,CIP,mint_arima,22.287018674437256,-3768.5003501536726,7551.000700307345,7551.089518705442,7587.022591581346,NA,NA,NA,6.687791150713197,0.5706613218901216,1.83212231193782-1.32348898008484e-22i|16.9195883986106+1.32348898008484e-22i,0.941485098943713+0.733271549437605i|-0.924387044278443+0.754711831839042i|-0.530094162083801-1.06914991281501i|1.02851761568173-1.6439005799657e-15i|0.505386757232627+1.08104837188794i|-1.16640336540083+0.252159762708689i|0.0137115752449337-1.19327002369622i|1.16030114034176-0.278895357561314i|0.013711575244943+1.19327002369622i|-1.16640336540082-0.252159762708687i|0.50538675723264-1.08104837188793i|1.16030114034184+0.278895357561247i|-0.530094162083801+1.06914991281502i|-0.924387044278446-0.754711831839037i|0.941485098943673-0.733271549437564i|1.79560039099847+3.04428477061779e-15i
34,Non CIP,mint_arima,658.7760878670489,-5917.485624159366,11846.971248318732,11847.037809332995,11877.847155125019,NA,NA,NA,19.21740922212294,0.01373919996635986,0.62979198756961+0.78973417339003i|-0.910075790113976+0.438269401710104i|-0.22477015799521-0.984782406576047i|0.629791987569595-0.789734173390028i|-0.224770157995204+0.984782406576054i|-0.910075790113978-0.438269401710097i|1.01010792107915-2.0312653526337e-14i|1.43637686150352+5.17019689693917e-15i,0.637717793238435+0.799672819342782i|-0.921528911142388+0.443784934103512i|-0.227598845288136-0.997175695367692i|1.02281992638416+1.47230294845335e-13i|-0.227598845288136+0.997175695367692i|-0.921528911142404-0.443784934103525i|0.6377177932385-0.79967281934281i|1.02149749629664-1.03255471122117e-13i|3.2649988965902-3.85249939566095e-15i
34,<aggregated>,mint_arima,690.2278356905271,-5946.628973515157,11907.257947030314,11907.34676542841,11943.279838304314,NA,NA,NA,20.49569811752701,0.008614832785311388,0.629745788331286+0.789676241377565i|-0.910009030280352+0.438237251868669i|-0.224753669677958-0.984710166538095i|0.629745788331286-0.789676241377565i|-0.224753669677958+0.984710166538095i|-0.910009030280352-0.438237251868669i|1.01003382325405-4.36056779867638e-18i|1.3912467393128+1.70000792418641e-16i,0.638208919178+0.800288671791794i|-0.922238608687477+0.444126706428257i|-0.227774126106581-0.997943650810509i|1.02360763122885-3.61609385081505e-13i|-0.227774126106583+0.997943650810511i|-0.922238608687478-0.444126706428256i|0.638208919177988-0.800288671791788i|1.01916239794705+3.52781985545091e-13i|-0.489080901615807+2.14280343796287i|-1.98024814298143+0.953637244600598i|-0.489080901615805-2.14280343796287i|2.19790962099694+1.3992479024389e-14i|1.37037423409877+1.71839493731477i|-1.98024814298143-0.953637244600601i|1.37037423409878-1.71839493731477i|2.90979691693197-7.12907776832281e-15i
34,CIP,mint_ets,0.07864625443418263,-6467.639184227053,12955.278368454106,12955.453110312725,13006.746090248633,21.420489750200552,21.448729414098583,0.22409536514195483,11.272201976832921,0.18674769840871086,,
34,Non CIP,mint_ets,0.015765700011850754,-8701.180681324071,17422.361362648142,17422.53610450676,17473.829084442666,707.5861018416487,795.3239823755423,0.09780742031663042,79.67321762641774,5.684341886080802e-14,,
34,<aggregated>,mint_ets,0.014216712864029646,-8730.475446439781,17480.950892879562,17481.12563473818,17532.41861467409,737.4181653944003,824.8167740526394,0.09276663921216433,73.53245571894038,9.698908343125368e-13,,
34,CIP,mint_weather,20.9517928911287,-3727.2388914569033,7478.477782913807,7478.726190557119,7540.229596526379,NA,NA,NA,11.063425904151694,0.19813123642996033,1.15514462121452+1.44850553926738i|-1.66923234114902+0.803859928390066i|-0.412266342129391-1.80625686333821i|1.1551446212145-1.44850553926741i|-0.41226634212935+1.80625686333822i|-1.66923234114904-0.80385992839003i|1.85270812412779-1.66375459056952e-14i,1.0125884005341+0i
34,Non CIP,mint_weather,656.3354081465523,-5909.929231172873,11851.858462345746,11852.292967138079,11934.194213829176,NA,NA,NA,19.153055082985638,0.014062193953750968,0.631222111192788+0.791527491691473i|-0.912142378625779+0.439264618284902i|-0.225280563206903-0.987018637920913i|0.631222111192788-0.791527491691473i|-0.225280563206903+0.987018637920913i|-0.912142378625779-0.439264618284902i|1.01240166127979-1.9881526103613e-15i|1.42598714427386+3.19973535616361e-15i|-0.453535121345793+1.98706719899706i|-1.83632621689933+0.884328097909565i|-0.45353512134579-1.98706719899706i|2.03816833446704+6.84428098544341e-16i|1.2707771710116+1.59350417045576i|-1.83632621689933-0.884328097909568i|1.2707771710116-1.59350417045576i,0.638749244865135+0.800966218772882i|-0.923019401927696+0.444502716635283i|-0.227966966111636-0.998788538076487i|1.02447424634856+1.81452132643766e-14i|-0.227966966111636+0.998788538076487i|-0.923019401927714-0.444502716635296i|0.638749244865202-0.800966218772916i|1.02330595988328+2.4509795395821e-14i|3.16118160013509+4.09670856023184e-15i
34,<aggregated>,mint_weather,679.8439379636865,-5932.316273020671,11896.632546041343,11897.067050833675,11978.968297524772,NA,NA,NA,9.997822070312118,0.2651788108284384,0.630225165615493+0.790277361478737i|-0.910701750526558+0.438570848357176i|-0.224924757449871-0.985459751043629i|0.630225165615468-0.790277361478766i|-0.224924757449853+0.985459751043646i|-0.910701750526554-0.438570848357167i|1.01080268472197+7.88733663074509e-14i|1.13525006731591-7.55442224834261e-14i,0.63759549338397+0.799519460175982i|-0.921352182732246+0.443699826186766i|-0.227555196975434-0.996984459614648i|1.0226237726474+2.99760216648792e-14i|-0.921352182732246-0.443699826186766i|0.63759549338397-0.799519460175981i|1.01158932635737-2.94795451870534e-14i|-0.227555196975434+0.996984459614649i|1.46796159396105-1.22821671099168e-15i|-5.24876285236014+8.96726925297578e-17i
<aggregated>,CIP,arima_weather,727.1189467697553,-5975.066553481014,11980.133106962028,11980.516187568572,12057.322873977744,NA,NA,NA,10.923802476528646,0.2060541512512556,,1.08496281195607+3.68095372586097e-23i|-1.82895135417782+1.38217516562478i|-1.82895135417782-1.38217516562478i|0.953341585087746-1.59290135373684i|0.953341585087746+1.59290135373684i
<aggregated>,Non CIP,arima_weather,54043.21188521316,-8708.133834787839,17448.267669575678,17448.70217436801,17530.60342105911,NA,NA,NA,54.257500616464156,6.15341111398493e-9,,0.960757130130063+0.69281209548634i|-0.889230423688542+0.782503748447652i|-0.565012361366976-1.04105902534412i|0.960757130130063-0.69281209548634i|0.461653275885082+1.09083413753535i|-1.16621216635794+0.207345233334744i|0.0573599650132911-1.18311144748143i|1.0937462103522-9.71796876978359e-16i|0.0573599650132917+1.18311144748143i|-1.16621216635794-0.207345233334744i|0.461653275885082-1.09083413753535i|1.14068458038503+0.319188895201205i|-0.565012361366977+1.04105902534412i|-0.889230423688542-0.782503748447652i|1.14068458038503-0.319188895201204i|-0.0935691058740262+2.14885166556712i|-2.23689995271108-9.37119136359531e-17i|-0.0935691058740261-2.14885166556711i
<aggregated>,<aggregated>,arima_weather,57495.086252671856,-8747.415449709637,17526.830899419274,17527.265404211605,17609.166650902705,NA,NA,NA,52.33171915374372,1.45223101322145e-8,,0.964546940307151+0.693751518261005i|-0.890989605273025+0.785989498937967i|-0.568019262085708-1.04354975302807i|0.964546940307151-0.693751518261005i|0.46172583326932+1.09473797049207i|-1.17003426760884+0.206547286998336i|0.0589884027091047-1.18666016091009i|1.09543185335189-1.07357275603041e-15i|0.0589884027091058+1.18666016091009i|-1.17003426760884-0.206547286998335i|0.46172583326932-1.09473797049207i|1.143781958682+0.321566167590593i|-0.568019262085709+1.04354975302807i|-0.890989605273025-0.785989498937967i|1.143781958682-0.321566167590592i|-0.0718538048446513+2.16157399681555i|-2.24227858425142+4.44149560947554e-16i|-0.0718538048446515-2.16157399681555i
<aggregated>,CIP,base_arima,909.2367552067954,-6125.2809061659245,12266.561812331849,12266.676007415117,12307.73598976747,NA,NA,NA,13.392266988841763,0.09904679186292953,1.01253548224073-1.29246970711411e-26i|2.63644629740125+1.29246970711411e-26i,0.943681643817622+0.717705577841774i|-0.909700121306258+0.760317059284418i|-0.53882700259114-1.05607850211155i|0.943681643817622-0.717705577841775i|0.489722279826803+1.07972609025843i|-1.16162856199017+0.237182261799162i|0.0272510652219637-1.18528212708527i|1.11371101979638+3.62560689902148e-15i|0.0272510652219648+1.18528212708527i|-1.16162856199017-0.237182261799161i|0.489722279826803-1.07972609025843i|1.14950069702118+0.290317910042324i|-0.53882700259114+1.05607850211155i|-0.909700121306258-0.760317059284418i|1.14950069702118-0.290317910042326i|6.01804822126759-1.26057669625742e-16i
<aggregated>,Non CIP,base_arima,51521.29979353,-8645.608238827363,17305.216477654725,17305.305720682612,17341.205193511178,NA,NA,NA,10.019616633368726,0.2636517836631671,1.04547887896409+0i|-1.29780729349718+0i|3.1783367385825+0i,0.634625210134878+0.795794842789997i|-0.917059999077751+0.441632819479498i|-0.226495115157363-0.992339937702674i|0.634625210134879-0.795794842789997i|-0.226495115157364+0.992339937702674i|-0.917059999077748-0.441632819479499i|1.01785980820047+1.24627372131094e-15i|1.28831153145702-4.31762948173602e-16i|-1.26828181439614-8.14510773137337e-16i
<aggregated>,<aggregated>,base_arima,55549.456098499984,-8693.292608501786,17400.585217003572,17400.67446003146,17436.573932860025,NA,NA,NA,8.640771500651915,0.37349989811032547,1.04575617427398+4.13590306276514e-25i|-1.03266235212353-2.10013705631559e-25i|3.19006394890332-2.03576600644955e-25i,0.634295234343462+0.795381066235171i|-0.916583170243754+0.441403190815532i|-0.226377348160902-0.99182396677831i|0.634295234343462-0.795381066235171i|-0.226377348160902+0.99182396677831i|-1.01330765246901+6.29086416118189e-16i|-0.916583170243755-0.441403190815532i|1.01733056812239-8.9343908242799e-16i|1.29067760711675+8.11559807046072e-16i
<aggregated>,CIP,base_ets,868.3981726416492,-8830.507275249976,17681.014550499953,17681.18929235857,17732.48227229448,862.2441698434011,927.0394328898949,22.749704388280556,32.70661691034302,6.955264702657171e-5,,
<aggregated>,Non CIP,base_ets,55265.91024268298,-11466.315639445575,22958.63127889115,22958.921087808347,23025.539317224033,54743.71266558678,65665.26625409548,171.68335603571376,93.69868154948404,1.1102230246251565e-16,,
<aggregated>,<aggregated>,base_ets,59732.900166194406,-11515.672089518406,23057.344179036812,23057.63398795401,23124.252217369696,59168.494810293356,70928.62844653346,177.74517635814834,89.57858523997263,5.551115123125783e-16,,
<aggregated>,CIP,mint_arima,909.2367552067954,-6125.2809061659245,12266.561812331849,12266.676007415117,12307.73598976747,NA,NA,NA,13.392266988841763,0.09904679186292953,1.01253548224073-1.29246970711411e-26i|2.63644629740125+1.29246970711411e-26i,0.943681643817622+0.717705577841774i|-0.909700121306258+0.760317059284418i|-0.53882700259114-1.05607850211155i|0.943681643817622-0.717705577841775i|0.489722279826803+1.07972609025843i|-1.16162856199017+0.237182261799162i|0.0272510652219637-1.18528212708527i|1.11371101979638+3.62560689902148e-15i|0.0272510652219648+1.18528212708527i|-1.16162856199017-0.237182261799161i|0.489722279826803-1.07972609025843i|1.14950069702118+0.290317910042324i|-0.53882700259114+1.05607850211155i|-0.909700121306258-0.760317059284418i|1.14950069702118-0.290317910042326i|6.01804822126759-1.26057669625742e-16i
<aggregated>,Non CIP,mint_arima,51521.29979353,-8645.608238827363,17305.216477654725,17305.305720682612,17341.205193511178,NA,NA,NA,10.019616633368726,0.2636517836631671,1.04547887896409+0i|-1.29780729349718+0i|3.1783367385825+0i,0.634625210134878+0.795794842789997i|-0.917059999077751+0.441632819479498i|-0.226495115157363-0.992339937702674i|0.634625210134879-0.795794842789997i|-0.226495115157364+0.992339937702674i|-0.917059999077748-0.441632819479499i|1.01785980820047+1.24627372131094e-15i|1.28831153145702-4.31762948173602e-16i|-1.26828181439614-8.14510773137337e-16i
<aggregated>,<aggregated>,mint_arima,55549.456098499984,-8693.292608501786,17400.585217003572,17400.67446003146,17436.573932860025,NA,NA,NA,8.640771500651915,0.37349989811032547,1.04575617427398+4.13590306276514e-25i|-1.03266235212353-2.10013705631559e-25i|3.19006394890332-2.03576600644955e-25i,0.634295234343462+0.795381066235171i|-0.916583170243754+0.441403190815532i|-0.226377348160902-0.99182396677831i|0.634295234343462-0.795381066235171i|-0.226377348160902+0.99182396677831i|-1.01330765246901+6.29086416118189e-16i|-0.916583170243755-0.441403190815532i|1.01733056812239-8.9343908242799e-16i|1.29067760711675+8.11559807046072e-16i
<aggregated>,CIP,mint_ets,868.3981726416492,-8830.507275249976,17681.014550499953,17681.18929235857,17732.48227229448,862.2441698434011,927.0394328898949,22.749704388280556,32.70661691034302,6.955264702657171e-5,,
<aggregated>,Non CIP,mint_ets,55265.91024268298,-11466.315639445575,22958.63127889115,22958.921087808347,23025.539317224033,54743.71266558678,65665.26625409548,171.68335603571376,93.69868154948404,1.1102230246251565e-16,,
<aggregated>,<aggregated>,mint_ets,59732.900166194406,-11515.672089518406,23057.344179036812,23057.63398795401,23124.252217369696,59168.494810293356,70928.62844653346,177.74517635814834,89.57858523997263,5.551115123125783e-16,,
<aggregated>,CIP,mint_weather,727.1189467697553,-5975.066553481014,11980.133106962028,11980.516187568572,12057.322873977744,NA,NA,NA,10.923802476528646,0.2060541512512556,,1.08496281195607+3.68095372586097e-23i|-1.82895135417782+1.38217516562478i|-1.82895135417782-1.38217516562478i|0.953341585087746-1.59290135373684i|0.953341585087746+1.59290135373684i
<aggregated>,Non CIP,mint_weather,54043.21188521316,-8708.133834787839,17448.267669575678,17448.70217436801,17530.60342105911,NA,NA,NA,54.257500616464156,6.15341111398493e-9,,0.960757130130063+0.69281209548634i|-0.889230423688542+0.782503748447652i|-0.565012361366976-1.04105902534412i|0.960757130130063-0.69281209548634i|0.461653275885082+1.09083413753535i|-1.16621216635794+0.207345233334744i|0.0573599650132911-1.18311144748143i|1.0937462103522-9.71796876978359e-16i|0.0573599650132917+1.18311144748143i|-1.16621216635794-0.207345233334744i|0.461653275885082-1.09083413753535i|1.14068458038503+0.319188895201205i|-0.565012361366977+1.04105902534412i|-0.889230423688542-0.782503748447652i|1.14068458038503-0.319188895201204i|-0.0935691058740262+2.14885166556712i|-2.23689995271108-9.37119136359531e-17i|-0.0935691058740261-2.14885166556711i
<aggregated>,<aggregated>,mint_weather,57495.086252671856,-8747.415449709637,17526.830899419274,17527.265404211605,17609.166650902705,NA,NA,NA,52.33171915374372,1.45223101322145e-8,,0.964546940307151+0.693751518261005i|-0.890989605273025+0.785989498937967i|-0.568019262085708-1.04354975302807i|0.964546940307151-0.693751518261005i|0.46172583326932+1.09473797049207i|-1.17003426760884+0.206547286998336i|0.0589884027091047-1.18666016091009i|1.09543185335189-1.07357275603041e-15i|0.0589884027091058+1.18666016091009i|-1.17003426760884-0.206547286998335i|0.46172583326932-1.09473797049207i|1.143781958682+0.321566167590593i|-0.568019262085709+1.04354975302807i|-0.890989605273025-0.785989498937967i|1.143781958682-0.321566167590592i|-0.0718538048446513+2.16157399681555i|-2.24227858425142+4.44149560947554e-16i|-0.0718538048446515-2.16157399681555i
